# This file is brought to you by Roblox Corporation
# Generated by Roblox Studio

mtllib Fridge.mtl

g Frame1

v 9.93253 0.34678 -24.506 
v 10.2569 0.274508 -24.691 
v 10.3501 0.332817 -24.5466 
v 9.93253 0.34678 -24.506 
v 9.5936 0.296828 -24.627 
v 9.92235 0.285797 -24.6598 
v 9.93253 0.34678 -24.506 
v 9.60366 0.357694 -24.4732 
v 9.5936 0.296828 -24.627 
v 9.60366 0.357694 -24.4732 
v 9.24856 0.369398 -24.4423 
v 9.23862 0.308662 -24.5961 
v 9.24856 0.369398 -24.4423 
v 8.97459 0.317425 -24.5726 
v 9.23862 0.308662 -24.5961 
v 9.24856 0.369398 -24.4423 
v 8.98442 0.37806 -24.4187 
v 8.97459 0.317425 -24.5726 
v 8.36263 0.398263 -24.4192 
v 8.03194 0.408961 -24.4233 
v 8.35303 0.337861 -24.573 
v 8.02246 0.348678 -24.5772 
v 8.35303 0.337861 -24.573 
v 8.03194 0.408961 -24.4233 
v 7.6862 0.359669 -24.5792 
v 8.03194 0.408961 -24.4233 
v 7.61198 0.422537 -24.4275 
v 10.2569 0.274508 -24.691 
v 9.93253 0.34678 -24.506 
v 9.92235 0.285797 -24.6598 
v 9.60366 0.357694 -24.4732 
v 9.23862 0.308662 -24.5961 
v 9.5936 0.296828 -24.627 
v 8.98442 0.37806 -24.4187 
v 8.71921 0.386693 -24.4193 
v 8.97459 0.317425 -24.5726 
v 8.70947 0.326158 -24.5731 
v 8.97459 0.317425 -24.5726 
v 8.71921 0.386693 -24.4193 
v 8.71921 0.386693 -24.4193 
v 8.36263 0.398263 -24.4192 
v 8.70947 0.326158 -24.5731 
v 8.35303 0.337861 -24.573 
v 8.70947 0.326158 -24.5731 
v 8.36263 0.398263 -24.4192 
v 8.03194 0.408961 -24.4233 
v 7.6862 0.359669 -24.5792 
v 8.02246 0.348678 -24.5772 
v 10.3642 0.826972 -24.5043 
v 10.0385 0.818392 -24.4676 
v 11.0116 0.844221 -24.9197 
v 10.0385 0.818392 -24.4676 
v 9.69902 0.809417 -24.4343 
v 11.0116 0.844221 -24.9197 
v 9.69902 0.809417 -24.4343 
v 9.33242 0.799721 -24.403 
v 11.0116 0.844221 -24.9197 
v 7.34217 0.748171 -24.3981 
v 6.93485 0.738393 -24.7424 
v 7.61522 0.755057 -24.3847 
v 7.2204 0.745144 -24.4225 
v 6.93485 0.738393 -24.7424 
v 7.34217 0.748171 -24.3981 
v 7.1207 0.7427 -24.4629 
v 6.93485 0.738393 -24.7424 
v 7.2204 0.745144 -24.4225 
v 7.04051 0.74077 -24.5215 
v 6.93485 0.738393 -24.7424 
v 7.1207 0.7427 -24.4629 
v 6.97954 0.739344 -24.5994 
v 6.93485 0.738393 -24.7424 
v 7.04051 0.74077 -24.5215 
v 10.9794 0.843233 -24.7733 
v 10.9254 0.841751 -24.6905 
v 11.0116 0.844221 -24.9197 
v 10.9254 0.841751 -24.6905 
v 10.8505 0.839748 -24.6251 
v 11.0116 0.844221 -24.9197 
v 10.8505 0.839748 -24.6251 
v 10.7546 0.837214 -24.5762 
v 11.0116 0.844221 -24.9197 
v 10.7546 0.837214 -24.5762 
v 10.6353 0.83408 -24.5414 
v 11.0116 0.844221 -24.9197 
v 10.6353 0.83408 -24.5414 
v 10.3642 0.826972 -24.5043 
v 11.0116 0.844221 -24.9197 
v 8.97264 0.790742 -24.8311 
v 11.0116 0.844221 -24.9197 
v 9.33242 0.799721 -24.403 
v 8.99213 0.790742 -24.3829 
v 8.97264 0.790742 -24.8311 
v 9.33242 0.799721 -24.403 
v 8.99213 0.790742 -24.3829 
v 8.65141 0.781798 -24.3734 
v 8.97264 0.790742 -24.8311 
v 8.65141 0.781798 -24.3734 
v 6.93485 0.738393 -24.7424 
v 8.97264 0.790742 -24.8311 
v 8.28359 0.772216 -24.3728 
v 6.93485 0.738393 -24.7424 
v 8.65141 0.781798 -24.3734 
v 7.94264 0.763416 -24.3765 
v 6.93485 0.738393 -24.7424 
v 8.28359 0.772216 -24.3728 
v 7.61522 0.755057 -24.3847 
v 6.93485 0.738393 -24.7424 
v 7.94264 0.763416 -24.3765 
v 10.9775 8.49548 -27.7914 
v 10.8955 8.5831 -27.7274 
v 10.9858 8.53747 -27.7252 
v 11.0299 8.46819 -27.7758 
v 10.9775 8.49548 -27.7914 
v 10.9858 8.53747 -27.7252 
v 10.9858 8.53747 -27.7252 
v 10.8955 8.5831 -27.7274 
v 10.9017 8.61985 -27.5857 
v 10.9858 8.53747 -27.7252 
v 11.0506 8.48166 -27.7238 
v 11.0299 8.46819 -27.7758 
v 10.9858 8.53747 -27.7252 
v 10.9017 8.61985 -27.5857 
v 10.9971 8.56356 -27.5883 
v 10.8955 8.5831 -27.7274 
v 10.7788 8.66475 -27.5819 
v 10.9017 8.61985 -27.5857 
v 10.8955 8.5831 -27.7274 
v 10.7741 8.62306 -27.727 
v 10.7788 8.66475 -27.5819 
v 10.8955 8.5831 -27.7274 
v 10.9775 8.49548 -27.7914 
v 10.8898 8.52661 -27.8032 
v 10.8898 8.52661 -27.8032 
v 10.7741 8.62306 -27.727 
v 10.8955 8.5831 -27.7274 
v 10.9858 8.53747 -27.7252 
v 10.9971 8.56356 -27.5883 
v 11.0506 8.48166 -27.7238 
v 10.7741 8.62306 -27.727 
v 10.8898 8.52661 -27.8032 
v 10.7687 8.55854 -27.8087 
v 10.7741 8.62306 -27.727 
v 10.4864 8.71966 -27.5704 
v 10.7788 8.66475 -27.5819 
v 10.7741 8.62306 -27.727 
v 10.4801 8.67533 -27.7177 
v 10.4864 8.71966 -27.5704 
v 10.9971 8.56356 -27.5883 
v 11.0719 8.49193 -27.5908 
v 11.0506 8.48166 -27.7238 
v 7.14002 8.37421 -27.5641 
v 7.04975 8.28052 -27.6205 
v 7.04855 8.32125 -27.554 
v 6.99782 8.24922 -27.6005 
v 7.04855 8.32125 -27.554 
v 7.04975 8.28052 -27.6205 
v 10.4801 8.67533 -27.7177 
v 10.1384 8.75604 -27.5555 
v 10.4864 8.71966 -27.5704 
v 10.4801 8.67533 -27.7177 
v 10.1311 8.7121 -27.704 
v 10.1384 8.75604 -27.5555 
v 7.04975 8.28052 -27.6205 
v 7.14002 8.37421 -27.5641 
v 7.13727 8.31892 -27.64 
v 10.9971 8.56356 -27.5883 
v 11.0176 8.61923 -24.9626 
v 11.1123 8.56301 -24.9668 
v 11.0176 8.61923 -24.9626 
v 10.9971 8.56356 -27.5883 
v 10.9017 8.61985 -27.5857 
v 7.14002 8.37421 -27.5641 
v 7.2718 8.46608 -27.4294 
v 7.26258 8.42491 -27.5743 
v 7.2718 8.46608 -27.4294 
v 7.14002 8.37421 -27.5641 
v 7.14735 8.41033 -27.4224 
v 7.04855 8.32125 -27.554 
v 7.14735 8.41033 -27.4224 
v 7.14002 8.37421 -27.5641 
v 7.26258 8.42491 -27.5743 
v 7.13727 8.31892 -27.64 
v 7.14002 8.37421 -27.5641 
v 10.7687 8.55854 -27.8087 
v 10.4801 8.67533 -27.7177 
v 10.7741 8.62306 -27.727 
v 7.04855 8.32125 -27.554 
v 6.99782 8.24922 -27.6005 
v 6.98221 8.26085 -27.5469 
v 10.4801 8.67533 -27.7177 
v 10.7687 8.55854 -27.8087 
v 10.4747 8.60772 -27.802 
v 10.9017 8.61985 -27.5857 
v 10.895 8.66419 -24.9573 
v 11.0176 8.61923 -24.9626 
v 10.895 8.66419 -24.9573 
v 10.9017 8.61985 -27.5857 
v 10.7788 8.66475 -27.5819 
v 10.1311 8.7121 -27.704 
v 9.77853 8.77296 -27.5396 
v 10.1384 8.75604 -27.5555 
v 10.1311 8.7121 -27.704 
v 9.77118 8.72921 -27.6885 
v 9.77853 8.77296 -27.5396 
v 7.13727 8.31892 -27.64 
v 7.26258 8.42491 -27.5743 
v 7.25871 8.3616 -27.6561 
v 7.55846 8.50586 -27.5907 
v 7.2718 8.46608 -27.4294 
v 7.56639 8.54962 -27.4434 
v 7.14735 8.41033 -27.4224 
v 7.04855 8.32125 -27.554 
v 7.05006 8.3464 -27.4166 
v 7.2718 8.46608 -27.4294 
v 7.55846 8.50586 -27.5907 
v 7.26258 8.42491 -27.5743 
v 9.77118 8.72921 -27.6885 
v 9.3897 8.77359 -27.5223 
v 9.77853 8.77296 -27.5396 
v 9.77118 8.72921 -27.6885 
v 9.38242 8.72991 -27.6716 
v 9.3897 8.77359 -27.5223 
v 7.9091 8.57998 -27.6073 
v 7.56639 8.54962 -27.4434 
v 7.91617 8.62342 -27.4589 
v 7.56639 8.54962 -27.4434 
v 7.9091 8.57998 -27.6073 
v 7.55846 8.50586 -27.5907 
v 10.4747 8.60772 -27.802 
v 10.1259 8.64402 -27.7891 
v 10.1311 8.7121 -27.704 
v 9.38242 8.72991 -27.6716 
v 9.02845 8.75932 -27.5064 
v 9.3897 8.77359 -27.5223 
v 9.38242 8.72991 -27.6716 
v 9.02124 8.71575 -27.6559 
v 9.02845 8.75932 -27.5064 
v 10.4747 8.60772 -27.802 
v 10.1311 8.7121 -27.704 
v 10.4801 8.67533 -27.7177 
v 11.0719 8.49193 -27.5908 
v 11.1123 8.56301 -24.9668 
v 11.1866 8.49145 -24.97 
v 11.1123 8.56301 -24.9668 
v 11.0719 8.49193 -27.5908 
v 10.9971 8.56356 -27.5883 
v 7.91617 8.62342 -27.4589 
v 8.27028 8.63839 -27.6232 
v 7.9091 8.57998 -27.6073 
v 9.02124 8.71575 -27.6559 
v 8.66691 8.7292 -27.4909 
v 9.02845 8.75932 -27.5064 
v 8.66691 8.7292 -27.4909 
v 9.02124 8.71575 -27.6559 
v 8.65981 8.68569 -27.6402 
v 8.27028 8.63839 -27.6232 
v 7.91617 8.62342 -27.4589 
v 8.27728 8.68179 -27.4743 
v 8.65981 8.68569 -27.6402 
v 8.27728 8.68179 -27.4743 
v 8.66691 8.7292 -27.4909 
v 8.27728 8.68179 -27.4743 
v 8.65981 8.68569 -27.6402 
v 8.27028 8.63839 -27.6232 
v 7.55846 8.50586 -27.5907 
v 7.25871 8.3616 -27.6561 
v 7.26258 8.42491 -27.5743 
v 7.25871 8.3616 -27.6561 
v 7.55846 8.50586 -27.5907 
v 7.55425 8.4393 -27.6749 
v 10.1259 8.64402 -27.7891 
v 9.77118 8.72921 -27.6885 
v 10.1311 8.7121 -27.704 
v 10.1259 8.64402 -27.7891 
v 9.76609 8.66132 -27.7737 
v 9.77118 8.72921 -27.6885 
v 6.98221 8.26085 -27.5469 
v 7.05006 8.3464 -27.4166 
v 7.04855 8.32125 -27.554 
v 11.0299 8.46819 -27.7758 
v 11.0506 8.48166 -27.7238 
v 11.0914 8.40769 -27.7298 
v 7.90469 8.51272 -27.6925 
v 7.55846 8.50586 -27.5907 
v 7.9091 8.57998 -27.6073 
v 7.55846 8.50586 -27.5907 
v 7.90469 8.51272 -27.6925 
v 7.55425 8.4393 -27.6749 
v 9.76609 8.66132 -27.7737 
v 9.38242 8.72991 -27.6716 
v 9.77118 8.72921 -27.6885 
v 9.76609 8.66132 -27.7737 
v 9.37749 8.6622 -27.7568 
v 9.38242 8.72991 -27.6716 
v 11.0299 8.46819 -27.7758 
v 10.9759 8.42943 -27.8348 
v 10.9775 8.49548 -27.7914 
v 10.7788 8.66475 -27.5819 
v 10.6014 8.71962 -24.9445 
v 10.895 8.66419 -24.9573 
v 10.4864 8.71966 -27.5704 
v 10.6014 8.71962 -24.9445 
v 10.7788 8.66475 -27.5819 
v 9.37749 8.6622 -27.7568 
v 9.02124 8.71575 -27.6559 
v 9.38242 8.72991 -27.6716 
v 9.37749 8.6622 -27.7568 
v 9.01644 8.64818 -27.7411 
v 9.02124 8.71575 -27.6559 
v 8.26574 8.57105 -27.7085 
v 7.9091 8.57998 -27.6073 
v 8.27028 8.63839 -27.6232 
v 7.9091 8.57998 -27.6073 
v 8.26574 8.57105 -27.7085 
v 7.90469 8.51272 -27.6925 
v 8.27028 8.63839 -27.6232 
v 8.65514 8.61825 -27.7254 
v 8.26574 8.57105 -27.7085 
v 9.01644 8.64818 -27.7411 
v 8.65981 8.68569 -27.6402 
v 9.02124 8.71575 -27.6559 
v 8.65981 8.68569 -27.6402 
v 9.01644 8.64818 -27.7411 
v 8.65514 8.61825 -27.7254 
v 8.65514 8.61825 -27.7254 
v 8.27028 8.63839 -27.6232 
v 8.65981 8.68569 -27.6402 
v 10.9775 8.49548 -27.7914 
v 10.883 8.44999 -27.8594 
v 10.8898 8.52661 -27.8032 
v 7.05006 8.3464 -27.4166 
v 6.98221 8.26085 -27.5469 
v 6.97283 8.2696 -27.4125 
v 10.883 8.44999 -27.8594 
v 10.9775 8.49548 -27.7914 
v 10.9759 8.42943 -27.8348 
v 11.1265 8.40461 -27.5941 
v 11.0506 8.48166 -27.7238 
v 11.0719 8.49193 -27.5908 
v 7.14735 8.41033 -27.4224 
v 7.38392 8.46534 -24.8046 
v 7.2718 8.46608 -27.4294 
v 7.38392 8.46534 -24.8046 
v 7.14735 8.41033 -27.4224 
v 7.25959 8.40956 -24.7992 
v 7.05006 8.3464 -27.4166 
v 7.25959 8.40956 -24.7992 
v 7.14735 8.41033 -27.4224 
v 7.25959 8.40956 -24.7992 
v 7.05006 8.3464 -27.4166 
v 7.16285 8.34575 -24.795 
v 10.4864 8.71966 -27.5704 
v 10.2527 8.75609 -24.9294 
v 10.6014 8.71962 -24.9445 
v 10.1384 8.75604 -27.5555 
v 10.2527 8.75609 -24.9294 
v 10.4864 8.71966 -27.5704 
v 10.8898 8.52661 -27.8032 
v 10.7604 8.47445 -27.8714 
v 10.7687 8.55854 -27.8087 
v 10.7604 8.47445 -27.8714 
v 10.8898 8.52661 -27.8032 
v 10.883 8.44999 -27.8594 
v 6.99782 8.24922 -27.6005 
v 7.04975 8.28052 -27.6205 
v 7.04524 8.21566 -27.6638 
v 11.0506 8.48166 -27.7238 
v 11.1265 8.40461 -27.5941 
v 11.0914 8.40769 -27.7298 
v 11.0914 8.40769 -27.7298 
v 11.0444 8.41324 -27.7942 
v 11.0299 8.46819 -27.7758 
v 7.04975 8.28052 -27.6205 
v 7.13727 8.31892 -27.64 
v 7.13657 8.24404 -27.6965 
v 9.77853 8.77296 -27.5396 
v 10.2527 8.75609 -24.9294 
v 10.1384 8.75604 -27.5555 
v 10.2527 8.75609 -24.9294 
v 9.77853 8.77296 -27.5396 
v 9.89273 8.77301 -24.9137 
v 7.67976 8.5495 -24.8175 
v 7.56639 8.54962 -27.4434 
v 7.2718 8.46608 -27.4294 
v 7.2718 8.46608 -27.4294 
v 7.38392 8.46534 -24.8046 
v 7.67976 8.5495 -24.8175 
v 10.9759 8.42943 -27.8348 
v 11.0299 8.46819 -27.7758 
v 11.0444 8.41324 -27.7942 
v 6.99782 8.24922 -27.6005 
v 6.93839 8.18481 -27.5492 
v 6.98221 8.26085 -27.5469 
v 7.04975 8.28052 -27.6205 
v 7.13657 8.24404 -27.6965 
v 7.04524 8.21566 -27.6638 
v 9.3897 8.77359 -27.5223 
v 9.89273 8.77301 -24.9137 
v 9.77853 8.77296 -27.5396 
v 9.89273 8.77301 -24.9137 
v 9.3897 8.77359 -27.5223 
v 9.50388 8.7736 -24.8968 
v 8.03026 8.62347 -24.8327 
v 7.91617 8.62342 -27.4589 
v 7.56639 8.54962 -27.4434 
v 7.56639 8.54962 -27.4434 
v 7.67976 8.5495 -24.8175 
v 8.03026 8.62347 -24.8327 
v 6.97283 8.2696 -27.4125 
v 7.16285 8.34575 -24.795 
v 7.05006 8.3464 -27.4166 
v 7.16285 8.34575 -24.795 
v 6.97283 8.2696 -27.4125 
v 7.08609 8.26906 -24.7917 
v 7.13727 8.31892 -27.64 
v 7.25871 8.3616 -27.6561 
v 7.25868 8.27939 -27.7191 
v 9.02845 8.75932 -27.5064 
v 9.50388 8.7736 -24.8968 
v 9.3897 8.77359 -27.5223 
v 9.50388 8.7736 -24.8968 
v 9.02845 8.75932 -27.5064 
v 9.14261 8.75933 -24.8811 
v 7.13727 8.31892 -27.64 
v 7.25868 8.27939 -27.7191 
v 7.13657 8.24404 -27.6965 
v 9.02845 8.75932 -27.5064 
v 8.7811 8.72921 -24.8654 
v 9.14261 8.75933 -24.8811 
v 8.66691 8.7292 -27.4909 
v 8.7811 8.72921 -24.8654 
v 9.02845 8.75932 -27.5064 
v 8.27728 8.68179 -27.4743 
v 8.03026 8.62347 -24.8327 
v 8.39148 8.68183 -24.8484 
v 7.91617 8.62342 -27.4589 
v 8.03026 8.62347 -24.8327 
v 8.27728 8.68179 -27.4743 
v 8.66691 8.7292 -27.4909 
v 8.39148 8.68183 -24.8484 
v 8.7811 8.72921 -24.8654 
v 8.39148 8.68183 -24.8484 
v 8.66691 8.7292 -27.4909 
v 8.27728 8.68179 -27.4743 
v 10.4684 8.52026 -27.8667 
v 10.7687 8.55854 -27.8087 
v 10.7604 8.47445 -27.8714 
v 10.7687 8.55854 -27.8087 
v 10.4684 8.52026 -27.8667 
v 10.4747 8.60772 -27.802 
v 11.0719 8.49193 -27.5908 
v 11.2409 8.40417 -24.9724 
v 11.1265 8.40461 -27.5941 
v 11.2409 8.40417 -24.9724 
v 11.0719 8.49193 -27.5908 
v 11.1866 8.49145 -24.97 
v 7.04524 8.21566 -27.6638 
v 6.97985 8.19399 -27.6175 
v 6.99782 8.24922 -27.6005 
v 6.93839 8.18481 -27.5492 
v 6.99782 8.24922 -27.6005 
v 6.97985 8.19399 -27.6175 
v 7.25871 8.3616 -27.6561 
v 7.55204 8.35336 -27.7399 
v 7.25868 8.27939 -27.7191 
v 7.55204 8.35336 -27.7399 
v 7.25871 8.3616 -27.6561 
v 7.55425 8.4393 -27.6749 
v 6.98221 8.26085 -27.5469 
v 6.91508 8.17937 -27.4109 
v 6.97283 8.2696 -27.4125 
v 10.1209 8.55552 -27.8545 
v 10.4747 8.60772 -27.802 
v 10.4684 8.52026 -27.8667 
v 10.4747 8.60772 -27.802 
v 10.1209 8.55552 -27.8545 
v 10.1259 8.64402 -27.7891 
v 7.55425 8.4393 -27.6749 
v 7.90112 8.42531 -27.7579 
v 7.55204 8.35336 -27.7399 
v 7.90112 8.42531 -27.7579 
v 7.55425 8.4393 -27.6749 
v 7.90469 8.51272 -27.6925 
v 6.91508 8.17937 -27.4109 
v 6.98221 8.26085 -27.5469 
v 6.93839 8.18481 -27.5492 
v 9.76141 8.57288 -27.8392 
v 10.1259 8.64402 -27.7891 
v 10.1209 8.55552 -27.8545 
v 10.1259 8.64402 -27.7891 
v 9.76141 8.57288 -27.8392 
v 9.76609 8.66132 -27.7737 
v 9.37749 8.6622 -27.7568 
v 9.76141 8.57288 -27.8392 
v 9.37301 8.57408 -27.8223 
v 8.26181 8.48334 -27.774 
v 7.90469 8.51272 -27.6925 
v 8.26574 8.57105 -27.7085 
v 7.90469 8.51272 -27.6925 
v 8.26181 8.48334 -27.774 
v 7.90112 8.42531 -27.7579 
v 9.76141 8.57288 -27.8392 
v 9.37749 8.6622 -27.7568 
v 9.76609 8.66132 -27.7737 
v 9.01644 8.64818 -27.7411 
v 9.37749 8.6622 -27.7568 
v 9.37301 8.57408 -27.8223 
v 9.01644 8.64818 -27.7411 
v 9.37301 8.57408 -27.8223 
v 9.01215 8.56026 -27.8066 
v 8.65102 8.53048 -27.7909 
v 8.26574 8.57105 -27.7085 
v 8.65514 8.61825 -27.7254 
v 8.26574 8.57105 -27.7085 
v 8.65102 8.53048 -27.7909 
v 8.26181 8.48334 -27.774 
v 9.01215 8.56026 -27.8066 
v 8.65514 8.61825 -27.7254 
v 9.01644 8.64818 -27.7411 
v 8.65514 8.61825 -27.7254 
v 9.01215 8.56026 -27.8066 
v 8.65102 8.53048 -27.7909 
v 7.08609 8.26906 -24.7917 
v 6.97283 8.2696 -27.4125 
v 7.02868 8.17891 -24.7892 
v 6.91508 8.17937 -27.4109 
v 7.02868 8.17891 -24.7892 
v 6.97283 8.2696 -27.4125 
v 11.0534 8.26647 -27.8103 
v 11.0914 8.40769 -27.7298 
v 11.1148 8.25478 -27.7369 
v 11.1148 8.25478 -27.7369 
v 11.1265 8.40461 -27.5941 
v 11.1597 8.24447 -27.5973 
v 6.93839 8.18481 -27.5492 
v 6.96438 8.04928 -27.6324 
v 6.90906 8.03301 -27.554 
v 11.0444 8.41324 -27.7942 
v 10.973 8.27997 -27.8633 
v 10.9759 8.42943 -27.8348 
v 11.0914 8.40769 -27.7298 
v 11.0534 8.26647 -27.8103 
v 11.0444 8.41324 -27.7942 
v 7.04051 8.06915 -27.6923 
v 6.97985 8.19399 -27.6175 
v 7.04524 8.21566 -27.6638 
v 6.91508 8.17937 -27.4109 
v 6.90906 8.03301 -27.554 
v 6.87603 8.01976 -27.411 
v 6.96438 8.04928 -27.6324 
v 6.93839 8.18481 -27.5492 
v 6.97985 8.19399 -27.6175 
v 10.973 8.27997 -27.8633 
v 11.0444 8.41324 -27.7942 
v 11.0534 8.26647 -27.8103 
v 6.97985 8.19399 -27.6175 
v 7.04051 8.06915 -27.6923 
v 6.96438 8.04928 -27.6324 
v 10.9759 8.42943 -27.8348 
v 10.8731 8.2949 -27.8966 
v 10.883 8.44999 -27.8594 
v 11.1265 8.40461 -27.5941 
v 11.1148 8.25478 -27.7369 
v 11.0914 8.40769 -27.7298 
v 7.04524 8.21566 -27.6638 
v 7.13657 8.24404 -27.6965 
v 7.13779 8.09246 -27.7342 
v 10.8731 8.2949 -27.8966 
v 10.9759 8.42943 -27.8348 
v 10.973 8.27997 -27.8633 
v 7.04524 8.21566 -27.6638 
v 7.13779 8.09246 -27.7342 
v 7.04051 8.06915 -27.6923 
v 6.90906 8.03301 -27.554 
v 6.91508 8.17937 -27.4109 
v 6.93839 8.18481 -27.5492 
v 10.883 8.44999 -27.8594 
v 10.7484 8.31426 -27.9128 
v 10.7604 8.47445 -27.8714 
v 11.1265 8.40461 -27.5941 
v 11.2409 8.40417 -24.9724 
v 11.2741 8.24411 -24.9738 
v 11.1265 8.40461 -27.5941 
v 11.2741 8.24411 -24.9738 
v 11.1597 8.24447 -27.5973 
v 7.13657 8.24404 -27.6965 
v 7.25868 8.27939 -27.7191 
v 7.26147 8.12281 -27.7611 
v 10.7484 8.31426 -27.9128 
v 10.883 8.44999 -27.8594 
v 10.8731 8.2949 -27.8966 
v 7.13657 8.24404 -27.6965 
v 7.26147 8.12281 -27.7611 
v 7.13779 8.09246 -27.7342 
v 7.02868 8.17891 -24.7892 
v 6.91508 8.17937 -27.4109 
v 6.98987 8.0194 -24.7875 
v 6.87603 8.01976 -27.411 
v 6.98987 8.0194 -24.7875 
v 6.91508 8.17937 -27.4109 
v 10.7484 8.31426 -27.9128 
v 10.4599 8.35594 -27.9088 
v 10.7604 8.47445 -27.8714 
v 10.4684 8.52026 -27.8667 
v 10.7604 8.47445 -27.8714 
v 10.4599 8.35594 -27.9088 
v 7.25868 8.27939 -27.7191 
v 7.55116 8.19194 -27.7823 
v 7.26147 8.12281 -27.7611 
v 7.25868 8.27939 -27.7191 
v 7.55204 8.35336 -27.7399 
v 7.55116 8.19194 -27.7823 
v 6.96438 8.04928 -27.6324 
v 6.90099 0.00348377 -27.6318 
v 6.90906 8.03301 -27.554 
v 6.90906 8.03301 -27.554 
v 6.90099 0.00348377 -27.6318 
v 6.84702 0.00352335 -27.5531 
v 11.1148 8.25478 -27.7369 
v 10.8267 4.81606e-05 -27.7262 
v 10.7661 8.72612e-05 -27.7999 
v 10.7661 8.72612e-05 -27.7999 
v 11.0534 8.26647 -27.8103 
v 11.1148 8.25478 -27.7369 
v 10.1148 8.38902 -27.8966 
v 10.4684 8.52026 -27.8667 
v 10.4599 8.35594 -27.9088 
v 7.55204 8.35336 -27.7399 
v 7.89784 8.26092 -27.8002 
v 7.55116 8.19194 -27.7823 
v 10.4684 8.52026 -27.8667 
v 10.1148 8.38902 -27.8966 
v 10.1209 8.55552 -27.8545 
v 7.89784 8.26092 -27.8002 
v 7.55204 8.35336 -27.7399 
v 7.90112 8.42531 -27.7579 
v 7.90112 8.42531 -27.7579 
v 8.25786 8.31746 -27.8161 
v 7.89784 8.26092 -27.8002 
v 9.75602 8.40559 -27.8813 
v 10.1209 8.55552 -27.8545 
v 10.1148 8.38902 -27.8966 
v 8.25786 8.31746 -27.8161 
v 7.90112 8.42531 -27.7579 
v 8.26181 8.48334 -27.774 
v 10.1209 8.55552 -27.8545 
v 9.75602 8.40559 -27.8813 
v 9.76141 8.57288 -27.8392 
v 8.26181 8.48334 -27.774 
v 8.64669 8.36349 -27.8331 
v 8.25786 8.31746 -27.8161 
v 9.75602 8.40559 -27.8813 
v 9.37301 8.57408 -27.8223 
v 9.76141 8.57288 -27.8392 
v 9.37301 8.57408 -27.8223 
v 9.75602 8.40559 -27.8813 
v 9.368 8.40641 -27.8644 
v 8.65102 8.53048 -27.7909 
v 9.00747 8.3925 -27.8487 
v 8.64669 8.36349 -27.8331 
v 8.64669 8.36349 -27.8331 
v 8.26181 8.48334 -27.774 
v 8.65102 8.53048 -27.7909 
v 9.01215 8.56026 -27.8066 
v 9.37301 8.57408 -27.8223 
v 9.368 8.40641 -27.8644 
v 9.01215 8.56026 -27.8066 
v 9.368 8.40641 -27.8644 
v 9.00747 8.3925 -27.8487 
v 9.00747 8.3925 -27.8487 
v 8.65102 8.53048 -27.7909 
v 9.01215 8.56026 -27.8066 
v 6.96438 8.04928 -27.6324 
v 6.97576 0.00342941 -27.6918 
v 6.90099 0.00348377 -27.6318 
v 7.04051 8.06915 -27.6923 
v 6.97576 0.00342941 -27.6918 
v 6.96438 8.04928 -27.6324 
v 11.0534 8.26647 -27.8103 
v 10.7661 8.72612e-05 -27.7999 
v 10.6864 0.000141621 -27.8531 
v 10.6864 0.000141621 -27.8531 
v 10.973 8.27997 -27.8633 
v 11.0534 8.26647 -27.8103 
v 6.97292 2.18382 -24.5958 
v 6.97954 0.739344 -24.5994 
v 7.04051 0.74077 -24.5215 
v 7.04051 0.74077 -24.5215 
v 7.04098 2.18287 -24.5119 
v 6.97292 2.18382 -24.5958 
v 11.0398 2.13334 -24.7727 
v 10.9254 0.841751 -24.6905 
v 10.9794 0.843233 -24.7733 
v 10.9794 2.13437 -24.6832 
v 10.9254 0.841751 -24.6905 
v 11.0398 2.13334 -24.7727 
v 6.97871 0.703861 -24.6418 
v 6.9734 0.0035243 -24.6416 
v 7.03401 0.0034852 -24.5639 
v 7.03401 0.0034852 -24.5639 
v 7.0395 0.705273 -24.5641 
v 6.97871 0.703861 -24.6418 
v 7.1207 0.7427 -24.4629 
v 7.12811 2.18166 -24.4468 
v 7.04098 2.18287 -24.5119 
v 6.90906 8.03301 -27.554 
v 6.84702 0.00352335 -27.5531 
v 6.87603 8.01976 -27.411 
v 6.97954 0.739344 -24.5994 
v 6.97292 2.18382 -24.5958 
v 6.92435 2.18445 -24.7422 
v 7.04098 2.18287 -24.5119 
v 7.04051 0.74077 -24.5215 
v 7.1207 0.7427 -24.4629 
v 6.87603 8.01976 -27.411 
v 6.84702 0.00352335 -27.5531 
v 6.81486 0.0035491 -27.4095 
v 6.92435 2.18445 -24.7422 
v 6.93485 0.738393 -24.7424 
v 6.97954 0.739344 -24.5994 
v 10.9229 0.805378 -24.733 
v 10.9535 4.86374e-05 -24.8147 
v 10.9768 0.806846 -24.8157 
v 10.9254 0.841751 -24.6905 
v 10.8983 2.13568 -24.6108 
v 10.8505 0.839748 -24.6251 
v 10.8983 2.13568 -24.6108 
v 10.9254 0.841751 -24.6905 
v 10.9794 2.13437 -24.6832 
v 10.8267 4.81606e-05 -27.7262 
v 11.1148 8.25478 -27.7369 
v 11.1597 8.24447 -27.5973 
v 10.9535 4.86374e-05 -24.8147 
v 10.9229 0.805378 -24.733 
v 10.8999 8.82149e-05 -24.732 
v 11.1597 8.24447 -27.5973 
v 10.8712 2.24113e-05 -27.5859 
v 10.8267 4.81606e-05 -27.7262 
v 11.0398 2.13334 -24.7727 
v 10.9794 0.843233 -24.7733 
v 11.0755 2.13266 -24.9227 
v 11.0755 2.13266 -24.9227 
v 10.9794 0.843233 -24.7733 
v 11.0116 0.844221 -24.9197 
v 6.93412 0.702919 -24.7851 
v 6.92893 0.00354958 -24.7846 
v 6.9734 0.0035243 -24.6416 
v 6.9734 0.0035243 -24.6416 
v 6.97871 0.703861 -24.6418 
v 6.93412 0.702919 -24.7851 
v 7.0395 0.705273 -24.5641 
v 7.03401 0.0034852 -24.5639 
v 7.11378 0.00343084 -24.5054 
v 7.11378 0.00343084 -24.5054 
v 7.11951 0.707186 -24.5056 
v 7.0395 0.705273 -24.5641 
v 7.04051 8.06915 -27.6923 
v 7.07158 0.00335836 -27.7339 
v 6.97576 0.00342941 -27.6918 
v 10.973 8.27997 -27.8633 
v 10.6864 0.000141621 -27.8531 
v 10.5873 0.000212669 -27.8867 
v 7.13779 8.09246 -27.7342 
v 7.07158 0.00335836 -27.7339 
v 7.04051 8.06915 -27.6923 
v 10.8999 8.82149e-05 -24.732 
v 10.8482 0.803393 -24.6678 
v 10.8255 0.000142097 -24.6668 
v 10.8482 0.803393 -24.6678 
v 10.8999 8.82149e-05 -24.732 
v 10.9229 0.805378 -24.733 
v 10.5873 0.000212669 -27.8867 
v 10.8731 8.2949 -27.8966 
v 10.973 8.27997 -27.8633 
v 10.9854 2.3365e-05 -24.961 
v 10.9768 0.806846 -24.8157 
v 10.9535 4.86374e-05 -24.8147 
v 10.9768 0.806846 -24.8157 
v 10.9854 2.3365e-05 -24.961 
v 11.0088 0.807825 -24.9623 
v 7.12811 2.18166 -24.4468 
v 7.2204 0.745144 -24.4225 
v 7.23196 2.18024 -24.403 
v 10.8505 0.839748 -24.6251 
v 10.8983 2.13568 -24.6108 
v 10.7988 2.13722 -24.5581 
v 7.2204 0.745144 -24.4225 
v 7.12811 2.18166 -24.4468 
v 7.1207 0.7427 -24.4629 
v 10.7988 2.13722 -24.5581 
v 10.7546 0.837214 -24.5762 
v 10.8505 0.839748 -24.6251 
v 7.11951 0.707186 -24.5056 
v 7.11378 0.00343084 -24.5054 
v 7.21304 0.00335979 -24.4651 
v 7.21304 0.00335979 -24.4651 
v 7.2191 0.70961 -24.4654 
v 7.11951 0.707186 -24.5056 
v 6.87603 8.01976 -27.411 
v 6.93412 0.702919 -24.7851 
v 6.98987 8.0194 -24.7875 
v 6.93412 0.702919 -24.7851 
v 6.87603 8.01976 -27.411 
v 6.81486 0.0035491 -27.4095 
v 6.81486 0.0035491 -27.4095 
v 6.92893 0.00354958 -24.7846 
v 6.93412 0.702919 -24.7851 
v 10.8255 0.000142097 -24.6668 
v 10.7524 0.800879 -24.6191 
v 10.7301 0.000213146 -24.6181 
v 10.7524 0.800879 -24.6191 
v 10.8255 0.000142097 -24.6668 
v 10.8482 0.803393 -24.6678 
v 11.0088 0.807825 -24.9623 
v 11.1597 8.24447 -27.5973 
v 11.2741 8.24411 -24.9738 
v 11.1597 8.24447 -27.5973 
v 11.0088 0.807825 -24.9623 
v 10.8712 2.24113e-05 -27.5859 
v 10.8731 8.2949 -27.8966 
v 10.5873 0.000212669 -27.8867 
v 10.4664 0.000303268 -27.9029 
v 7.13779 8.09246 -27.7342 
v 7.19066 0.00326777 -27.7605 
v 7.07158 0.00335836 -27.7339 
v 7.26147 8.12281 -27.7611 
v 7.19066 0.00326777 -27.7605 
v 7.13779 8.09246 -27.7342 
v 10.4664 0.000303268 -27.9029 
v 10.7484 8.31426 -27.9128 
v 10.8731 8.2949 -27.8966 
v 10.8712 2.24113e-05 -27.5859 
v 11.0088 0.807825 -24.9623 
v 10.9854 2.3365e-05 -24.961 
v 7.23196 2.18024 -24.403 
v 7.34217 0.748171 -24.3981 
v 7.35592 2.17858 -24.3774 
v 10.7546 0.837214 -24.5762 
v 10.7988 2.13722 -24.5581 
v 10.6777 2.13902 -24.5219 
v 7.34217 0.748171 -24.3981 
v 7.23196 2.18024 -24.403 
v 7.2204 0.745144 -24.4225 
v 10.6777 2.13902 -24.5219 
v 10.6353 0.83408 -24.5414 
v 10.7546 0.837214 -24.5762 
v 7.2191 0.70961 -24.4654 
v 7.21304 0.00335979 -24.4651 
v 7.33435 0.0032692 -24.4408 
v 7.10231 6.08271 -27.0533 
v 7.17755 6.00362 -25.8515 
v 7.18183 6.11739 -25.8517 
v 7.17755 6.00362 -25.8515 
v 7.10231 6.08271 -27.0533 
v 7.09904 5.99536 -27.0532 
v 7.33435 0.0032692 -24.4408 
v 7.34082 0.712613 -24.441 
v 7.2191 0.70961 -24.4654 
v 7.19506 6.08271 -24.9205 
v 7.17755 6.00362 -25.8515 
v 7.19179 5.99536 -24.9204 
v 7.19506 6.08271 -24.9205 
v 7.18183 6.11739 -25.8517 
v 7.17755 6.00362 -25.8515 
v 10.7301 0.000213146 -24.6181 
v 10.6332 0.797771 -24.5842 
v 10.6114 0.000303745 -24.5833 
v 10.6332 0.797771 -24.5842 
v 10.7301 0.000213146 -24.6181 
v 10.7524 0.800879 -24.6191 
v 10.8186 4.12493 -25.93 
v 10.8055 4.05404 -27.2144 
v 10.8114 4.14382 -27.2146 
v 10.8055 4.05404 -27.2144 
v 10.8186 4.12493 -25.93 
v 10.814 4.05429 -25.9298 
v 10.7484 8.31426 -27.9128 
v 10.1956 0.000520229 -27.8983 
v 10.4599 8.35594 -27.9088 
v 7.46081 0.0030508 -27.7794 
v 7.26147 8.12281 -27.7611 
v 7.55116 8.19194 -27.7823 
v 10.1956 0.000520229 -27.8983 
v 10.7484 8.31426 -27.9128 
v 10.4664 0.000303268 -27.9029 
v 7.26147 8.12281 -27.7611 
v 7.46081 0.0030508 -27.7794 
v 7.19066 0.00326777 -27.7605 
v 7.08766 4.1443 -27.0527 
v 7.16259 4.06521 -25.8508 
v 7.16681 4.17898 -25.851 
v 7.16259 4.06521 -25.8508 
v 7.08766 4.1443 -27.0527 
v 7.08443 4.05694 -27.0526 
v 10.8186 4.12493 -25.93 
v 10.8983 4.05404 -25.0816 
v 10.814 4.05429 -25.9298 
v 10.8186 4.12493 -25.93 
v 10.9041 4.14383 -25.0818 
v 10.8983 4.05404 -25.0816 
v 7.18041 4.1443 -24.9199 
v 7.16259 4.06521 -25.8508 
v 7.17719 4.05694 -24.9198 
v 7.18041 4.1443 -24.9199 
v 7.16681 4.17898 -25.851 
v 7.16259 4.06521 -25.8508 
v 9.8707 0.000801086 -27.8861 
v 10.4599 8.35594 -27.9088 
v 10.1956 0.000520229 -27.8983 
v 10.4599 8.35594 -27.9088 
v 9.8707 0.000801086 -27.8861 
v 10.1148 8.38902 -27.8966 
v 7.78552 0.00277042 -27.7954 
v 7.55116 8.19194 -27.7823 
v 7.89784 8.26092 -27.8002 
v 7.55116 8.19194 -27.7823 
v 7.78552 0.00277042 -27.7954 
v 7.46081 0.0030508 -27.7794 
v 9.8707 0.000801086 -27.8861 
v 9.75602 8.40559 -27.8813 
v 10.1148 8.38902 -27.8966 
v 9.75602 8.40559 -27.8813 
v 9.8707 0.000801086 -27.8861 
v 9.53217 0.00111008 -27.8716 
v 9.75602 8.40559 -27.8813 
v 9.53217 0.00111008 -27.8716 
v 9.368 8.40641 -27.8644 
v 9.368 8.40641 -27.8644 
v 9.53217 0.00111008 -27.8716 
v 9.16684 0.00145721 -27.8557 
v 9.368 8.40641 -27.8644 
v 9.16684 0.00145721 -27.8557 
v 9.00747 8.3925 -27.8487 
v 9.00747 8.3925 -27.8487 
v 9.16684 0.00145721 -27.8557 
v 8.8281 0.00178528 -27.8409 
v 8.8281 0.00178528 -27.8409 
v 8.64669 8.36349 -27.8331 
v 9.00747 8.3925 -27.8487 
v 8.64669 8.36349 -27.8331 
v 8.8281 0.00178528 -27.8409 
v 8.48937 0.00211382 -27.8262 
v 8.48937 0.00211382 -27.8262 
v 8.25786 8.31746 -27.8161 
v 8.64669 8.36349 -27.8331 
v 8.25786 8.31746 -27.8161 
v 8.48937 0.00211382 -27.8262 
v 8.12404 0.00246096 -27.8103 
v 8.12404 0.00246096 -27.8103 
v 7.89784 8.26092 -27.8002 
v 8.25786 8.31746 -27.8161 
v 7.89784 8.26092 -27.8002 
v 8.12404 0.00246096 -27.8103 
v 7.78552 0.00277042 -27.7954 
v 10.8838 6.06334 -25.9329 
v 10.8713 5.99245 -27.2173 
v 10.8772 6.08224 -27.2175 
v 10.8713 5.99245 -27.2173 
v 10.8838 6.06334 -25.9329 
v 10.8792 5.99271 -25.9327 
v 7.61522 0.755057 -24.3847 
v 7.35592 2.17858 -24.3774 
v 7.34217 0.748171 -24.3981 
v 7.35592 2.17858 -24.3774 
v 7.61522 0.755057 -24.3847 
v 7.63161 2.17503 -24.3637 
v 10.6353 0.83408 -24.5414 
v 10.4045 2.14286 -24.4843 
v 10.3642 0.826972 -24.5043 
v 10.4045 2.14286 -24.4843 
v 10.6353 0.83408 -24.5414 
v 10.6777 2.13902 -24.5219 
v 10.8838 6.06334 -25.9329 
v 10.9641 5.99245 -25.0845 
v 10.8792 5.99271 -25.9327 
v 10.8838 6.06334 -25.9329 
v 10.97 6.08224 -25.0847 
v 10.9641 5.99245 -25.0845 
v 10.4971 6.02193 -27.1075 
v 10.5639 6.06255 -25.1376 
v 10.5884 6.02191 -25.1386 
v 10.5639 6.06255 -25.1376 
v 10.4971 6.02193 -27.1075 
v 10.4758 6.06256 -27.1066 
v 7.5417 6.02115 -25.0061 
v 7.51709 6.06067 -26.9779 
v 7.48997 6.02106 -26.9767 
v 7.63161 2.17503 -24.3637 
v 7.94264 0.763416 -24.3765 
v 7.96201 2.17104 -24.3554 
v 10.3642 0.826972 -24.5043 
v 10.0764 2.14713 -24.4473 
v 10.0385 0.818392 -24.4676 
v 10.0764 2.14713 -24.4473 
v 10.3642 0.826972 -24.5043 
v 10.4045 2.14286 -24.4843 
v 7.94264 0.763416 -24.3765 
v 7.63161 2.17503 -24.3637 
v 7.61522 0.755057 -24.3847 
v 8.28359 0.772216 -24.3728 
v 7.96201 2.17104 -24.3554 
v 7.94264 0.763416 -24.3765 
v 7.96201 2.17104 -24.3554 
v 8.28359 0.772216 -24.3728 
v 8.30606 2.16712 -24.3518 
v 10.0385 0.818392 -24.4676 
v 9.73415 2.15128 -24.4139 
v 9.69902 0.809417 -24.4343 
v 9.73415 2.15128 -24.4139 
v 10.0385 0.818392 -24.4676 
v 10.0764 2.14713 -24.4473 
v 8.65141 0.781798 -24.3734 
v 8.30606 2.16712 -24.3518 
v 8.28359 0.772216 -24.3728 
v 8.30606 2.16712 -24.3518 
v 8.65141 0.781798 -24.3734 
v 8.67726 2.16303 -24.3525 
v 9.69902 0.809417 -24.4343 
v 9.36444 2.15551 -24.3824 
v 9.33242 0.799721 -24.403 
v 9.36444 2.15551 -24.3824 
v 9.69902 0.809417 -24.4343 
v 9.73415 2.15128 -24.4139 
v 8.99213 0.790742 -24.3829 
v 8.67726 2.16303 -24.3525 
v 8.65141 0.781798 -24.3734 
v 8.67726 2.16303 -24.3525 
v 8.99213 0.790742 -24.3829 
v 9.0211 2.1593 -24.3621 
v 9.33242 0.799721 -24.403 
v 9.0211 2.1593 -24.3621 
v 8.99213 0.790742 -24.3829 
v 9.0211 2.1593 -24.3621 
v 9.33242 0.799721 -24.403 
v 9.36444 2.15551 -24.3824 
v 7.34082 0.712613 -24.441 
v 7.33435 0.0032692 -24.4408 
v 7.61198 0.422537 -24.4275 
v 7.61381 0.719445 -24.4276 
v 7.34082 0.712613 -24.441 
v 7.61198 0.422537 -24.4275 
v 7.51709 6.06067 -26.9779 
v 7.5417 6.02115 -25.0061 
v 7.58802 6.0607 -25.0082 
v 7.33435 0.0032692 -24.4408 
v 7.60632 0.00305176 -24.4273 
v 7.61198 0.422537 -24.4275 
v 10.3501 0.332817 -24.5466 
v 10.6332 0.797771 -24.5842 
v 10.3622 0.790719 -24.5471 
v 10.6114 0.000303745 -24.5833 
v 10.3501 0.332817 -24.5466 
v 10.3416 0.000521183 -24.5462 
v 10.6114 0.000303745 -24.5833 
v 10.6332 0.797771 -24.5842 
v 10.3501 0.332817 -24.5466 
v 8.03493 0.73013 -24.4235 
v 8.03194 0.408961 -24.4233 
v 8.36263 0.398263 -24.4192 
v 7.61381 0.719445 -24.4276 
v 7.61198 0.422537 -24.4275 
v 8.03194 0.408961 -24.4233 
v 8.03493 0.73013 -24.4235 
v 7.61381 0.719445 -24.4276 
v 8.03194 0.408961 -24.4233 
v 8.36667 0.738638 -24.4194 
v 8.03493 0.73013 -24.4235 
v 8.36263 0.398263 -24.4192 
v 9.93253 0.34678 -24.506 
v 9.61243 0.771099 -24.4735 
v 9.60366 0.357694 -24.4732 
v 9.61243 0.771099 -24.4735 
v 9.93253 0.34678 -24.506 
v 9.94271 0.779759 -24.5064 
v 8.36667 0.738638 -24.4194 
v 8.36263 0.398263 -24.4192 
v 8.71921 0.386693 -24.4193 
v 8.72448 0.747891 -24.4195 
v 8.36667 0.738638 -24.4194 
v 8.71921 0.386693 -24.4193 
v 8.72448 0.747891 -24.4195 
v 8.71921 0.386693 -24.4193 
v 8.98442 0.37806 -24.4187 
v 8.99069 0.754811 -24.419 
v 8.72448 0.747891 -24.4195 
v 8.98442 0.37806 -24.4187 
v 10.3501 0.332817 -24.5466 
v 9.94271 0.779759 -24.5064 
v 9.93253 0.34678 -24.506 
v 9.94271 0.779759 -24.5064 
v 10.3501 0.332817 -24.5466 
v 10.3622 0.790719 -24.5471 
v 9.24856 0.369398 -24.4423 
v 8.99069 0.754811 -24.419 
v 8.98442 0.37806 -24.4187 
v 8.99069 0.754811 -24.419 
v 9.24856 0.369398 -24.4423 
v 9.25586 0.761751 -24.4426 
v 9.60366 0.357694 -24.4732 
v 9.25586 0.761751 -24.4426 
v 9.24856 0.369398 -24.4423 
v 9.25586 0.761751 -24.4426 
v 9.60366 0.357694 -24.4732 
v 9.61243 0.771099 -24.4735 
v 7.85366 6.06022 -27.0101 
v 7.89587 6.02049 -25.0216 
v 7.93088 6.06022 -25.0231 
v 8.019 0.00268793 -24.577 
v 8.35303 0.337861 -24.573 
v 8.02246 0.348678 -24.5772 
v 8.35303 0.337861 -24.573 
v 8.019 0.00268793 -24.577 
v 8.34924 0.00238276 -24.5728 
v 7.68308 0.00298214 -24.5791 
v 8.02246 0.348678 -24.5772 
v 7.6862 0.359669 -24.5792 
v 8.02246 0.348678 -24.5772 
v 7.68308 0.00298214 -24.5791 
v 8.019 0.00268793 -24.577 
v 8.70535 0.00204325 -24.5729 
v 8.97459 0.317425 -24.5726 
v 8.70947 0.326158 -24.5731 
v 9.5936 0.296828 -24.627 
v 9.58887 0.00119066 -24.6268 
v 9.92235 0.285797 -24.6598 
v 9.92235 0.285797 -24.6598 
v 9.58887 0.00119066 -24.6268 
v 9.9175 0.000885487 -24.6596 
v 8.34924 0.00238276 -24.5728 
v 8.70947 0.326158 -24.5731 
v 8.35303 0.337861 -24.573 
v 8.70947 0.326158 -24.5731 
v 8.34924 0.00238276 -24.5728 
v 8.70535 0.00204325 -24.5729 
v 8.97459 0.317425 -24.5726 
v 8.70535 0.00204325 -24.5729 
v 8.97025 0.00178671 -24.5724 
v 8.97459 0.317425 -24.5726 
v 8.97025 0.00178671 -24.5724 
v 9.23862 0.308662 -24.5961 
v 9.23862 0.308662 -24.5961 
v 8.97025 0.00178671 -24.5724 
v 9.2341 0.00153017 -24.5959 
v 9.23862 0.308662 -24.5961 
v 9.2341 0.00153017 -24.5959 
v 9.5936 0.296828 -24.627 
v 9.5936 0.296828 -24.627 
v 9.2341 0.00153017 -24.5959 
v 9.58887 0.00119066 -24.6268 
v 10.252 0.000591278 -24.6908 
v 9.92235 0.285797 -24.6598 
v 9.9175 0.000885487 -24.6596 
v 9.92235 0.285797 -24.6598 
v 10.252 0.000591278 -24.6908 
v 10.2569 0.274508 -24.691 
v 7.89587 6.02049 -25.0216 
v 7.85366 6.06022 -27.0101 
v 7.83063 6.02047 -27.0091 
v 10.0816 6.02345 -27.0934 
v 10.2211 6.03213 -25.1265 
v 10.2595 5.99162 -25.1282 
v 10.2211 6.03213 -25.1265 
v 10.0816 6.02345 -27.0934 
v 10.0705 6.06391 -27.0922 
v 8.10143 6.02039 -27.0033 
v 8.18707 6.02039 -25.0342 
v 8.23482 6.06026 -25.0363 
v 8.23482 6.06026 -25.0363 
v 8.14919 6.06026 -27.0054 
v 8.10143 6.02039 -27.0033 
v 9.846 6.02304 -27.0797 
v 9.91461 6.03159 -25.1094 
v 9.93967 5.99122 -25.1112 
v 9.91461 6.03159 -25.1094 
v 9.846 6.02304 -27.0797 
v 9.82654 6.0634 -27.0782 
v 9.89273 8.77301 -24.9137 
v 9.88736 8.53881 -24.9135 
v 10.2527 8.75609 -24.9294 
v 10.2491 8.51064 -24.9292 
v 10.6014 8.71962 -24.9445 
v 9.50388 8.7736 -24.8968 
v 9.88736 8.53881 -24.9135 
v 9.89273 8.77301 -24.9137 
v 9.88736 8.53881 -24.9135 
v 9.50388 8.7736 -24.8968 
v 9.50035 8.54751 -24.8967 
v 9.14261 8.75933 -24.8811 
v 9.50035 8.54751 -24.8967 
v 9.50388 8.7736 -24.8968 
v 10.6014 8.71962 -24.9445 
v 10.2491 8.51064 -24.9292 
v 10.5951 8.45697 -24.9443 
v 9.50035 8.54751 -24.8967 
v 9.14261 8.75933 -24.8811 
v 9.13909 8.54303 -24.8809 
v 10.7104 8.4262 -24.9493 
v 10.6014 8.71962 -24.9445 
v 10.5951 8.45697 -24.9443 
v 9.14261 8.75933 -24.8811 
v 8.7811 8.72921 -24.8654 
v 9.13909 8.54303 -24.8809 
v 10.6014 8.71962 -24.9445 
v 10.7104 8.4262 -24.9493 
v 10.895 8.66419 -24.9573 
v 8.77725 8.50395 -24.8652 
v 9.13909 8.54303 -24.8809 
v 8.7811 8.72921 -24.8654 
v 10.7987 8.38878 -24.9531 
v 10.895 8.66419 -24.9573 
v 10.7104 8.4262 -24.9493 
v 8.7811 8.72921 -24.8654 
v 8.39148 8.68183 -24.8484 
v 8.77725 8.50395 -24.8652 
v 10.895 8.66419 -24.9573 
v 10.7987 8.38878 -24.9531 
v 11.0176 8.61923 -24.9626 
v 8.38919 8.44962 -24.8483 
v 8.77725 8.50395 -24.8652 
v 8.39148 8.68183 -24.8484 
v 10.8647 8.3499 -24.956 
v 11.0176 8.61923 -24.9626 
v 10.7987 8.38878 -24.9531 
v 8.39148 8.68183 -24.8484 
v 8.03026 8.62347 -24.8327 
v 8.38919 8.44962 -24.8483 
v 11.0176 8.61923 -24.9626 
v 10.8647 8.3499 -24.956 
v 11.1123 8.56301 -24.9668 
v 8.02576 8.38075 -24.8325 
v 8.38919 8.44962 -24.8483 
v 8.03026 8.62347 -24.8327 
v 10.9352 8.28245 -24.9591 
v 11.1123 8.56301 -24.9668 
v 10.8647 8.3499 -24.956 
v 8.03026 8.62347 -24.8327 
v 7.67976 8.5495 -24.8175 
v 8.02576 8.38075 -24.8325 
v 11.1123 8.56301 -24.9668 
v 10.9352 8.28245 -24.9591 
v 11.1866 8.49145 -24.97 
v 7.6774 8.29096 -24.8174 
v 8.02576 8.38075 -24.8325 
v 7.67976 8.5495 -24.8175 
v 11.2409 8.40417 -24.9724 
v 11.1866 8.49145 -24.97 
v 10.9352 8.28245 -24.9591 
v 10.9868 8.20011 -24.9613 
v 11.2741 8.24411 -24.9738 
v 11.0199 8.09936 -24.9627 
v 7.67976 8.5495 -24.8175 
v 7.56079 8.24903 -24.8123 
v 7.6774 8.29096 -24.8174 
v 7.56079 8.24903 -24.8123 
v 7.67976 8.5495 -24.8175 
v 7.38392 8.46534 -24.8046 
v 7.38392 8.46534 -24.8046 
v 7.47108 8.20355 -24.8084 
v 7.56079 8.24903 -24.8123 
v 7.47108 8.20355 -24.8084 
v 7.38392 8.46534 -24.8046 
v 7.25959 8.40956 -24.7992 
v 10.8412 2.41849 -24.955 
v 11.2741 8.24411 -24.9738 
v 11.0199 8.09936 -24.9627 
v 7.25959 8.40956 -24.7992 
v 7.40359 8.15901 -24.8055 
v 7.47108 8.20355 -24.8084 
v 11.0088 0.807825 -24.9623 
v 11.2741 8.24411 -24.9738 
v 10.8412 2.41849 -24.955 
v 7.40359 8.15901 -24.8055 
v 7.25959 8.40956 -24.7992 
v 7.16285 8.34575 -24.795 
v 7.16756 2.36536 -24.7952 
v 11.0088 0.807825 -24.9623 
v 10.8412 2.41849 -24.955 
v 7.16285 8.34575 -24.795 
v 7.3306 8.08617 -24.8023 
v 7.40359 8.15901 -24.8055 
v 11.0088 0.807825 -24.9623 
v 7.16756 2.36536 -24.7952 
v 6.93412 0.702919 -24.7851 
v 7.3306 8.08617 -24.8023 
v 7.16285 8.34575 -24.795 
v 7.08609 8.26906 -24.7917 
v 6.98987 8.0194 -24.7875 
v 6.93412 0.702919 -24.7851 
v 7.16756 2.36536 -24.7952 
v 7.02868 8.17891 -24.7892 
v 7.3306 8.08617 -24.8023 
v 7.08609 8.26906 -24.7917 
v 6.98987 8.0194 -24.7875 
v 7.27595 8.00062 -24.7999 
v 7.23925 7.89884 -24.7983 
v 6.98987 8.0194 -24.7875 
v 7.16756 2.36536 -24.7952 
v 7.23925 7.89884 -24.7983 
v 7.3306 8.08617 -24.8023 
v 7.02868 8.17891 -24.7892 
v 7.27595 8.00062 -24.7999 
v 10.7072 4.05494 -25.1893 
v 9.9609 4.03197 -25.0292 
v 9.95525 4.03197 -25.1591 
v 8.38824 4.04152 -24.9971 
v 7.34211 4.0561 -25.1106 
v 8.38125 4.04152 -25.1577 
v 7.08766 4.1443 -27.0527 
v 9.45497 4.07056 -27.1303 
v 7.08443 4.05694 -27.0526 
v 7.08766 4.1443 -27.0527 
v 9.46074 4.17536 -27.1305 
v 9.45497 4.07056 -27.1303 
v 8.38824 4.04152 -24.9971 
v 9.95525 4.03197 -25.1591 
v 9.9609 4.03197 -25.0292 
v 9.95525 4.03197 -25.1591 
v 8.38824 4.04152 -24.9971 
v 8.38125 4.04152 -25.1577 
v 7.34211 4.0561 -25.1106 
v 8.38824 4.04152 -24.9971 
v 7.17719 4.05694 -24.9198 
v 7.10231 6.08271 -27.0533 
v 9.50217 6.00897 -27.1323 
v 7.09904 5.99536 -27.0532 
v 7.10231 6.08271 -27.0533 
v 9.50802 6.11377 -27.1326 
v 9.50217 6.00897 -27.1323 
v 7.17719 4.05694 -24.9198 
v 7.16259 4.06521 -25.8508 
v 7.34211 4.0561 -25.1106 
v 7.22711 4.05625 -26.9469 
v 7.16259 4.06521 -25.8508 
v 7.08443 4.05694 -27.0526 
v 9.46074 4.17536 -27.1305 
v 10.8055 4.05404 -27.2144 
v 9.45497 4.07056 -27.1303 
v 9.46074 4.17536 -27.1305 
v 10.8114 4.14382 -27.2146 
v 10.8055 4.05404 -27.2144 
v 9.50802 6.11377 -27.1326 
v 10.8713 5.99245 -27.2173 
v 9.50217 6.00897 -27.1323 
v 9.50802 6.11377 -27.1326 
v 10.8772 6.08224 -27.2175 
v 10.8713 5.99245 -27.2173 
v 7.08443 4.05694 -27.0526 
v 9.45497 4.07056 -27.1303 
v 7.22711 4.05625 -26.9469 
v 7.16259 4.06521 -25.8508 
v 7.22711 4.05625 -26.9469 
v 7.31794 4.06448 -25.8576 
v 9.60576 6.06274 -27.0635 
v 9.62165 6.02236 -25.0966 
v 9.64272 6.02247 -27.0668 
v 9.9661 4.12118 -25.0294 
v 10.8983 4.05404 -25.0816 
v 10.9041 4.14383 -25.0818 
v 10.8983 4.05404 -25.0816 
v 9.9661 4.12118 -25.0294 
v 9.9609 4.03197 -25.0292 
v 10.8983 4.05404 -25.0816 
v 9.9609 4.03197 -25.0292 
v 10.7072 4.05494 -25.1893 
v 10.0191 6.05959 -25.0318 
v 10.9641 5.99245 -25.0845 
v 10.97 6.08224 -25.0847 
v 10.9641 5.99245 -25.0845 
v 10.0191 6.05959 -25.0318 
v 10.0138 5.97038 -25.0315 
v 7.34211 4.0561 -25.1106 
v 7.16259 4.06521 -25.8508 
v 7.31794 4.06448 -25.8576 
v 10.7072 4.05494 -25.1893 
v 10.814 4.05429 -25.9298 
v 10.8983 4.05404 -25.0816 
v 10.814 4.05429 -25.9298 
v 10.7072 4.05494 -25.1893 
v 10.6651 4.05498 -25.9233 
v 10.6651 4.05498 -25.9233 
v 10.662 4.05479 -27.0372 
v 10.814 4.05429 -25.9298 
v 10.8055 4.05404 -27.2144 
v 10.814 4.05429 -25.9298 
v 10.662 4.05479 -27.0372 
v 10.075 4.05312 -25.1206 
v 10.0265 4.08504 -27.091 
v 10.2033 4.05321 -25.1258 
v 10.0265 4.08504 -27.091 
v 10.075 4.05312 -25.1206 
v 9.96555 4.08497 -27.0885 
v 9.72574 4.08448 -27.0747 
v 9.88773 4.05281 -25.1089 
v 9.78503 4.05262 -25.1048 
v 9.88773 4.05281 -25.1089 
v 9.72574 4.08448 -27.0747 
v 9.79417 4.08462 -27.0774 
v 9.60576 6.06274 -27.0635 
v 9.587 6.06259 -25.0953 
v 9.62165 6.02236 -25.0966 
v 10.662 4.05479 -27.0372 
v 9.45497 4.07056 -27.1303 
v 10.8055 4.05404 -27.2144 
v 9.44639 4.07054 -26.9801 
v 7.22711 4.05625 -26.9469 
v 9.45497 4.07056 -27.1303 
v 9.45497 4.07056 -27.1303 
v 10.662 4.05479 -27.0372 
v 9.44639 4.07054 -26.9801 
v 7.5223 4.08274 -25.0053 
v 7.55899 4.08243 -26.9797 
v 7.67811 4.08236 -25.0121 
v 7.55899 4.08243 -26.9797 
v 7.5223 4.08274 -25.0053 
v 7.47012 4.08265 -26.9758 
v 8.55232 6.02067 -25.0501 
v 8.47402 6.06063 -27.0195 
v 8.42608 6.02062 -27.0174 
v 9.46903 4.08381 -25.09 
v 9.43341 4.08388 -27.0577 
v 9.57402 4.08395 -25.0945 
v 9.57402 4.08395 -25.0945 
v 9.43341 4.08388 -27.0577 
v 9.59365 4.08406 -27.0647 
v 9.19893 4.08338 -25.0782 
v 9.20078 4.08353 -27.0511 
v 9.28641 4.08353 -25.082 
v 9.20078 4.08353 -27.0511 
v 9.19893 4.08338 -25.0782 
v 9.1133 4.08338 -27.0473 
v 8.7998 4.08267 -25.0609 
v 8.79943 4.08282 -27.0336 
v 8.9602 4.08295 -25.0678 
v 8.79943 4.08282 -27.0336 
v 8.7998 4.08267 -25.0609 
v 8.6906 4.08264 -27.0289 
v 8.51921 4.08226 -25.0487 
v 8.39352 4.08221 -27.016 
v 8.59937 4.08236 -25.0521 
v 8.59937 4.08236 -25.0521 
v 8.39352 4.08221 -27.016 
v 8.55381 4.08242 -27.023 
v 8.07328 4.08198 -27.0021 
v 8.31897 4.08205 -25.0399 
v 8.15891 4.08198 -25.033 
v 8.31897 4.08205 -25.0399 
v 8.07328 4.08198 -27.0021 
v 8.23333 4.08206 -27.009 
v 7.87166 4.08208 -25.0205 
v 7.80614 4.08206 -27.0081 
v 7.96663 4.082 -25.0246 
v 7.96663 4.082 -25.0246 
v 7.80614 4.08206 -27.0081 
v 7.90148 4.08199 -27.0122 
v 10.4335 4.08374 -25.1319 
v 10.3535 4.08372 -27.1012 
v 10.5277 4.0835 -25.136 
v 10.5277 4.0835 -25.136 
v 10.3535 4.08372 -27.1012 
v 10.4364 4.08352 -27.1048 
v 8.42486 6.09499 -24.9987 
v 10.0138 5.97038 -25.0315 
v 10.0191 6.05959 -25.0318 
v 10.0138 5.97038 -25.0315 
v 8.42486 6.09499 -24.9987 
v 8.41952 5.97993 -24.9984 
v 8.3935 4.15658 -24.9973 
v 9.9609 4.03197 -25.0292 
v 9.9661 4.12118 -25.0294 
v 9.9609 4.03197 -25.0292 
v 8.3935 4.15658 -24.9973 
v 8.38824 4.04152 -24.9971 
v 10.7315 6.0829 -27.0402 
v 9.50802 6.11377 -27.1326 
v 9.49923 6.11374 -26.9824 
v 7.18041 4.1443 -24.9199 
v 8.38824 4.04152 -24.9971 
v 8.3935 4.15658 -24.9973 
v 8.38824 4.04152 -24.9971 
v 7.18041 4.1443 -24.9199 
v 7.17719 4.05694 -24.9198 
v 7.19506 6.08271 -24.9205 
v 8.41952 5.97993 -24.9984 
v 8.42486 6.09499 -24.9987 
v 8.41952 5.97993 -24.9984 
v 7.19506 6.08271 -24.9205 
v 7.19179 5.99536 -24.9204 
v 7.18183 6.11739 -25.8517 
v 7.36247 6.08196 -25.1115 
v 7.33943 6.11677 -25.8585 
v 9.50802 6.11377 -27.1326 
v 10.7315 6.0829 -27.0402 
v 10.8772 6.08224 -27.2175 
v 9.50802 6.11377 -27.1326 
v 7.24696 6.0821 -26.9478 
v 9.49923 6.11374 -26.9824 
v 7.24696 6.0821 -26.9478 
v 7.18183 6.11739 -25.8517 
v 7.33943 6.11677 -25.8585 
v 10.8838 6.06334 -25.9329 
v 10.8772 6.08224 -27.2175 
v 10.7315 6.0829 -27.0402 
v 7.36247 6.08196 -25.1115 
v 8.42486 6.09499 -24.9987 
v 8.41787 6.09499 -25.1593 
v 10.8838 6.06334 -25.9329 
v 10.7762 6.08303 -25.1923 
v 10.97 6.08224 -25.0847 
v 8.42486 6.09499 -24.9987 
v 7.36247 6.08196 -25.1115 
v 7.19506 6.08271 -24.9205 
v 10.0191 6.05959 -25.0318 
v 10.97 6.08224 -25.0847 
v 10.7762 6.08303 -25.1923 
v 9.50802 6.11377 -27.1326 
v 7.10231 6.08271 -27.0533 
v 7.24696 6.0821 -26.9478 
v 10.0134 6.05959 -25.1617 
v 8.42486 6.09499 -24.9987 
v 10.0191 6.05959 -25.0318 
v 10.0134 6.05959 -25.1617 
v 8.41787 6.09499 -25.1593 
v 8.42486 6.09499 -24.9987 
v 10.7315 6.0829 -27.0402 
v 10.7327 6.06397 -25.9263 
v 10.8838 6.06334 -25.9329 
v 9.587 6.06259 -25.0953 
v 9.53531 6.06265 -27.0622 
v 9.54084 6.06252 -25.0945 
v 9.53531 6.06265 -27.0622 
v 9.587 6.06259 -25.0953 
v 9.60576 6.06274 -27.0635 
v 9.22146 6.06209 -27.052 
v 9.26866 6.06201 -25.0813 
v 9.3071 6.06209 -25.0829 
v 9.26866 6.06201 -25.0813 
v 9.22146 6.06209 -27.052 
v 9.18303 6.06201 -27.0503 
v 8.87068 6.06119 -25.0639 
v 8.8225 6.06127 -27.0347 
v 8.77469 6.06117 -27.0326 
v 8.8225 6.06127 -27.0347 
v 8.87068 6.06119 -25.0639 
v 8.94114 6.06134 -25.067 
v 7.18183 6.11739 -25.8517 
v 7.24696 6.0821 -26.9478 
v 7.10231 6.08271 -27.0533 
v 10.7762 6.08303 -25.1923 
v 10.8838 6.06334 -25.9329 
v 10.7327 6.06397 -25.9263 
v 10.5639 6.06255 -25.1376 
v 10.4394 6.06264 -27.105 
v 10.5225 6.06264 -25.1358 
v 10.4394 6.06264 -27.105 
v 10.5639 6.06255 -25.1376 
v 10.4758 6.06256 -27.1066 
v 8.47402 6.06063 -27.0195 
v 8.61247 6.06072 -25.0527 
v 8.54444 6.06074 -27.0226 
v 8.61247 6.06072 -25.0527 
v 8.47402 6.06063 -27.0195 
v 8.57725 6.06066 -25.0512 
v 8.30514 6.06031 -25.0393 
v 8.14919 6.06026 -27.0054 
v 8.23482 6.06026 -25.0363 
v 8.14919 6.06026 -27.0054 
v 8.30514 6.06031 -25.0393 
v 8.21951 6.06031 -27.0084 
v 7.85366 6.06022 -27.0101 
v 7.97261 6.0602 -25.0249 
v 7.89554 6.0602 -27.0119 
v 7.97261 6.0602 -25.0249 
v 7.85366 6.06022 -27.0101 
v 7.93088 6.06022 -25.0231 
v 7.55613 6.06058 -26.9796 
v 7.58802 6.0607 -25.0082 
v 7.65647 6.06055 -25.0111 
v 7.58802 6.0607 -25.0082 
v 7.55613 6.06058 -26.9796 
v 7.51709 6.06067 -26.9779 
v 10.0705 6.06391 -27.0922 
v 10.1647 6.03196 -25.1238 
v 10.2211 6.03213 -25.1265 
v 10.1647 6.03196 -25.1238 
v 10.0705 6.06391 -27.0922 
v 10.0437 6.06381 -27.0909 
v 9.82654 6.0634 -27.0782 
v 9.86947 6.0314 -25.1078 
v 9.91461 6.03159 -25.1094 
v 9.86947 6.0314 -25.1078 
v 9.82654 6.0634 -27.0782 
v 9.79647 6.06327 -27.0772 
v 7.18183 6.11739 -25.8517 
v 7.19506 6.08271 -24.9205 
v 7.36247 6.08196 -25.1115 
v 8.47402 6.06063 -27.0195 
v 8.55232 6.02067 -25.0501 
v 8.57725 6.06066 -25.0512 
v 10.7762 6.08303 -25.1923 
v 10.0134 6.05959 -25.1617 
v 10.0191 6.05959 -25.0318 
v 8.83677 6.02109 -25.0625 
v 8.77469 6.06117 -27.0326 
v 8.72725 6.02105 -27.0305 
v 10.5035 4.12414 -25.135 
v 10.4364 4.08352 -27.1048 
v 10.4154 4.12414 -27.1039 
v 10.1653 4.09372 -25.1241 
v 10.0265 4.08504 -27.091 
v 10.0156 4.12549 -27.0898 
v 8.77469 6.06117 -27.0326 
v 8.83677 6.02109 -25.0625 
v 8.87068 6.06119 -25.0639 
v 10.4364 4.08352 -27.1048 
v 10.5035 4.12414 -25.135 
v 10.5277 4.0835 -25.136 
v 7.09945 3.92233 -26.8263 
v 7.09335 3.93272 -26.9526 
v 7.16636 3.94799 -26.9036 
v 7.1725 3.92233 -25.1465 
v 7.24587 3.94799 -25.0752 
v 7.17739 3.93272 -25.0202 
v 8.8225 6.06127 -27.0347 
v 8.94114 6.06134 -25.067 
v 8.99938 6.02137 -25.0695 
v 10.7925 3.92648 -27.1134 
v 10.7963 3.91582 -26.9871 
v 10.7256 3.94301 -27.0584 
v 7.5223 4.08274 -25.0053 
v 7.49687 4.12225 -26.977 
v 7.47012 4.08265 -26.9758 
v 10.8052 3.94301 -25.23 
v 10.8694 3.91582 -25.3073 
v 10.8765 3.92648 -25.181 
v 9.24444 6.02194 -27.053 
v 9.3071 6.06209 -25.0829 
v 9.33008 6.02194 -25.0839 
v 9.3071 6.06209 -25.0829 
v 9.24444 6.02194 -27.053 
v 9.22146 6.06209 -27.052 
v 7.24587 3.94799 -25.0752 
v 7.1725 3.92233 -25.1465 
v 7.24828 3.9463 -25.1734 
v 7.17727 3.94631 -26.8061 
v 7.09945 3.92233 -26.8263 
v 7.16636 3.94799 -26.9036 
v 7.15911 3.91968 -25.4596 
v 7.24828 3.9463 -25.1734 
v 7.1725 3.92233 -25.1465 
v 7.1133 3.91968 -26.5132 
v 7.09945 3.92233 -26.8263 
v 7.17727 3.94631 -26.8061 
v 10.7231 3.94136 -26.9603 
v 10.7256 3.94301 -27.0584 
v 10.7963 3.91582 -26.9871 
v 10.8694 3.91582 -25.3073 
v 10.8052 3.94301 -25.23 
v 10.7941 3.94136 -25.3276 
v 10.7941 3.94136 -25.3276 
v 10.8553 3.9131 -25.6204 
v 10.8694 3.91582 -25.3073 
v 10.8094 3.9131 -26.6739 
v 10.7231 3.94136 -26.9603 
v 10.7963 3.91582 -26.9871 
v 7.24828 3.9463 -25.1734 
v 7.15911 3.91968 -25.4596 
v 7.23792 3.94573 -25.4641 
v 7.13625 3.91942 -25.9864 
v 7.23792 3.94573 -25.4641 
v 7.15911 3.91968 -25.4596 
v 7.23792 3.94573 -25.4641 
v 7.13625 3.91942 -25.9864 
v 7.21557 3.94568 -25.9899 
v 7.1922 3.94573 -26.5155 
v 7.21557 3.94568 -25.9899 
v 7.13625 3.91942 -25.9864 
v 7.13625 3.91942 -25.9864 
v 7.1133 3.91968 -26.5132 
v 7.1922 3.94573 -26.5155 
v 7.17727 3.94631 -26.8061 
v 7.1922 3.94573 -26.5155 
v 7.1133 3.91968 -26.5132 
v 7.87166 4.08208 -25.0205 
v 7.82886 4.12181 -27.009 
v 7.80614 4.08206 -27.0081 
v 10.8553 3.9131 -25.6204 
v 10.7941 3.94136 -25.3276 
v 10.7791 3.94079 -25.6181 
v 10.7791 3.94079 -25.6181 
v 10.8323 3.91284 -26.1471 
v 10.8553 3.9131 -25.6204 
v 10.8323 3.91284 -26.1471 
v 10.7334 3.94079 -26.6695 
v 10.8094 3.9131 -26.6739 
v 10.7334 3.94079 -26.6695 
v 10.7231 3.94136 -26.9603 
v 10.8094 3.9131 -26.6739 
v 10.8323 3.91284 -26.1471 
v 10.7791 3.94079 -25.6181 
v 10.7557 3.94075 -26.1438 
v 10.7557 3.94075 -26.1438 
v 10.7334 3.94079 -26.6695 
v 10.8323 3.91284 -26.1471 
v 9.54084 6.06252 -25.0945 
v 9.53531 6.06265 -27.0622 
v 9.48028 6.02229 -27.0597 
v 10.8655 5.97895 -27.1166 
v 10.7956 5.9632 -27.0615 
v 10.8707 5.98962 -26.9903 
v 8.61247 6.06072 -25.0527 
v 8.58857 6.02083 -27.0245 
v 8.54444 6.06074 -27.0226 
v 10.9496 5.97895 -25.1842 
v 10.9438 5.98962 -25.3105 
v 10.8751 5.96321 -25.2331 
v 7.11218 5.98211 -26.9534 
v 7.11906 5.99249 -26.8271 
v 7.18502 5.96605 -26.9045 
v 7.19211 5.99249 -25.1474 
v 7.19622 5.98211 -25.021 
v 7.26454 5.96605 -25.076 
v 9.26866 6.06201 -25.0813 
v 9.18303 6.06201 -27.0503 
v 9.15576 6.02179 -27.0491 
v 9.26866 6.06201 -25.0813 
v 9.15576 6.02179 -27.0491 
v 9.24139 6.02179 -25.0801 
v 7.09322 3.95625 -26.9982 
v 7.1731 3.96465 -26.9159 
v 7.09335 3.93272 -26.9526 
v 7.17739 3.93272 -25.0202 
v 7.25365 3.96465 -25.0637 
v 7.18122 3.95625 -24.9747 
v 10.7196 3.96019 -27.0701 
v 10.7911 3.95067 -27.159 
v 10.7925 3.92648 -27.1134 
v 9.863 4.09318 -25.1072 
v 9.79417 4.08462 -27.0774 
v 9.77498 4.12499 -27.076 
v 10.7956 5.9632 -27.0615 
v 10.7931 5.96493 -26.9633 
v 10.8707 5.98962 -26.9903 
v 10.8641 5.96493 -25.3306 
v 10.8751 5.96321 -25.2331 
v 10.9438 5.98962 -25.3105 
v 7.09335 3.93272 -26.9526 
v 7.1731 3.96465 -26.9159 
v 7.16636 3.94799 -26.9036 
v 10.7931 5.96493 -26.9633 
v 10.8842 5.99234 -26.6772 
v 10.8707 5.98962 -26.9903 
v 10.93 5.99234 -25.6236 
v 10.8641 5.96493 -25.3306 
v 10.9438 5.98962 -25.3105 
v 10.8001 3.96019 -25.2179 
v 10.8765 3.92648 -25.181 
v 10.8791 3.95067 -25.1355 
v 7.18502 5.96605 -26.9045 
v 7.11906 5.99249 -26.8271 
v 7.19616 5.96766 -26.8069 
v 7.26716 5.96766 -25.1742 
v 7.19211 5.99249 -25.1474 
v 7.26454 5.96605 -25.076 
v 7.13311 5.99513 -26.514 
v 7.19616 5.96766 -26.8069 
v 7.11906 5.99249 -26.8271 
v 7.17893 5.99513 -25.4605 
v 7.19211 5.99249 -25.1474 
v 7.26716 5.96766 -25.1742 
v 10.8842 5.99234 -26.6772 
v 10.7931 5.96493 -26.9633 
v 10.8035 5.96552 -26.6726 
v 7.25365 3.96465 -25.0637 
v 7.17739 3.93272 -25.0202 
v 7.24587 3.94799 -25.0752 
v 10.8035 5.96552 -26.6726 
v 10.9071 5.9926 -26.1504 
v 10.8842 5.99234 -26.6772 
v 10.9071 5.9926 -26.1504 
v 10.8035 5.96552 -26.6726 
v 10.8258 5.96557 -26.1469 
v 10.8258 5.96557 -26.1469 
v 10.8492 5.96552 -25.6212 
v 10.9071 5.9926 -26.1504 
v 10.9071 5.9926 -26.1504 
v 10.8492 5.96552 -25.6212 
v 10.93 5.99234 -25.6236 
v 10.8492 5.96552 -25.6212 
v 10.8641 5.96493 -25.3306 
v 10.93 5.99234 -25.6236 
v 10.7925 3.92648 -27.1134 
v 10.7256 3.94301 -27.0584 
v 10.7196 3.96019 -27.0701 
v 7.82886 4.12181 -27.009 
v 7.87166 4.08208 -25.0205 
v 7.90621 4.12181 -25.022 
v 7.49687 4.12225 -26.977 
v 7.5223 4.08274 -25.0053 
v 7.568 4.12229 -25.0073 
v 7.19616 5.96766 -26.8069 
v 7.13311 5.99513 -26.514 
v 7.21116 5.96821 -26.5164 
v 7.26716 5.96766 -25.1742 
v 7.25688 5.96821 -25.465 
v 7.17893 5.99513 -25.4605 
v 8.8225 6.06127 -27.0347 
v 8.99938 6.02137 -25.0695 
v 8.83758 6.02123 -27.0353 
v 7.15609 5.99539 -25.9873 
v 7.21116 5.96821 -26.5164 
v 7.13311 5.99513 -26.514 
v 7.21116 5.96821 -26.5164 
v 7.15609 5.99539 -25.9873 
v 7.23454 5.96825 -25.9907 
v 7.25688 5.96821 -25.465 
v 7.23454 5.96825 -25.9907 
v 7.15609 5.99539 -25.9873 
v 7.15609 5.99539 -25.9873 
v 7.17893 5.99513 -25.4605 
v 7.25688 5.96821 -25.465 
v 10.8765 3.92648 -25.181 
v 10.8001 3.96019 -25.2179 
v 10.8052 3.94301 -25.23 
v 8.34932 6.02047 -25.0413 
v 8.21951 6.06031 -27.0084 
v 8.30514 6.06031 -25.0393 
v 8.21951 6.06031 -27.0084 
v 8.34932 6.02047 -25.0413 
v 8.26369 6.02047 -27.0104 
v 9.79417 4.08462 -27.0774 
v 9.863 4.09318 -25.1072 
v 9.88773 4.05281 -25.1089 
v 9.48028 6.02229 -27.0597 
v 9.51521 6.02222 -25.092 
v 9.54084 6.06252 -25.0945 
v 10.7872 5.9461 -27.073 
v 10.8655 5.97895 -27.1166 
v 10.861 5.95476 -27.1621 
v 10.8655 5.97895 -27.1166 
v 10.7872 5.9461 -27.073 
v 10.7956 5.9632 -27.0615 
v 10.0265 4.08504 -27.091 
v 10.1653 4.09372 -25.1241 
v 10.2033 4.05321 -25.1258 
v 10.9496 5.97895 -25.1842 
v 10.8678 5.9461 -25.2208 
v 10.949 5.95476 -25.1385 
v 8.58857 6.02083 -27.0245 
v 8.61247 6.06072 -25.0527 
v 8.63358 6.02078 -25.0536 
v 7.11218 5.98211 -26.9534 
v 7.1906 5.94932 -26.9166 
v 7.11031 5.95857 -26.999 
v 10.8678 5.9461 -25.2208 
v 10.9496 5.97895 -25.1842 
v 10.8751 5.96321 -25.2331 
v 7.1906 5.94932 -26.9166 
v 7.11218 5.98211 -26.9534 
v 7.18502 5.96605 -26.9045 
v 7.27115 5.94932 -25.0644 
v 7.19622 5.98211 -25.021 
v 7.19831 5.95857 -24.9754 
v 7.19622 5.98211 -25.021 
v 7.27115 5.94932 -25.0644 
v 7.26454 5.96605 -25.076 
v 9.86947 6.0314 -25.1078 
v 9.77663 6.0229 -27.0769 
v 9.83556 5.99103 -25.107 
v 8.44081 4.12222 -27.0181 
v 8.51921 4.08226 -25.0487 
v 8.5438 4.12225 -25.0497 
v 8.07328 4.08198 -27.0021 
v 8.15891 4.08198 -25.033 
v 8.20602 4.12184 -25.035 
v 8.20602 4.12184 -25.035 
v 8.12039 4.12184 -27.0041 
v 8.07328 4.08198 -27.0021 
v 10.0437 6.06381 -27.0909 
v 10.1295 5.99154 -25.123 
v 10.1647 6.03196 -25.1238 
v 9.55719 4.12433 -27.0613 
v 9.53984 4.12418 -25.0933 
v 9.57402 4.08395 -25.0945 
v 7.89554 6.0602 -27.0119 
v 7.99214 6.02042 -25.0257 
v 7.92728 6.02041 -27.0133 
v 7.58007 6.02084 -26.9806 
v 7.65647 6.06055 -25.0111 
v 7.69965 6.02077 -25.013 
v 9.55719 4.12433 -27.0613 
v 9.57402 4.08395 -25.0945 
v 9.59365 4.08406 -27.0647 
v 9.86947 6.0314 -25.1078 
v 9.79647 6.06327 -27.0772 
v 9.77663 6.0229 -27.0769 
v 9.17811 4.12368 -27.0501 
v 9.28641 4.08353 -25.082 
v 9.20078 4.08353 -27.0511 
v 9.17811 4.12368 -27.0501 
v 9.26374 4.12368 -25.081 
v 9.28641 4.08353 -25.082 
v 7.1754 3.98777 -26.9223 
v 7.09322 3.95625 -26.9982 
v 7.09408 3.9882 -27.0117 
v 10.3416 0.000521183 -24.5462 
v 10.2569 0.274508 -24.691 
v 10.252 0.000591278 -24.6908 
v 10.2569 0.274508 -24.691 
v 10.3416 0.000521183 -24.5462 
v 10.3501 0.332817 -24.5466 
v 8.51921 4.08226 -25.0487 
v 8.44081 4.12222 -27.0181 
v 8.39352 4.08221 -27.016 
v 7.09322 3.95625 -26.9982 
v 7.1754 3.98777 -26.9223 
v 7.1731 3.96465 -26.9159 
v 7.18122 3.95625 -24.9747 
v 7.2565 3.98777 -25.0575 
v 7.18324 3.9882 -24.9613 
v 8.7374 4.12276 -27.031 
v 8.7998 4.08267 -25.0609 
v 8.83324 4.12278 -25.0623 
v 10.1295 5.99154 -25.123 
v 10.0437 6.06381 -27.0909 
v 10.0197 6.02338 -27.0909 
v 7.23694 3.96711 -25.9908 
v 7.25858 3.9671 -25.467 
v 7.21557 3.94568 -25.9899 
v 7.21557 3.94568 -25.9899 
v 7.21302 3.9671 -26.5145 
v 7.23694 3.96711 -25.9908 
v 10.7191 3.98394 -27.0764 
v 10.7924 3.98351 -27.1725 
v 10.7911 3.95067 -27.159 
v 10.7837 5.92236 -27.0792 
v 10.861 5.95476 -27.1621 
v 10.858 5.92193 -27.1754 
v 7.2565 3.98777 -25.0575 
v 7.18122 3.95625 -24.9747 
v 7.25365 3.96465 -25.0637 
v 7.25858 3.9671 -25.467 
v 7.26632 3.96686 -25.178 
v 7.23792 3.94573 -25.4641 
v 7.1922 3.94573 -26.5155 
v 7.19564 3.96686 -26.8031 
v 7.21302 3.9671 -26.5145 
v 7.23792 3.94573 -25.4641 
v 7.21557 3.94568 -25.9899 
v 7.25858 3.9671 -25.467 
v 7.21302 3.9671 -26.5145 
v 7.21557 3.94568 -25.9899 
v 7.1922 3.94573 -26.5155 
v 10.7911 3.95067 -27.159 
v 10.7196 3.96019 -27.0701 
v 10.7191 3.98394 -27.0764 
v 10.861 5.95476 -27.1621 
v 10.7837 5.92236 -27.0792 
v 10.7872 5.9461 -27.073 
v 7.61198 0.422537 -24.4275 
v 7.60632 0.00305176 -24.4273 
v 7.6862 0.359669 -24.5792 
v 8.78456 4.12286 -27.033 
v 8.9602 4.08295 -25.0678 
v 8.79943 4.08282 -27.0336 
v 10.8002 3.98394 -25.2116 
v 10.8791 3.95067 -25.1355 
v 10.8816 3.98351 -25.1221 
v 7.6862 0.359669 -24.5792 
v 7.60632 0.00305176 -24.4273 
v 7.68308 0.00298214 -24.5791 
v 10.949 5.95476 -25.1385 
v 10.8648 5.92236 -25.2144 
v 10.9472 5.92193 -25.125 
v 10.8791 3.95067 -25.1355 
v 10.8002 3.98394 -25.2116 
v 10.8001 3.96019 -25.2179 
v 10.8648 5.92236 -25.2144 
v 10.949 5.95476 -25.1385 
v 10.8678 5.9461 -25.2208 
v 7.11031 5.95857 -26.999 
v 7.19118 5.92618 -26.9229 
v 7.10879 5.92661 -27.0124 
v 10.7605 3.96295 -25.6193 
v 10.7366 3.96298 -26.143 
v 10.7557 3.94075 -26.1438 
v 10.7149 3.96295 -26.6668 
v 10.7557 3.94075 -26.1438 
v 10.7366 3.96298 -26.143 
v 7.17727 3.94631 -26.8061 
v 7.16636 3.94799 -26.9036 
v 7.19564 3.96686 -26.8031 
v 7.26632 3.96686 -25.178 
v 7.24587 3.94799 -25.0752 
v 7.24828 3.9463 -25.1734 
v 7.19118 5.92618 -26.9229 
v 7.11031 5.95857 -26.999 
v 7.1906 5.94932 -26.9166 
v 7.89554 6.0602 -27.0119 
v 7.97261 6.0602 -25.0249 
v 7.99214 6.02042 -25.0257 
v 10.7778 3.96265 -25.3307 
v 10.7605 3.96295 -25.6193 
v 10.7791 3.94079 -25.6181 
v 10.7072 3.96265 -26.9558 
v 10.7334 3.94079 -26.6695 
v 10.7149 3.96295 -26.6668 
v 10.7605 3.96295 -25.6193 
v 10.7557 3.94075 -26.1438 
v 10.7791 3.94079 -25.6181 
v 10.7557 3.94075 -26.1438 
v 10.7149 3.96295 -26.6668 
v 10.7334 3.94079 -26.6695 
v 7.19564 3.96686 -26.8031 
v 7.1922 3.94573 -26.5155 
v 7.17727 3.94631 -26.8061 
v 7.19796 5.92661 -24.9619 
v 7.27227 5.92618 -25.0582 
v 7.19831 5.95857 -24.9754 
v 7.24828 3.9463 -25.1734 
v 7.23792 3.94573 -25.4641 
v 7.26632 3.96686 -25.178 
v 7.27115 5.94932 -25.0644 
v 7.19831 5.95857 -24.9754 
v 7.27227 5.92618 -25.0582 
v 8.7998 4.08267 -25.0609 
v 8.7374 4.12276 -27.031 
v 8.6906 4.08264 -27.0289 
v 10.4394 6.06264 -27.105 
v 10.4929 6.02215 -25.1345 
v 10.5225 6.06264 -25.1358 
v 10.8052 3.94301 -25.23 
v 10.7778 3.96265 -25.3307 
v 10.7941 3.94136 -25.3276 
v 10.7072 3.96265 -26.9558 
v 10.7256 3.94301 -27.0584 
v 10.7231 3.94136 -26.9603 
v 10.8258 5.96557 -26.1469 
v 10.7819 5.94357 -26.6697 
v 10.8035 5.94355 -26.1459 
v 10.8275 5.94357 -25.6222 
v 10.8258 5.96557 -26.1469 
v 10.8035 5.94355 -26.1459 
v 10.7778 3.96265 -25.3307 
v 10.7791 3.94079 -25.6181 
v 10.7941 3.94136 -25.3276 
v 10.7334 3.94079 -26.6695 
v 10.7072 3.96265 -26.9558 
v 10.7231 3.94136 -26.9603 
v 9.22583 4.1236 -25.0794 
v 9.1402 4.1236 -27.0485 
v 9.1133 4.08338 -27.0473 
v 9.22583 4.1236 -25.0794 
v 9.1133 4.08338 -27.0473 
v 9.19893 4.08338 -25.0782 
v 10.8035 5.96552 -26.6726 
v 10.7742 5.94382 -26.9587 
v 10.7819 5.94357 -26.6697 
v 10.8449 5.94382 -25.3336 
v 10.8492 5.96552 -25.6212 
v 10.8275 5.94357 -25.6222 
v 10.7819 5.94357 -26.6697 
v 10.8258 5.96557 -26.1469 
v 10.8035 5.96552 -26.6726 
v 10.8258 5.96557 -26.1469 
v 10.8275 5.94357 -25.6222 
v 10.8492 5.96552 -25.6212 
v 10.4929 6.02215 -25.1345 
v 10.4394 6.06264 -27.105 
v 10.413 6.02214 -27.1038 
v 7.65647 6.06055 -25.0111 
v 7.58007 6.02084 -26.9806 
v 7.55613 6.06058 -26.9796 
v 10.7956 5.9632 -27.0615 
v 10.7742 5.94382 -26.9587 
v 10.7931 5.96493 -26.9633 
v 10.8751 5.96321 -25.2331 
v 10.8641 5.96493 -25.3306 
v 10.8449 5.94382 -25.3336 
v 7.25457 5.94661 -25.9915 
v 7.23064 5.94663 -26.5152 
v 7.23454 5.96825 -25.9907 
v 7.23454 5.96825 -25.9907 
v 7.2762 5.94663 -25.4678 
v 7.25457 5.94661 -25.9915 
v 7.23064 5.94663 -26.5152 
v 7.21322 5.94692 -26.8038 
v 7.21116 5.96821 -26.5164 
v 7.25688 5.96821 -25.465 
v 7.28389 5.94692 -25.1787 
v 7.2762 5.94663 -25.4678 
v 10.7742 5.94382 -26.9587 
v 10.8035 5.96552 -26.6726 
v 10.7931 5.96493 -26.9633 
v 10.8492 5.96552 -25.6212 
v 10.8449 5.94382 -25.3336 
v 10.8641 5.96493 -25.3306 
v 7.21116 5.96821 -26.5164 
v 7.23454 5.96825 -25.9907 
v 7.23064 5.94663 -26.5152 
v 7.2762 5.94663 -25.4678 
v 7.23454 5.96825 -25.9907 
v 7.25688 5.96821 -25.465 
v 7.21322 5.94692 -26.8038 
v 7.18502 5.96605 -26.9045 
v 7.19616 5.96766 -26.8069 
v 7.26716 5.96766 -25.1742 
v 7.26454 5.96605 -25.076 
v 7.28389 5.94692 -25.1787 
v 10.7704 5.99335 -25.1921 
v 10.0138 5.97038 -25.0315 
v 10.0081 5.97038 -25.1614 
v 7.34544 4.14355 -25.1108 
v 8.38125 4.04152 -25.1577 
v 7.34211 4.0561 -25.1106 
v 7.34544 4.14355 -25.1108 
v 8.38652 4.15658 -25.1579 
v 8.38125 4.04152 -25.1577 
v 7.36247 6.08196 -25.1115 
v 8.41254 5.97993 -25.1591 
v 7.3591 5.99451 -25.1113 
v 7.36247 6.08196 -25.1115 
v 8.41787 6.09499 -25.1593 
v 8.41254 5.97993 -25.1591 
v 7.19616 5.96766 -26.8069 
v 7.21116 5.96821 -26.5164 
v 7.21322 5.94692 -26.8038 
v 7.28389 5.94692 -25.1787 
v 7.25688 5.96821 -25.465 
v 7.26716 5.96766 -25.1742 
v 8.41952 5.97993 -24.9984 
v 7.3591 5.99451 -25.1113 
v 8.41254 5.97993 -25.1591 
v 8.41952 5.97993 -24.9984 
v 10.0081 5.97038 -25.1614 
v 10.0138 5.97038 -25.0315 
v 10.0081 5.97038 -25.1614 
v 8.41952 5.97993 -24.9984 
v 8.41254 5.97993 -25.1591 
v 7.19179 5.99536 -24.9204 
v 7.17755 6.00362 -25.8515 
v 7.3591 5.99451 -25.1113 
v 7.3591 5.99451 -25.1113 
v 8.41952 5.97993 -24.9984 
v 7.19179 5.99536 -24.9204 
v 10.8567 5.88909 -27.1619 
v 10.7841 5.8986 -27.0729 
v 10.7837 5.92236 -27.0792 
v 7.24361 5.99467 -26.9477 
v 7.17755 6.00362 -25.8515 
v 7.09904 5.99536 -27.0532 
v 7.09904 5.99536 -27.0532 
v 9.50217 6.00897 -27.1323 
v 7.24361 5.99467 -26.9477 
v 8.38652 4.15658 -25.1579 
v 9.95525 4.03197 -25.1591 
v 8.38125 4.04152 -25.1577 
v 8.38652 4.15658 -25.1579 
v 9.96045 4.12118 -25.1593 
v 9.95525 4.03197 -25.1591 
v 8.41787 6.09499 -25.1593 
v 10.0081 5.97038 -25.1614 
v 8.41254 5.97993 -25.1591 
v 8.41787 6.09499 -25.1593 
v 10.0134 6.05959 -25.1617 
v 10.0081 5.97038 -25.1614 
v 10.9641 5.99245 -25.0845 
v 10.0138 5.97038 -25.0315 
v 10.7704 5.99335 -25.1921 
v 8.55381 4.08242 -27.023 
v 8.57854 4.1223 -25.0512 
v 8.59937 4.08236 -25.0521 
v 7.17755 6.00362 -25.8515 
v 7.24361 5.99467 -26.9477 
v 7.33503 6.00289 -25.8583 
v 7.3591 5.99451 -25.1113 
v 7.17755 6.00362 -25.8515 
v 7.33503 6.00289 -25.8583 
v 10.7704 5.99335 -25.1921 
v 10.8792 5.99271 -25.9327 
v 10.9641 5.99245 -25.0845 
v 10.8792 5.99271 -25.9327 
v 10.7704 5.99335 -25.1921 
v 10.7282 5.9934 -25.9261 
v 10.7282 5.9934 -25.9261 
v 10.7257 5.9932 -27.0399 
v 10.8792 5.99271 -25.9327 
v 10.8713 5.99245 -27.2173 
v 10.8792 5.99271 -25.9327 
v 10.7257 5.9932 -27.0399 
v 10.1295 5.99154 -25.123 
v 10.0816 6.02345 -27.0934 
v 10.2595 5.99162 -25.1282 
v 10.0816 6.02345 -27.0934 
v 10.1295 5.99154 -25.123 
v 10.0197 6.02338 -27.0909 
v 9.77663 6.0229 -27.0769 
v 9.93967 5.99122 -25.1112 
v 9.83556 5.99103 -25.107 
v 9.93967 5.99122 -25.1112 
v 9.77663 6.0229 -27.0769 
v 9.846 6.02304 -27.0797 
v 9.49339 6.00896 -26.9822 
v 7.24361 5.99467 -26.9477 
v 9.50217 6.00897 -27.1323 
v 10.7257 5.9932 -27.0399 
v 9.50217 6.00897 -27.1323 
v 10.8713 5.99245 -27.2173 
v 9.50217 6.00897 -27.1323 
v 10.7257 5.9932 -27.0399 
v 9.49339 6.00896 -26.9822 
v 9.51521 6.02222 -25.092 
v 9.48028 6.02229 -27.0597 
v 9.62165 6.02236 -25.0966 
v 9.62165 6.02236 -25.0966 
v 9.48028 6.02229 -27.0597 
v 9.64272 6.02247 -27.0668 
v 9.24139 6.02179 -25.0801 
v 9.24444 6.02194 -27.053 
v 9.33008 6.02194 -25.0839 
v 9.24444 6.02194 -27.053 
v 9.24139 6.02179 -25.0801 
v 9.15576 6.02179 -27.0491 
v 8.83677 6.02109 -25.0625 
v 8.83758 6.02123 -27.0353 
v 8.99938 6.02137 -25.0695 
v 8.83758 6.02123 -27.0353 
v 8.83677 6.02109 -25.0625 
v 8.72725 6.02105 -27.0305 
v 8.55232 6.02067 -25.0501 
v 8.42608 6.02062 -27.0174 
v 8.63358 6.02078 -25.0536 
v 8.63358 6.02078 -25.0536 
v 8.42608 6.02062 -27.0174 
v 8.58857 6.02083 -27.0245 
v 8.18707 6.02039 -25.0342 
v 8.10143 6.02039 -27.0033 
v 8.34932 6.02047 -25.0413 
v 8.34932 6.02047 -25.0413 
v 8.10143 6.02039 -27.0033 
v 8.26369 6.02047 -27.0104 
v 7.89587 6.02049 -25.0216 
v 7.83063 6.02047 -27.0091 
v 7.99214 6.02042 -25.0257 
v 7.99214 6.02042 -25.0257 
v 7.83063 6.02047 -27.0091 
v 7.92728 6.02041 -27.0133 
v 7.5417 6.02115 -25.0061 
v 7.58007 6.02084 -26.9806 
v 7.69965 6.02077 -25.013 
v 7.58007 6.02084 -26.9806 
v 7.5417 6.02115 -25.0061 
v 7.48997 6.02106 -26.9767 
v 10.9447 5.88909 -25.1384 
v 10.8648 5.92236 -25.2144 
v 10.8647 5.8986 -25.2207 
v 10.4929 6.02215 -25.1345 
v 10.413 6.02214 -27.1038 
v 10.5884 6.02191 -25.1386 
v 10.5884 6.02191 -25.1386 
v 10.413 6.02214 -27.1038 
v 10.4971 6.02193 -27.1075 
v 7.10791 5.89466 -26.9988 
v 7.19118 5.92618 -26.9229 
v 7.18884 5.90306 -26.9165 
v 9.49431 4.1241 -25.0925 
v 9.43341 4.08388 -27.0577 
v 9.46903 4.08381 -25.09 
v 10.7837 5.92236 -27.0792 
v 10.858 5.92193 -27.1754 
v 10.8567 5.88909 -27.1619 
v 9.96045 4.12118 -25.1593 
v 10.7072 4.05494 -25.1893 
v 9.95525 4.03197 -25.1591 
v 9.96045 4.12118 -25.1593 
v 10.7129 4.14462 -25.1896 
v 10.7072 4.05494 -25.1893 
v 10.0134 6.05959 -25.1617 
v 10.7704 5.99335 -25.1921 
v 10.0081 5.97038 -25.1614 
v 10.0134 6.05959 -25.1617 
v 10.7762 6.08303 -25.1923 
v 10.7704 5.99335 -25.1921 
v 9.45215 4.17533 -26.9804 
v 10.662 4.05479 -27.0372 
v 10.6677 4.14449 -27.0374 
v 10.662 4.05479 -27.0372 
v 9.45215 4.17533 -26.9804 
v 9.44639 4.07054 -26.9801 
v 8.78456 4.12286 -27.033 
v 8.90276 4.12292 -25.0653 
v 8.9602 4.08295 -25.0678 
v 9.49923 6.11374 -26.9824 
v 10.7257 5.9932 -27.0399 
v 10.7315 6.0829 -27.0402 
v 10.7257 5.9932 -27.0399 
v 9.49923 6.11374 -26.9824 
v 9.49339 6.00896 -26.9822 
v 7.1731 3.96465 -26.9159 
v 7.19564 3.96686 -26.8031 
v 7.16636 3.94799 -26.9036 
v 7.24587 3.94799 -25.0752 
v 7.26632 3.96686 -25.178 
v 7.25365 3.96465 -25.0637 
v 10.8581 5.86489 -27.1163 
v 10.7903 5.88142 -27.0612 
v 10.7841 5.8986 -27.0729 
v 10.6677 4.14449 -27.0374 
v 9.46074 4.17536 -27.1305 
v 9.45215 4.17533 -26.9804 
v 7.10802 5.87113 -26.9532 
v 7.18884 5.90306 -26.9165 
v 7.182 5.8864 -26.9043 
v 7.23041 4.14368 -26.9471 
v 9.44639 4.07054 -26.9801 
v 9.45215 4.17533 -26.9804 
v 9.44639 4.07054 -26.9801 
v 7.23041 4.14368 -26.9471 
v 7.22711 4.05625 -26.9469 
v 7.24696 6.0821 -26.9478 
v 9.49339 6.00896 -26.9822 
v 9.49923 6.11374 -26.9824 
v 9.49339 6.00896 -26.9822 
v 7.24696 6.0821 -26.9478 
v 7.24361 5.99467 -26.9477 
v 7.16681 4.17898 -25.851 
v 7.34544 4.14355 -25.1108 
v 7.32228 4.17836 -25.8578 
v 9.46074 4.17536 -27.1305 
v 10.6677 4.14449 -27.0374 
v 10.8114 4.14382 -27.2146 
v 9.46074 4.17536 -27.1305 
v 7.23041 4.14368 -26.9471 
v 9.45215 4.17533 -26.9804 
v 7.27227 5.92618 -25.0582 
v 7.19591 5.89466 -24.9753 
v 7.26939 5.90306 -25.0643 
v 7.34544 4.14355 -25.1108 
v 8.3935 4.15658 -24.9973 
v 8.38652 4.15658 -25.1579 
v 7.23041 4.14368 -26.9471 
v 7.16681 4.17898 -25.851 
v 7.32228 4.17836 -25.8578 
v 10.8186 4.12493 -25.93 
v 10.8114 4.14382 -27.2146 
v 10.6677 4.14449 -27.0374 
v 10.8648 5.92236 -25.2144 
v 10.9447 5.88909 -25.1384 
v 10.9472 5.92193 -25.125 
v 7.19118 5.92618 -26.9229 
v 7.10791 5.89466 -26.9988 
v 7.10879 5.92661 -27.0124 
v 10.8186 4.12493 -25.93 
v 10.7129 4.14462 -25.1896 
v 10.9041 4.14383 -25.0818 
v 10.9421 5.86489 -25.1839 
v 10.8647 5.8986 -25.2207 
v 10.8698 5.88142 -25.2328 
v 8.3935 4.15658 -24.9973 
v 7.34544 4.14355 -25.1108 
v 7.18041 4.1443 -24.9199 
v 7.1754 3.98777 -26.9223 
v 7.09558 4.02016 -26.9983 
v 7.17483 4.01091 -26.9159 
v 7.26939 5.90306 -25.0643 
v 7.19206 5.87113 -25.0208 
v 7.26152 5.8864 -25.0759 
v 9.9661 4.12118 -25.0294 
v 10.9041 4.14383 -25.0818 
v 10.7129 4.14462 -25.1896 
v 9.46074 4.17536 -27.1305 
v 7.08766 4.1443 -27.0527 
v 7.23041 4.14368 -26.9471 
v 10.7954 4.01635 -27.1592 
v 10.7191 3.98394 -27.0764 
v 10.7226 4.00768 -27.0702 
v 9.96045 4.12118 -25.1593 
v 8.3935 4.15658 -24.9973 
v 9.9661 4.12118 -25.0294 
v 9.96045 4.12118 -25.1593 
v 8.38652 4.15658 -25.1579 
v 8.3935 4.15658 -24.9973 
v 10.6677 4.14449 -27.0374 
v 10.6696 4.12556 -25.9235 
v 10.8186 4.12493 -25.93 
v 10.7129 4.14462 -25.1896 
v 10.8186 4.12493 -25.93 
v 10.6696 4.12556 -25.9235 
v 10.5035 4.12414 -25.135 
v 10.3795 4.12422 -27.1024 
v 10.4627 4.12423 -25.1332 
v 10.3795 4.12422 -27.1024 
v 10.5035 4.12414 -25.135 
v 10.4154 4.12414 -27.1039 
v 7.19591 5.89466 -24.9753 
v 7.27227 5.92618 -25.0582 
v 7.19796 5.92661 -24.9619 
v 8.27538 4.1219 -25.0381 
v 8.12039 4.12184 -27.0041 
v 8.20602 4.12184 -25.035 
v 8.12039 4.12184 -27.0041 
v 8.27538 4.1219 -25.0381 
v 8.18975 4.1219 -27.0071 
v 7.82886 4.12181 -27.009 
v 7.94736 4.12179 -25.0238 
v 7.87017 4.12179 -27.0108 
v 7.94736 4.12179 -25.0238 
v 7.82886 4.12181 -27.009 
v 7.90621 4.12181 -25.022 
v 9.4877 4.12423 -27.0602 
v 9.53984 4.12418 -25.0933 
v 9.55719 4.12433 -27.0613 
v 9.53984 4.12418 -25.0933 
v 9.4877 4.12423 -27.0602 
v 9.49431 4.1241 -25.0925 
v 8.83324 4.12278 -25.0623 
v 8.78456 4.12286 -27.033 
v 8.7374 4.12276 -27.031 
v 8.78456 4.12286 -27.033 
v 8.83324 4.12278 -25.0623 
v 8.90276 4.12292 -25.0653 
v 7.16681 4.17898 -25.851 
v 7.23041 4.14368 -26.9471 
v 7.08766 4.1443 -27.0527 
v 9.17811 4.12368 -27.0501 
v 9.22583 4.1236 -25.0794 
v 9.26374 4.12368 -25.081 
v 9.22583 4.1236 -25.0794 
v 9.17811 4.12368 -27.0501 
v 9.1402 4.1236 -27.0485 
v 8.44081 4.12222 -27.0181 
v 8.57854 4.1223 -25.0512 
v 8.51027 4.12233 -27.0211 
v 8.57854 4.1223 -25.0512 
v 8.44081 4.12222 -27.0181 
v 8.5438 4.12225 -25.0497 
v 7.53538 4.12217 -26.9787 
v 7.568 4.12229 -25.0073 
v 7.63552 4.12214 -25.0102 
v 7.568 4.12229 -25.0073 
v 7.53538 4.12217 -26.9787 
v 7.49687 4.12225 -26.977 
v 7.25538 4.01091 -25.0637 
v 7.18358 4.02016 -24.9748 
v 7.2565 3.98777 -25.0575 
v 10.0156 4.12549 -27.0898 
v 10.1097 4.09355 -25.1214 
v 10.1653 4.09372 -25.1241 
v 10.1097 4.09355 -25.1214 
v 10.0156 4.12549 -27.0898 
v 9.98916 4.1254 -27.0885 
v 9.77498 4.12499 -27.076 
v 9.81849 4.09299 -25.1056 
v 9.863 4.09318 -25.1072 
v 10.8002 3.98394 -25.2116 
v 10.8834 4.01635 -25.1357 
v 10.8032 4.00768 -25.218 
v 9.81849 4.09299 -25.1056 
v 9.77498 4.12499 -27.076 
v 9.74531 4.12486 -27.0749 
v 7.16681 4.17898 -25.851 
v 7.18041 4.1443 -24.9199 
v 7.34544 4.14355 -25.1108 
v 10.7256 3.94301 -27.0584 
v 10.7072 3.96265 -26.9558 
v 10.7196 3.96019 -27.0701 
v 10.7778 3.96265 -25.3307 
v 10.8052 3.94301 -25.23 
v 10.8001 3.96019 -25.2179 
v 10.7129 4.14462 -25.1896 
v 9.96045 4.12118 -25.1593 
v 9.9661 4.12118 -25.0294 
v 10.7191 3.98394 -27.0764 
v 10.7954 4.01635 -27.1592 
v 10.7924 3.98351 -27.1725 
v 7.09558 4.02016 -26.9983 
v 7.1754 3.98777 -26.9223 
v 7.09408 3.9882 -27.0117 
v 10.7742 5.94382 -26.9587 
v 10.7956 5.9632 -27.0615 
v 10.7872 5.9461 -27.073 
v 10.8751 5.96321 -25.2331 
v 10.8449 5.94382 -25.3336 
v 10.8678 5.9461 -25.2208 
v 8.57854 4.1223 -25.0512 
v 8.55381 4.08242 -27.023 
v 8.51027 4.12233 -27.0211 
v 10.8834 4.01635 -25.1357 
v 10.8002 3.98394 -25.2116 
v 10.8816 3.98351 -25.1221 
v 7.18324 3.9882 -24.9613 
v 7.2565 3.98777 -25.0575 
v 7.18358 4.02016 -24.9748 
v 9.49431 4.1241 -25.0925 
v 9.4877 4.12423 -27.0602 
v 9.43341 4.08388 -27.0577 
v 10.7431 2.41849 -27.2117 
v 10.954 8.47978 -27.2208 
v 9.04241 8.63122 -27.1377 
v 10.7431 2.41849 -27.2117 
v 9.04241 8.63122 -27.1377 
v 7.06942 2.36536 -27.0519 
v 9.04241 8.63122 -27.1377 
v 7.12216 8.26939 -27.0542 
v 7.06942 2.36536 -27.0519 
v 10.7999 4.04053 -27.1138 
v 10.7226 4.00768 -27.0702 
v 10.7309 4.02479 -27.0587 
v 9.81849 4.09299 -25.1056 
v 9.74531 4.12486 -27.0749 
v 9.72574 4.08448 -27.0747 
v 7.11412 5.86074 -26.8269 
v 7.10802 5.87113 -26.9532 
v 7.182 5.8864 -26.9043 
v 7.18502 5.96605 -26.9045 
v 7.21322 5.94692 -26.8038 
v 7.1906 5.94932 -26.9166 
v 7.18717 5.86074 -25.1471 
v 7.26152 5.8864 -25.0759 
v 7.19206 5.87113 -25.0208 
v 7.17483 4.01091 -26.9159 
v 7.09746 4.0437 -26.9528 
v 7.16934 4.02764 -26.9038 
v 7.27115 5.94932 -25.0644 
v 7.28389 5.94692 -25.1787 
v 7.26454 5.96605 -25.076 
v 10.8032 4.00768 -25.218 
v 10.8839 4.04053 -25.1813 
v 10.8104 4.02479 -25.2302 
v 7.10791 5.89466 -26.9988 
v 7.18884 5.90306 -26.9165 
v 7.10802 5.87113 -26.9532 
v 10.8581 5.86489 -27.1163 
v 10.8619 5.85423 -26.9899 
v 10.7903 5.88142 -27.0612 
v 10.8698 5.88142 -25.2328 
v 10.9349 5.85423 -25.3101 
v 10.9421 5.86489 -25.1839 
v 10.7841 5.8986 -27.0729 
v 10.8567 5.88909 -27.1619 
v 10.8581 5.86489 -27.1163 
v 7.19206 5.87113 -25.0208 
v 7.26939 5.90306 -25.0643 
v 7.19591 5.89466 -24.9753 
v 7.1815 4.0437 -25.0203 
v 7.25538 4.01091 -25.0637 
v 7.24885 4.02764 -25.0754 
v 10.8647 5.8986 -25.2207 
v 10.9421 5.86489 -25.1839 
v 10.9447 5.88909 -25.1384 
v 9.81849 4.09299 -25.1056 
v 9.72574 4.08448 -27.0747 
v 9.78503 4.05262 -25.1048 
v 7.19301 5.88472 -26.8068 
v 7.11412 5.86074 -26.8269 
v 7.182 5.8864 -26.9043 
v 7.26152 5.8864 -25.0759 
v 7.18717 5.86074 -25.1471 
v 7.26401 5.88472 -25.1741 
v 7.17379 5.85809 -25.4603 
v 7.26401 5.88472 -25.1741 
v 7.18717 5.86074 -25.1471 
v 7.12798 5.8581 -26.5138 
v 7.11412 5.86074 -26.8269 
v 7.19301 5.88472 -26.8068 
v 8.31897 4.08205 -25.0399 
v 8.18975 4.1219 -27.0071 
v 8.27538 4.1219 -25.0381 
v 8.18975 4.1219 -27.0071 
v 8.31897 4.08205 -25.0399 
v 8.23333 4.08206 -27.009 
v 10.9349 5.85423 -25.3101 
v 10.8698 5.88142 -25.2328 
v 10.8586 5.87977 -25.3304 
v 10.7876 5.87977 -26.9631 
v 10.7903 5.88142 -27.0612 
v 10.8619 5.85423 -26.9899 
v 7.26401 5.88472 -25.1741 
v 7.17379 5.85809 -25.4603 
v 7.25369 5.88414 -25.4648 
v 7.15094 5.85784 -25.987 
v 7.25369 5.88414 -25.4648 
v 7.17379 5.85809 -25.4603 
v 7.25369 5.88414 -25.4648 
v 7.15094 5.85784 -25.987 
v 7.23134 5.8841 -25.9905 
v 7.20796 5.88414 -26.5162 
v 7.23134 5.8841 -25.9905 
v 7.15094 5.85784 -25.987 
v 7.15094 5.85784 -25.987 
v 7.12798 5.8581 -26.5138 
v 7.20796 5.88414 -26.5162 
v 7.19301 5.88472 -26.8068 
v 7.20796 5.88414 -26.5162 
v 7.12798 5.8581 -26.5138 
v 10.875 5.85151 -26.6768 
v 10.7876 5.87977 -26.9631 
v 10.8619 5.85423 -26.9899 
v 10.8586 5.87977 -25.3304 
v 10.9208 5.85151 -25.6232 
v 10.9349 5.85423 -25.3101 
v 10.9208 5.85151 -25.6232 
v 10.8586 5.87977 -25.3304 
v 10.8436 5.8792 -25.6209 
v 10.8436 5.8792 -25.6209 
v 10.8978 5.85125 -26.15 
v 10.9208 5.85151 -25.6232 
v 10.8978 5.85125 -26.15 
v 10.8436 5.8792 -25.6209 
v 10.8202 5.87916 -26.1466 
v 10.8202 5.87916 -26.1466 
v 10.7979 5.87921 -26.6723 
v 10.8978 5.85125 -26.15 
v 10.8978 5.85125 -26.15 
v 10.7979 5.87921 -26.6723 
v 10.875 5.85151 -26.6768 
v 10.7979 5.87921 -26.6723 
v 10.7876 5.87977 -26.9631 
v 10.875 5.85151 -26.6768 
v 7.19564 3.96686 -26.8031 
v 7.1731 3.96465 -26.9159 
v 7.19986 3.98767 -26.8055 
v 7.27073 3.98767 -25.1759 
v 7.25365 3.96465 -25.0637 
v 7.26632 3.96686 -25.178 
v 10.7226 4.00768 -27.0702 
v 10.7999 4.04053 -27.1138 
v 10.7954 4.01635 -27.1592 
v 10.075 4.05312 -25.1206 
v 9.98916 4.1254 -27.0885 
v 9.96555 4.08497 -27.0885 
v 10.7872 5.9461 -27.073 
v 10.7692 5.92246 -26.9607 
v 10.7742 5.94382 -26.9587 
v 10.84 5.92246 -25.3311 
v 10.8678 5.9461 -25.2208 
v 10.8449 5.94382 -25.3336 
v 10.8839 4.04053 -25.1813 
v 10.8032 4.00768 -25.218 
v 10.8834 4.01635 -25.1357 
v 7.09746 4.0437 -26.9528 
v 7.17483 4.01091 -26.9159 
v 7.09558 4.02016 -26.9983 
v 7.24251 3.98763 -25.991 
v 7.25858 3.9671 -25.467 
v 7.23694 3.96711 -25.9908 
v 7.23694 3.96711 -25.9908 
v 7.21302 3.9671 -26.5145 
v 7.24251 3.98763 -25.991 
v 10.7049 3.98405 -26.9579 
v 10.7196 3.96019 -27.0701 
v 10.7072 3.96265 -26.9558 
v 9.98916 4.1254 -27.0885 
v 10.075 4.05312 -25.1206 
v 10.1097 4.09355 -25.1214 
v 7.87017 4.12179 -27.0108 
v 7.94736 4.12179 -25.0238 
v 7.96663 4.082 -25.0246 
v 10.8001 3.96019 -25.2179 
v 10.7758 3.98405 -25.3284 
v 10.7778 3.96265 -25.3307 
v 7.26386 3.98764 -25.4665 
v 7.26632 3.96686 -25.178 
v 7.25858 3.9671 -25.467 
v 7.21302 3.9671 -26.5145 
v 7.19564 3.96686 -26.8031 
v 7.21824 3.98764 -26.5154 
v 7.1754 3.98777 -26.9223 
v 7.19986 3.98767 -26.8055 
v 7.1731 3.96465 -26.9159 
v 10.7999 4.04053 -27.1138 
v 10.7309 4.02479 -27.0587 
v 10.8051 4.05121 -26.9874 
v 10.8839 4.04053 -25.1813 
v 10.8781 4.05121 -25.3077 
v 10.8104 4.02479 -25.2302 
v 7.25538 4.01091 -25.0637 
v 7.1815 4.0437 -25.0203 
v 7.18358 4.02016 -24.9748 
v 7.25365 3.96465 -25.0637 
v 7.27073 3.98767 -25.1759 
v 7.2565 3.98777 -25.0575 
v 7.25858 3.9671 -25.467 
v 7.24251 3.98763 -25.991 
v 7.26386 3.98764 -25.4665 
v 7.21824 3.98764 -26.5154 
v 7.24251 3.98763 -25.991 
v 7.21302 3.9671 -26.5145 
v 10.7692 5.92246 -26.9607 
v 10.7872 5.9461 -27.073 
v 10.7837 5.92236 -27.0792 
v 10.8678 5.9461 -25.2208 
v 10.84 5.92246 -25.3311 
v 10.8648 5.92236 -25.2144 
v 10.8275 5.94357 -25.6222 
v 10.8035 5.94355 -26.1459 
v 10.7973 5.9225 -26.1456 
v 10.7819 5.94357 -26.6697 
v 10.7973 5.9225 -26.1456 
v 10.8035 5.94355 -26.1459 
v 7.09746 4.0437 -26.9528 
v 7.10432 4.05408 -26.8265 
v 7.16934 4.02764 -26.9038 
v 7.17737 4.05408 -25.1467 
v 7.1815 4.0437 -25.0203 
v 7.24885 4.02764 -25.0754 
v 10.7742 5.94382 -26.9587 
v 10.776 5.92249 -26.6702 
v 10.7819 5.94357 -26.6697 
v 10.8449 5.94382 -25.3336 
v 10.8275 5.94357 -25.6222 
v 10.8216 5.92249 -25.6212 
v 10.8275 5.94357 -25.6222 
v 10.7973 5.9225 -26.1456 
v 10.8216 5.92249 -25.6212 
v 10.7973 5.9225 -26.1456 
v 10.7819 5.94357 -26.6697 
v 10.776 5.92249 -26.6702 
v 7.2159 5.92608 -26.8062 
v 7.1906 5.94932 -26.9166 
v 7.21322 5.94692 -26.8038 
v 7.87017 4.12179 -27.0108 
v 7.96663 4.082 -25.0246 
v 7.90148 4.08199 -27.0122 
v 10.7049 3.98405 -26.9579 
v 10.7191 3.98394 -27.0764 
v 10.7196 3.96019 -27.0701 
v 7.28389 5.94692 -25.1787 
v 7.27115 5.94932 -25.0644 
v 7.28677 5.92608 -25.1766 
v 10.7605 3.96295 -25.6193 
v 10.7331 3.98408 -26.1428 
v 10.7366 3.96298 -26.143 
v 10.7331 3.98408 -26.1428 
v 10.7149 3.96295 -26.6668 
v 10.7366 3.96298 -26.143 
v 7.19986 3.98767 -26.8055 
v 7.21824 3.98764 -26.5154 
v 7.19564 3.96686 -26.8031 
v 10.7758 3.98405 -25.3284 
v 10.8001 3.96019 -25.2179 
v 10.8002 3.98394 -25.2116 
v 7.26632 3.96686 -25.178 
v 7.26386 3.98764 -25.4665 
v 7.27073 3.98767 -25.1759 
v 10.7778 3.96265 -25.3307 
v 10.7574 3.98408 -25.6184 
v 10.7605 3.96295 -25.6193 
v 10.7118 3.98408 -26.6674 
v 10.7072 3.96265 -26.9558 
v 10.7149 3.96295 -26.6668 
v 10.7331 3.98408 -26.1428 
v 10.7605 3.96295 -25.6193 
v 10.7574 3.98408 -25.6184 
v 10.7149 3.96295 -26.6668 
v 10.7331 3.98408 -26.1428 
v 10.7118 3.98408 -26.6674 
v 10.776 5.92249 -26.6702 
v 10.7742 5.94382 -26.9587 
v 10.7692 5.92246 -26.9607 
v 10.8449 5.94382 -25.3336 
v 10.8216 5.92249 -25.6212 
v 10.84 5.92246 -25.3311 
v 7.1906 5.94932 -26.9166 
v 7.2159 5.92608 -26.8062 
v 7.19118 5.92618 -26.9229 
v 10.7309 4.02479 -27.0587 
v 10.7285 4.02652 -26.9605 
v 10.8051 4.05121 -26.9874 
v 10.7995 4.02652 -25.3278 
v 10.8104 4.02479 -25.2302 
v 10.8781 4.05121 -25.3077 
v 7.27227 5.92618 -25.0582 
v 7.28677 5.92608 -25.1766 
v 7.27115 5.94932 -25.0644 
v 10.7285 4.02652 -26.9605 
v 10.8185 4.05393 -26.6743 
v 10.8051 4.05121 -26.9874 
v 10.8644 4.05393 -25.6208 
v 10.7995 4.02652 -25.3278 
v 10.8781 4.05121 -25.3077 
v 10.7118 3.98408 -26.6674 
v 10.7049 3.98405 -26.9579 
v 10.7072 3.96265 -26.9558 
v 10.7574 3.98408 -25.6184 
v 10.7778 3.96265 -25.3307 
v 10.7758 3.98405 -25.3284 
v 7.25457 5.94661 -25.9915 
v 7.2762 5.94663 -25.4678 
v 7.25865 5.92604 -25.9917 
v 7.25865 5.92604 -25.9917 
v 7.23064 5.94663 -26.5152 
v 7.25457 5.94661 -25.9915 
v 7.16934 4.02764 -26.9038 
v 7.10432 4.05408 -26.8265 
v 7.18038 4.02925 -26.8062 
v 10.8185 4.05393 -26.6743 
v 10.7285 4.02652 -26.9605 
v 10.7389 4.02711 -26.6698 
v 10.7389 4.02711 -26.6698 
v 10.8414 4.05419 -26.1475 
v 10.8185 4.05393 -26.6743 
v 10.8414 4.05419 -26.1475 
v 10.7389 4.02711 -26.6698 
v 10.7613 4.02715 -26.144 
v 10.7613 4.02715 -26.144 
v 10.7846 4.02711 -25.6184 
v 10.8414 4.05419 -26.1475 
v 10.8414 4.05419 -26.1475 
v 10.7846 4.02711 -25.6184 
v 10.8644 4.05393 -25.6208 
v 10.7846 4.02711 -25.6184 
v 10.7995 4.02652 -25.3278 
v 10.8644 4.05393 -25.6208 
v 7.25138 4.02925 -25.1735 
v 7.17737 4.05408 -25.1467 
v 7.24885 4.02764 -25.0754 
v 7.23436 5.92605 -26.5161 
v 7.21322 5.94692 -26.8038 
v 7.23064 5.94663 -26.5152 
v 7.2762 5.94663 -25.4678 
v 7.28389 5.94692 -25.1787 
v 7.27998 5.92605 -25.4672 
v 7.11837 4.05672 -26.5134 
v 7.18038 4.02925 -26.8062 
v 7.10432 4.05408 -26.8265 
v 7.16418 4.05672 -25.4598 
v 7.17737 4.05408 -25.1467 
v 7.25138 4.02925 -25.1735 
v 7.27998 5.92605 -25.4672 
v 7.25865 5.92604 -25.9917 
v 7.2762 5.94663 -25.4678 
v 7.23064 5.94663 -26.5152 
v 7.25865 5.92604 -25.9917 
v 7.23436 5.92605 -26.5161 
v 7.18038 4.02925 -26.8062 
v 7.11837 4.05672 -26.5134 
v 7.19535 4.0298 -26.5157 
v 7.14134 4.05698 -25.9866 
v 7.19535 4.0298 -26.5157 
v 7.11837 4.05672 -26.5134 
v 7.14134 4.05698 -25.9866 
v 7.16418 4.05672 -25.4598 
v 7.24107 4.0298 -25.4643 
v 7.25138 4.02925 -25.1735 
v 7.24107 4.0298 -25.4643 
v 7.16418 4.05672 -25.4598 
v 7.19535 4.0298 -26.5157 
v 7.14134 4.05698 -25.9866 
v 7.21872 4.02984 -25.99 
v 7.24107 4.0298 -25.4643 
v 7.21872 4.02984 -25.99 
v 7.14134 4.05698 -25.9866 
v 10.7327 6.06397 -25.9263 
v 10.7704 5.99335 -25.1921 
v 10.7762 6.08303 -25.1923 
v 10.7704 5.99335 -25.1921 
v 10.7327 6.06397 -25.9263 
v 10.7282 5.9934 -25.9261 
v 7.21322 5.94692 -26.8038 
v 7.23436 5.92605 -26.5161 
v 7.2159 5.92608 -26.8062 
v 7.28677 5.92608 -25.1766 
v 7.27998 5.92605 -25.4672 
v 7.28389 5.94692 -25.1787 
v 10.7327 6.06397 -25.9263 
v 10.7257 5.9932 -27.0399 
v 10.7282 5.9934 -25.9261 
v 10.7327 6.06397 -25.9263 
v 10.7315 6.0829 -27.0402 
v 10.7257 5.9932 -27.0399 
v 10.7692 5.92246 -26.9607 
v 10.7837 5.92236 -27.0792 
v 10.7841 5.8986 -27.0729 
v 10.84 5.92246 -25.3311 
v 10.8647 5.8986 -25.2207 
v 10.8648 5.92236 -25.2144 
v 7.23041 4.14368 -26.9471 
v 7.31794 4.06448 -25.8576 
v 7.22711 4.05625 -26.9469 
v 7.23041 4.14368 -26.9471 
v 7.32228 4.17836 -25.8578 
v 7.31794 4.06448 -25.8576 
v 7.34544 4.14355 -25.1108 
v 7.31794 4.06448 -25.8576 
v 7.32228 4.17836 -25.8578 
v 7.31794 4.06448 -25.8576 
v 7.34544 4.14355 -25.1108 
v 7.34211 4.0561 -25.1106 
v 10.6696 4.12556 -25.9235 
v 10.7072 4.05494 -25.1893 
v 10.7129 4.14462 -25.1896 
v 10.7072 4.05494 -25.1893 
v 10.6696 4.12556 -25.9235 
v 10.6651 4.05498 -25.9233 
v 10.6696 4.12556 -25.9235 
v 10.662 4.05479 -27.0372 
v 10.6651 4.05498 -25.9233 
v 10.6696 4.12556 -25.9235 
v 10.6677 4.14449 -27.0374 
v 10.662 4.05479 -27.0372 
v 10.4335 4.08374 -25.1319 
v 10.3795 4.12422 -27.1024 
v 10.3535 4.08372 -27.1012 
v 10.3795 4.12422 -27.1024 
v 10.4335 4.08374 -25.1319 
v 10.4627 4.12423 -25.1332 
v 7.17483 4.01091 -26.9159 
v 7.19986 3.98767 -26.8055 
v 7.1754 3.98777 -26.9223 
v 10.7692 5.92246 -26.9607 
v 10.7841 5.8986 -27.0729 
v 10.7715 5.90107 -26.9586 
v 7.55899 4.08243 -26.9797 
v 7.63552 4.12214 -25.0102 
v 7.67811 4.08236 -25.0121 
v 7.19118 5.92618 -26.9229 
v 7.2159 5.92608 -26.8062 
v 7.18884 5.90306 -26.9165 
v 7.2565 3.98777 -25.0575 
v 7.27073 3.98767 -25.1759 
v 7.25538 4.01091 -25.0637 
v 10.8647 5.8986 -25.2207 
v 10.84 5.92246 -25.3311 
v 10.8421 5.90106 -25.3335 
v 7.36247 6.08196 -25.1115 
v 7.33503 6.00289 -25.8583 
v 7.33943 6.11677 -25.8585 
v 7.33503 6.00289 -25.8583 
v 7.36247 6.08196 -25.1115 
v 7.3591 5.99451 -25.1113 
v 10.7049 3.98405 -26.9579 
v 10.7226 4.00768 -27.0702 
v 10.7191 3.98394 -27.0764 
v 7.26939 5.90306 -25.0643 
v 7.28677 5.92608 -25.1766 
v 7.27227 5.92618 -25.0582 
v 7.24696 6.0821 -26.9478 
v 7.33503 6.00289 -25.8583 
v 7.24361 5.99467 -26.9477 
v 7.24696 6.0821 -26.9478 
v 7.33943 6.11677 -25.8585 
v 7.33503 6.00289 -25.8583 
v 10.8032 4.00768 -25.218 
v 10.7758 3.98405 -25.3284 
v 10.8002 3.98394 -25.2116 
v 7.63552 4.12214 -25.0102 
v 7.55899 4.08243 -26.9797 
v 7.53538 4.12217 -26.9787 
v 7.21163 5.90527 -26.8038 
v 7.18884 5.90306 -26.9165 
v 7.2159 5.92608 -26.8062 
v 7.28677 5.92608 -25.1766 
v 7.26939 5.90306 -25.0643 
v 7.2823 5.90527 -25.1787 
v 10.7226 4.00768 -27.0702 
v 10.7049 3.98405 -26.9579 
v 10.7099 4.0054 -26.9559 
v 7.19986 3.98767 -26.8055 
v 7.17483 4.01091 -26.9159 
v 7.19721 4.00851 -26.8032 
v 7.19301 5.88472 -26.8068 
v 7.182 5.8864 -26.9043 
v 7.21163 5.90527 -26.8038 
v 10.7758 3.98405 -25.3284 
v 10.8032 4.00768 -25.218 
v 10.7806 4.0054 -25.3308 
v 7.26788 4.00851 -25.178 
v 7.25538 4.01091 -25.0637 
v 7.27073 3.98767 -25.1759 
v 7.2823 5.90527 -25.1787 
v 7.26152 5.8864 -25.0759 
v 7.26401 5.88472 -25.1741 
v 7.253 5.90553 -25.9915 
v 7.27463 5.90551 -25.4677 
v 7.23134 5.8841 -25.9905 
v 7.23134 5.8841 -25.9905 
v 7.22907 5.90551 -26.5152 
v 7.253 5.90553 -25.9915 
v 7.27463 5.90551 -25.4677 
v 7.2823 5.90527 -25.1787 
v 7.25369 5.88414 -25.4648 
v 7.20796 5.88414 -26.5162 
v 7.21163 5.90527 -26.8038 
v 7.22907 5.90551 -26.5152 
v 10.7903 5.88142 -27.0612 
v 10.7715 5.90107 -26.9586 
v 10.7841 5.8986 -27.0729 
v 7.25369 5.88414 -25.4648 
v 7.23134 5.8841 -25.9905 
v 7.27463 5.90551 -25.4677 
v 7.22907 5.90551 -26.5152 
v 7.23134 5.8841 -25.9905 
v 7.20796 5.88414 -26.5162 
v 7.18884 5.90306 -26.9165 
v 7.21163 5.90527 -26.8038 
v 7.182 5.8864 -26.9043 
v 10.8421 5.90106 -25.3335 
v 10.8698 5.88142 -25.2328 
v 10.8647 5.8986 -25.2207 
v 7.26152 5.8864 -25.0759 
v 7.2823 5.90527 -25.1787 
v 7.26939 5.90306 -25.0643 
v 10.7715 5.90107 -26.9586 
v 10.7903 5.88142 -27.0612 
v 10.7876 5.87977 -26.9631 
v 10.776 5.92249 -26.6702 
v 10.7692 5.92246 -26.9607 
v 10.7715 5.90107 -26.9586 
v 10.8698 5.88142 -25.2328 
v 10.8421 5.90106 -25.3335 
v 10.8586 5.87977 -25.3304 
v 10.8216 5.92249 -25.6212 
v 10.8421 5.90106 -25.3335 
v 10.84 5.92246 -25.3311 
v 7.26401 5.88472 -25.1741 
v 7.25369 5.88414 -25.4648 
v 7.2823 5.90527 -25.1787 
v 7.21163 5.90527 -26.8038 
v 7.20796 5.88414 -26.5162 
v 7.19301 5.88472 -26.8068 
v 10.8412 2.41849 -24.955 
v 10.9217 8.09936 -27.2194 
v 10.7431 2.41849 -27.2117 
v 10.9217 8.09936 -27.2194 
v 10.8412 2.41849 -24.955 
v 11.0199 8.09936 -24.9627 
v 10.8421 5.90106 -25.3335 
v 10.8247 5.90136 -25.6221 
v 10.8436 5.8792 -25.6209 
v 10.8247 5.90136 -25.6221 
v 10.8008 5.90139 -26.1458 
v 10.8202 5.87916 -26.1466 
v 10.7792 5.90136 -26.6696 
v 10.8202 5.87916 -26.1466 
v 10.8008 5.90139 -26.1458 
v 10.7715 5.90107 -26.9586 
v 10.7979 5.87921 -26.6723 
v 10.7792 5.90136 -26.6696 
v 10.8247 5.90136 -25.6221 
v 10.8202 5.87916 -26.1466 
v 10.8436 5.8792 -25.6209 
v 10.8202 5.87916 -26.1466 
v 10.7792 5.90136 -26.6696 
v 10.7979 5.87921 -26.6723 
v 10.8421 5.90106 -25.3335 
v 10.8216 5.92249 -25.6212 
v 10.8247 5.90136 -25.6221 
v 10.776 5.92249 -26.6702 
v 10.7715 5.90107 -26.9586 
v 10.7792 5.90136 -26.6696 
v 7.23925 7.89884 -24.7983 
v 7.16756 2.36536 -24.7952 
v 7.14111 7.89884 -27.055 
v 7.14111 7.89884 -27.055 
v 7.16756 2.36536 -24.7952 
v 7.06942 2.36536 -27.0519 
v 10.7973 5.9225 -26.1456 
v 10.8247 5.90136 -25.6221 
v 10.8216 5.92249 -25.6212 
v 10.7792 5.90136 -26.6696 
v 10.7973 5.9225 -26.1456 
v 10.776 5.92249 -26.6702 
v 10.8247 5.90136 -25.6221 
v 10.7973 5.9225 -26.1456 
v 10.8008 5.90139 -26.1458 
v 10.7973 5.9225 -26.1456 
v 10.7792 5.90136 -26.6696 
v 10.8008 5.90139 -26.1458 
v 10.8421 5.90106 -25.3335 
v 10.8436 5.8792 -25.6209 
v 10.8586 5.87977 -25.3304 
v 10.7979 5.87921 -26.6723 
v 10.7715 5.90107 -26.9586 
v 10.7876 5.87977 -26.9631 
v 7.2823 5.90527 -25.1787 
v 7.27998 5.92605 -25.4672 
v 7.28677 5.92608 -25.1766 
v 7.2159 5.92608 -26.8062 
v 7.23436 5.92605 -26.5161 
v 7.21163 5.90527 -26.8038 
v 10.7118 3.98408 -26.6674 
v 10.7099 4.0054 -26.9559 
v 10.7049 3.98405 -26.9579 
v 7.19721 4.00851 -26.8032 
v 7.21824 3.98764 -26.5154 
v 7.19986 3.98767 -26.8055 
v 7.27073 3.98767 -25.1759 
v 7.26386 3.98764 -25.4665 
v 7.26788 4.00851 -25.178 
v 7.27998 5.92605 -25.4672 
v 7.2823 5.90527 -25.1787 
v 7.27463 5.90551 -25.4677 
v 7.22907 5.90551 -26.5152 
v 7.21163 5.90527 -26.8038 
v 7.23436 5.92605 -26.5161 
v 10.7806 4.0054 -25.3308 
v 10.7574 3.98408 -25.6184 
v 10.7758 3.98405 -25.3284 
v 7.27463 5.90551 -25.4677 
v 7.25865 5.92604 -25.9917 
v 7.27998 5.92605 -25.4672 
v 7.23436 5.92605 -26.5161 
v 7.25865 5.92604 -25.9917 
v 7.22907 5.90551 -26.5152 
v 7.25865 5.92604 -25.9917 
v 7.27463 5.90551 -25.4677 
v 7.253 5.90553 -25.9915 
v 7.253 5.90553 -25.9915 
v 7.22907 5.90551 -26.5152 
v 7.25865 5.92604 -25.9917 
v 10.7099 4.0054 -26.9559 
v 10.7309 4.02479 -27.0587 
v 10.7226 4.00768 -27.0702 
v 10.8104 4.02479 -25.2302 
v 10.7806 4.0054 -25.3308 
v 10.8032 4.00768 -25.218 
v 10.7099 4.0054 -26.9559 
v 10.7118 3.98408 -26.6674 
v 10.7176 4.00516 -26.6669 
v 10.7806 4.0054 -25.3308 
v 10.7632 4.00516 -25.6194 
v 10.7574 3.98408 -25.6184 
v 10.7632 4.00516 -25.6194 
v 10.7331 3.98408 -26.1428 
v 10.7574 3.98408 -25.6184 
v 10.7331 3.98408 -26.1428 
v 10.7176 4.00516 -26.6669 
v 10.7118 3.98408 -26.6674 
v 7.21824 3.98764 -26.5154 
v 7.19721 4.00851 -26.8032 
v 7.21457 4.00822 -26.5145 
v 7.26012 4.00822 -25.4671 
v 7.26788 4.00851 -25.178 
v 7.26386 3.98764 -25.4665 
v 10.7632 4.00516 -25.6194 
v 10.7393 4.00514 -26.1431 
v 10.7331 3.98408 -26.1428 
v 10.7176 4.00516 -26.6669 
v 10.7331 3.98408 -26.1428 
v 10.7393 4.00514 -26.1431 
v 7.26386 3.98764 -25.4665 
v 7.24251 3.98763 -25.991 
v 7.26012 4.00822 -25.4671 
v 7.21457 4.00822 -26.5145 
v 7.24251 3.98763 -25.991 
v 7.21824 3.98764 -26.5154 
v 7.16934 4.02764 -26.9038 
v 7.19721 4.00851 -26.8032 
v 7.17483 4.01091 -26.9159 
v 7.23848 4.00819 -25.9908 
v 7.26012 4.00822 -25.4671 
v 7.24251 3.98763 -25.991 
v 7.24251 3.98763 -25.991 
v 7.21457 4.00822 -26.5145 
v 7.23848 4.00819 -25.9908 
v 10.7309 4.02479 -27.0587 
v 10.7099 4.0054 -26.9559 
v 10.7285 4.02652 -26.9605 
v 10.8104 4.02479 -25.2302 
v 10.7995 4.02652 -25.3278 
v 10.7806 4.0054 -25.3308 
v 7.25538 4.01091 -25.0637 
v 7.26788 4.00851 -25.178 
v 7.24885 4.02764 -25.0754 
v 10.7389 4.02711 -26.6698 
v 10.7099 4.0054 -26.9559 
v 10.7176 4.00516 -26.6669 
v 10.7613 4.02715 -26.144 
v 10.7176 4.00516 -26.6669 
v 10.7393 4.00514 -26.1431 
v 10.7632 4.00516 -25.6194 
v 10.7613 4.02715 -26.144 
v 10.7393 4.00514 -26.1431 
v 10.7806 4.0054 -25.3308 
v 10.7846 4.02711 -25.6184 
v 10.7632 4.00516 -25.6194 
v 10.7176 4.00516 -26.6669 
v 10.7613 4.02715 -26.144 
v 10.7389 4.02711 -26.6698 
v 10.7613 4.02715 -26.144 
v 10.7632 4.00516 -25.6194 
v 10.7846 4.02711 -25.6184 
v 10.7099 4.0054 -26.9559 
v 10.7389 4.02711 -26.6698 
v 10.7285 4.02652 -26.9605 
v 10.7846 4.02711 -25.6184 
v 10.7806 4.0054 -25.3308 
v 10.7995 4.02652 -25.3278 
v 7.19721 4.00851 -26.8032 
v 7.16934 4.02764 -26.9038 
v 7.18038 4.02925 -26.8062 
v 7.25138 4.02925 -25.1735 
v 7.24885 4.02764 -25.0754 
v 7.26788 4.00851 -25.178 
v 7.21457 4.00822 -26.5145 
v 7.19721 4.00851 -26.8032 
v 7.19535 4.0298 -26.5157 
v 7.23848 4.00819 -25.9908 
v 7.21457 4.00822 -26.5145 
v 7.21872 4.02984 -25.99 
v 7.21872 4.02984 -25.99 
v 7.26012 4.00822 -25.4671 
v 7.23848 4.00819 -25.9908 
v 7.24107 4.0298 -25.4643 
v 7.26788 4.00851 -25.178 
v 7.26012 4.00822 -25.4671 
v 7.19535 4.0298 -26.5157 
v 7.21872 4.02984 -25.99 
v 7.21457 4.00822 -26.5145 
v 7.26012 4.00822 -25.4671 
v 7.21872 4.02984 -25.99 
v 7.24107 4.0298 -25.4643 
v 7.18038 4.02925 -26.8062 
v 7.19535 4.0298 -26.5157 
v 7.19721 4.00851 -26.8032 
v 7.26788 4.00851 -25.178 
v 7.24107 4.0298 -25.4643 
v 7.25138 4.02925 -25.1735 
v 7.27595 8.00062 -24.7999 
v 7.14111 7.89884 -27.055 
v 7.17781 8.00062 -27.0566 
v 7.14111 7.89884 -27.055 
v 7.27595 8.00062 -24.7999 
v 7.23925 7.89884 -24.7983 
v 7.06942 2.36536 -27.0519 
v 10.8412 2.41849 -24.955 
v 10.7431 2.41849 -27.2117 
v 10.8412 2.41849 -24.955 
v 7.06942 2.36536 -27.0519 
v 7.16756 2.36536 -24.7952 
v 11.0199 8.09936 -24.9627 
v 10.8887 8.20011 -27.218 
v 10.9217 8.09936 -27.2194 
v 10.8887 8.20011 -27.218 
v 11.0199 8.09936 -24.9627 
v 10.9868 8.20011 -24.9613 
v 10.9794 2.13437 -24.6832 
v 11.0398 2.13334 -24.7727 
v 11.0755 2.13266 -24.9227 
v 8.67726 2.16303 -24.3525 
v 6.92435 2.18445 -24.7422 
v 8.30606 2.16712 -24.3518 
v 8.30606 2.16712 -24.3518 
v 6.92435 2.18445 -24.7422 
v 7.96201 2.17104 -24.3554 
v 10.8983 2.13568 -24.6108 
v 10.9794 2.13437 -24.6832 
v 11.0755 2.13266 -24.9227 
v 10.7988 2.13722 -24.5581 
v 10.8983 2.13568 -24.6108 
v 11.0755 2.13266 -24.9227 
v 10.6777 2.13902 -24.5219 
v 10.7988 2.13722 -24.5581 
v 11.0755 2.13266 -24.9227 
v 8.67726 2.16303 -24.3525 
v 9.00065 2.1593 -24.8325 
v 6.92435 2.18445 -24.7422 
v 7.96201 2.17104 -24.3554 
v 6.92435 2.18445 -24.7422 
v 7.63161 2.17503 -24.3637 
v 10.4045 2.14286 -24.4843 
v 10.6777 2.13902 -24.5219 
v 11.0755 2.13266 -24.9227 
v 11.0755 2.13266 -24.9227 
v 9.00065 2.1593 -24.8325 
v 9.36444 2.15551 -24.3824 
v 9.36444 2.15551 -24.3824 
v 9.00065 2.1593 -24.8325 
v 9.0211 2.1593 -24.3621 
v 9.00065 2.1593 -24.8325 
v 8.67726 2.16303 -24.3525 
v 9.0211 2.1593 -24.3621 
v 7.63161 2.17503 -24.3637 
v 6.92435 2.18445 -24.7422 
v 7.35592 2.17858 -24.3774 
v 7.35592 2.17858 -24.3774 
v 6.92435 2.18445 -24.7422 
v 7.23196 2.18024 -24.403 
v 7.23196 2.18024 -24.403 
v 6.92435 2.18445 -24.7422 
v 7.12811 2.18166 -24.4468 
v 7.12811 2.18166 -24.4468 
v 6.92435 2.18445 -24.7422 
v 7.04098 2.18287 -24.5119 
v 10.0764 2.14713 -24.4473 
v 10.4045 2.14286 -24.4843 
v 11.0755 2.13266 -24.9227 
v 9.73415 2.15128 -24.4139 
v 10.0764 2.14713 -24.4473 
v 11.0755 2.13266 -24.9227 
v 7.04098 2.18287 -24.5119 
v 6.92435 2.18445 -24.7422 
v 6.97292 2.18382 -24.5958 
v 9.36444 2.15551 -24.3824 
v 9.73415 2.15128 -24.4139 
v 11.0755 2.13266 -24.9227 
v 7.23246 8.08616 -27.059 
v 7.3306 8.08617 -24.8023 
v 7.27595 8.00062 -24.7999 
v 7.23246 8.08616 -27.059 
v 7.27595 8.00062 -24.7999 
v 7.17781 8.00062 -27.0566 
v 10.9868 8.20011 -24.9613 
v 10.8371 8.28245 -27.2158 
v 10.8887 8.20011 -27.218 
v 10.8371 8.28245 -27.2158 
v 10.9868 8.20011 -24.9613 
v 10.9352 8.28245 -24.9591 
v 7.30545 8.15901 -27.0622 
v 7.40359 8.15901 -24.8055 
v 7.3306 8.08617 -24.8023 
v 7.3306 8.08617 -24.8023 
v 7.23246 8.08616 -27.059 
v 7.30545 8.15901 -27.0622 
v 8.77725 8.50395 -24.8652 
v 8.29105 8.44961 -27.105 
v 8.67911 8.50395 -27.1219 
v 8.29105 8.44961 -27.105 
v 8.77725 8.50395 -24.8652 
v 8.38919 8.44962 -24.8483 
v 9.04095 8.54303 -27.1377 
v 9.13909 8.54303 -24.8809 
v 8.77725 8.50395 -24.8652 
v 8.77725 8.50395 -24.8652 
v 8.67911 8.50395 -27.1219 
v 9.04095 8.54303 -27.1377 
v 8.29105 8.44961 -27.105 
v 8.38919 8.44962 -24.8483 
v 8.02576 8.38075 -24.8325 
v 8.02576 8.38075 -24.8325 
v 7.92762 8.38075 -27.0892 
v 8.29105 8.44961 -27.105 
v 7.92762 8.38075 -27.0892 
v 8.02576 8.38075 -24.8325 
v 7.6774 8.29096 -24.8174 
v 7.6774 8.29096 -24.8174 
v 7.57926 8.29096 -27.0741 
v 7.92762 8.38075 -27.0892 
v 9.50035 8.54751 -24.8967 
v 9.04095 8.54303 -27.1377 
v 9.40221 8.54751 -27.1534 
v 9.13909 8.54303 -24.8809 
v 9.04095 8.54303 -27.1377 
v 9.50035 8.54751 -24.8967 
v 9.50035 8.54751 -24.8967 
v 9.78922 8.53881 -27.1702 
v 9.88736 8.53881 -24.9135 
v 9.78922 8.53881 -27.1702 
v 9.50035 8.54751 -24.8967 
v 9.40221 8.54751 -27.1534 
v 7.57926 8.29096 -27.0741 
v 7.6774 8.29096 -24.8174 
v 7.56079 8.24903 -24.8123 
v 7.56079 8.24903 -24.8123 
v 7.46264 8.24903 -27.069 
v 7.57926 8.29096 -27.0741 
v 7.37294 8.20355 -27.0651 
v 7.47108 8.20355 -24.8084 
v 7.40359 8.15901 -24.8055 
v 7.40359 8.15901 -24.8055 
v 7.30545 8.15901 -27.0622 
v 7.37294 8.20355 -27.0651 
v 9.88736 8.53881 -24.9135 
v 10.151 8.51064 -27.1859 
v 10.2491 8.51064 -24.9292 
v 10.151 8.51064 -27.1859 
v 9.88736 8.53881 -24.9135 
v 9.78922 8.53881 -27.1702 
v 7.46264 8.24903 -27.069 
v 7.56079 8.24903 -24.8123 
v 7.47108 8.20355 -24.8084 
v 7.47108 8.20355 -24.8084 
v 7.37294 8.20355 -27.0651 
v 7.46264 8.24903 -27.069 
v 10.2491 8.51064 -24.9292 
v 10.4969 8.45697 -27.201 
v 10.5951 8.45697 -24.9443 
v 10.4969 8.45697 -27.201 
v 10.2491 8.51064 -24.9292 
v 10.151 8.51064 -27.1859 
v 10.9352 8.28245 -24.9591 
v 10.7666 8.3499 -27.2127 
v 10.8371 8.28245 -27.2158 
v 10.8647 8.3499 -24.956 
v 10.7666 8.3499 -27.2127 
v 10.9352 8.28245 -24.9591 
v 10.7104 8.4262 -24.9493 
v 10.4969 8.45697 -27.201 
v 10.6123 8.42621 -27.206 
v 10.5951 8.45697 -24.9443 
v 10.4969 8.45697 -27.201 
v 10.7104 8.4262 -24.9493 
v 10.7987 8.38878 -24.9531 
v 10.6123 8.42621 -27.206 
v 10.7005 8.38878 -27.2098 
v 10.7104 8.4262 -24.9493 
v 10.6123 8.42621 -27.206 
v 10.7987 8.38878 -24.9531 
v 10.8647 8.3499 -24.956 
v 10.7005 8.38878 -27.2098 
v 10.7666 8.3499 -27.2127 
v 10.7987 8.38878 -24.9531 
v 10.7005 8.38878 -27.2098 
v 10.8647 8.3499 -24.956 
v 8.36667 0.738638 -24.4194 
v 6.93412 0.702919 -24.7851 
v 8.03493 0.73013 -24.4235 
v 8.72448 0.747891 -24.4195 
v 6.93412 0.702919 -24.7851 
v 8.36667 0.738638 -24.4194 
v 8.72448 0.747891 -24.4195 
v 11.0088 0.807825 -24.9623 
v 6.93412 0.702919 -24.7851 
v 7.0395 0.705273 -24.5641 
v 6.93412 0.702919 -24.7851 
v 6.97871 0.703861 -24.6418 
v 7.11951 0.707186 -24.5056 
v 6.93412 0.702919 -24.7851 
v 7.0395 0.705273 -24.5641 
v 7.2191 0.70961 -24.4654 
v 6.93412 0.702919 -24.7851 
v 7.11951 0.707186 -24.5056 
v 7.34082 0.712613 -24.441 
v 6.93412 0.702919 -24.7851 
v 7.2191 0.70961 -24.4654 
v 7.61381 0.719445 -24.4276 
v 6.93412 0.702919 -24.7851 
v 7.34082 0.712613 -24.441 
v 8.03493 0.73013 -24.4235 
v 6.93412 0.702919 -24.7851 
v 7.61381 0.719445 -24.4276 
v 11.0088 0.807825 -24.9623 
v 8.72448 0.747891 -24.4195 
v 8.99069 0.754811 -24.419 
v 8.99069 0.754811 -24.419 
v 9.25586 0.761751 -24.4426 
v 11.0088 0.807825 -24.9623 
v 9.25586 0.761751 -24.4426 
v 9.61243 0.771099 -24.4735 
v 11.0088 0.807825 -24.9623 
v 9.61243 0.771099 -24.4735 
v 9.94271 0.779759 -24.5064 
v 11.0088 0.807825 -24.9623 
v 9.94271 0.779759 -24.5064 
v 10.3622 0.790719 -24.5471 
v 11.0088 0.807825 -24.9623 
v 10.3622 0.790719 -24.5471 
v 10.6332 0.797771 -24.5842 
v 11.0088 0.807825 -24.9623 
v 10.6332 0.797771 -24.5842 
v 10.7524 0.800879 -24.6191 
v 11.0088 0.807825 -24.9623 
v 10.7524 0.800879 -24.6191 
v 10.8482 0.803393 -24.6678 
v 11.0088 0.807825 -24.9623 
v 10.8482 0.803393 -24.6678 
v 10.9229 0.805378 -24.733 
v 11.0088 0.807825 -24.9623 
v 10.9229 0.805378 -24.733 
v 10.9768 0.806846 -24.8157 
v 11.0088 0.807825 -24.9623 

vn 0.00787402 -0.929134 0.370079 
vn 0.00787402 -0.929134 0.370079 
vn 0.00787402 -0.929134 0.370079 
vn 0.00787402 -0.929134 0.370079 
vn 0.00787402 -0.929134 0.370079 
vn 0.00787402 -0.929134 0.370079 
vn 0.00787402 -0.929134 0.370079 
vn 0.00787402 -0.929134 0.370079 
vn 0.00787402 -0.929134 0.370079 
vn 0 -0.929134 0.370079 
vn 0 -0.929134 0.370079 
vn 0 -0.929134 0.370079 
vn 0 -0.929134 0.370079 
vn 0 -0.929134 0.370079 
vn 0 -0.929134 0.370079 
vn 0 -0.929134 0.362205 
vn 0 -0.929134 0.362205 
vn 0 -0.929134 0.362205 
vn -0.0314961 -0.929134 0.370079 
vn -0.0314961 -0.929134 0.370079 
vn -0.0314961 -0.929134 0.370079 
vn -0.0393701 -0.929134 0.370079 
vn -0.0393701 -0.929134 0.370079 
vn -0.0393701 -0.929134 0.370079 
vn -0.0314961 -0.929134 0.370079 
vn -0.0314961 -0.929134 0.370079 
vn -0.0314961 -0.929134 0.370079 
vn 0 -0.929134 0.370079 
vn 0 -0.929134 0.370079 
vn 0 -0.929134 0.370079 
vn 0 -0.929134 0.370079 
vn 0 -0.929134 0.370079 
vn 0 -0.929134 0.370079 
vn -0.0314961 -0.929134 0.370079 
vn -0.0314961 -0.929134 0.370079 
vn -0.0314961 -0.929134 0.370079 
vn -0.0314961 -0.929134 0.370079 
vn -0.0314961 -0.929134 0.370079 
vn -0.0314961 -0.929134 0.370079 
vn -0.0314961 -0.929134 0.370079 
vn -0.0314961 -0.929134 0.370079 
vn -0.0314961 -0.929134 0.370079 
vn -0.0314961 -0.929134 0.370079 
vn -0.0314961 -0.929134 0.370079 
vn -0.0314961 -0.929134 0.370079 
vn -0.0314961 -0.929134 0.370079 
vn -0.0314961 -0.929134 0.370079 
vn -0.0314961 -0.929134 0.370079 
vn 0.023622 -1 0 
vn 0.023622 -1 0 
vn 0.023622 -1 0 
vn 0.023622 -1 0 
vn 0.023622 -1 0 
vn 0.023622 -1 0 
vn 0.023622 -1 0 
vn 0.023622 -1 0 
vn 0.023622 -1 0 
vn 0.023622 -1 0 
vn 0.023622 -1 0 
vn 0.023622 -1 0 
vn 0.023622 -1 0 
vn 0.023622 -1 0 
vn 0.023622 -1 0 
vn 0.023622 -1 0 
vn 0.023622 -1 0 
vn 0.023622 -1 0 
vn 0.023622 -1 0 
vn 0.023622 -1 0 
vn 0.023622 -1 0 
vn 0.023622 -1 0 
vn 0.023622 -1 0 
vn 0.023622 -1 0 
vn 0.023622 -1 0 
vn 0.023622 -1 0 
vn 0.023622 -1 0 
vn 0.023622 -1 0 
vn 0.023622 -1 0 
vn 0.023622 -1 0 
vn 0.023622 -1 0 
vn 0.023622 -1 0 
vn 0.023622 -1 0 
vn 0.023622 -1 0 
vn 0.023622 -1 0 
vn 0.023622 -1 0 
vn 0.023622 -1 0 
vn 0.023622 -1 0 
vn 0.023622 -1 0 
vn 0.023622 -1 0 
vn 0.023622 -1 0 
vn 0.023622 -1 0 
vn 0.023622 -1 0 
vn 0.023622 -1 0 
vn 0.023622 -1 0 
vn 0.023622 -1 0 
vn 0.023622 -1 0 
vn 0.023622 -1 0 
vn 0.023622 -1 0 
vn 0.023622 -1 0 
vn 0.023622 -1 0 
vn 0.023622 -1 0 
vn 0.023622 -1 0 
vn 0.023622 -1 0 
vn 0.023622 -1 0 
vn 0.023622 -1 0 
vn 0.023622 -1 0 
vn 0.023622 -1 0 
vn 0.023622 -1 0 
vn 0.023622 -1 0 
vn 0.393701 0.755906 -0.527559 
vn 0.393701 0.755906 -0.527559 
vn 0.393701 0.755906 -0.527559 
vn 0.511811 0.692913 -0.503937 
vn 0.511811 0.692913 -0.503937 
vn 0.511811 0.692913 -0.503937 
vn 0.440945 0.866142 -0.244094 
vn 0.440945 0.866142 -0.244094 
vn 0.440945 0.866142 -0.244094 
vn 0.598425 0.685039 -0.417323 
vn 0.598425 0.685039 -0.417323 
vn 0.598425 0.685039 -0.417323 
vn 0.496063 0.84252 -0.204724 
vn 0.496063 0.84252 -0.204724 
vn 0.496063 0.84252 -0.204724 
vn 0.322835 0.913386 -0.251969 
vn 0.322835 0.913386 -0.251969 
vn 0.322835 0.913386 -0.251969 
vn 0.299213 0.913386 -0.275591 
vn 0.299213 0.913386 -0.275591 
vn 0.299213 0.913386 -0.275591 
vn 0.338583 0.740157 -0.574803 
vn 0.338583 0.740157 -0.574803 
vn 0.338583 0.740157 -0.574803 
vn 0.251969 0.76378 -0.590551 
vn 0.251969 0.76378 -0.590551 
vn 0.251969 0.76378 -0.590551 
vn 0.645669 0.740157 -0.19685 
vn 0.645669 0.740157 -0.19685 
vn 0.645669 0.740157 -0.19685 
vn 0.228346 0.755906 -0.614173 
vn 0.228346 0.755906 -0.614173 
vn 0.228346 0.755906 -0.614173 
vn 0.165354 0.944882 -0.275591 
vn 0.165354 0.944882 -0.275591 
vn 0.165354 0.944882 -0.275591 
vn 0.15748 0.944882 -0.291339 
vn 0.15748 0.944882 -0.291339 
vn 0.15748 0.944882 -0.291339 
vn 0.677165 0.716535 -0.165354 
vn 0.677165 0.716535 -0.165354 
vn 0.677165 0.716535 -0.165354 
vn -0.480315 0.740157 -0.464567 
vn -0.480315 0.740157 -0.464567 
vn -0.480315 0.740157 -0.464567 
vn -0.582677 0.685039 -0.433071 
vn -0.582677 0.685039 -0.433071 
vn -0.582677 0.685039 -0.433071 
vn 0.0866142 0.952756 -0.291339 
vn 0.0866142 0.952756 -0.291339 
vn 0.0866142 0.952756 -0.291339 
vn 0.0866142 0.952756 -0.283465 
vn 0.0866142 0.952756 -0.283465 
vn 0.0866142 0.952756 -0.283465 
vn -0.440945 0.732283 -0.519685 
vn -0.440945 0.732283 -0.519685 
vn -0.440945 0.732283 -0.519685 
vn 0.511811 0.858268 -0.023622 
vn 0.511811 0.858268 -0.023622 
vn 0.511811 0.858268 -0.023622 
vn 0.511811 0.858268 -0.023622 
vn 0.511811 0.858268 -0.023622 
vn 0.511811 0.858268 -0.023622 
vn -0.385827 0.889764 -0.228346 
vn -0.385827 0.889764 -0.228346 
vn -0.385827 0.889764 -0.228346 
vn -0.409449 0.889764 -0.204724 
vn -0.409449 0.889764 -0.204724 
vn -0.409449 0.889764 -0.204724 
vn -0.503937 0.84252 -0.188976 
vn -0.503937 0.84252 -0.188976 
vn -0.503937 0.84252 -0.188976 
vn -0.362205 0.76378 -0.543307 
vn -0.362205 0.76378 -0.543307 
vn -0.362205 0.76378 -0.543307 
vn 0.11811 0.779528 -0.622047 
vn 0.11811 0.779528 -0.622047 
vn 0.11811 0.779528 -0.622047 
vn -0.653543 0.677165 -0.338583 
vn -0.653543 0.677165 -0.338583 
vn -0.653543 0.677165 -0.338583 
vn 0.11811 0.771654 -0.629921 
vn 0.11811 0.771654 -0.629921 
vn 0.11811 0.771654 -0.629921 
vn 0.346457 0.937008 -0.015748 
vn 0.346457 0.937008 -0.015748 
vn 0.346457 0.937008 -0.015748 
vn 0.346457 0.937008 -0.015748 
vn 0.346457 0.937008 -0.015748 
vn 0.346457 0.937008 -0.015748 
vn 0.0314961 0.96063 -0.283465 
vn 0.0314961 0.96063 -0.283465 
vn 0.0314961 0.96063 -0.283465 
vn 0.0314961 0.96063 -0.283465 
vn 0.0314961 0.96063 -0.283465 
vn 0.0314961 0.96063 -0.283465 
vn -0.338583 0.748031 -0.566929 
vn -0.338583 0.748031 -0.566929 
vn -0.338583 0.748031 -0.566929 
vn -0.275591 0.929134 -0.259843 
vn -0.275591 0.929134 -0.259843 
vn -0.275591 0.929134 -0.259843 
vn -0.551181 0.826772 -0.141732 
vn -0.551181 0.826772 -0.141732 
vn -0.551181 0.826772 -0.141732 
vn -0.267717 0.929134 -0.244094 
vn -0.267717 0.929134 -0.244094 
vn -0.267717 0.929134 -0.244094 
vn -0.00787402 0.96063 -0.283465 
vn -0.00787402 0.96063 -0.283465 
vn -0.00787402 0.96063 -0.283465 
vn -0.00787402 0.96063 -0.283465 
vn -0.00787402 0.96063 -0.283465 
vn -0.00787402 0.96063 -0.283465 
vn -0.212598 0.944882 -0.267717 
vn -0.212598 0.944882 -0.267717 
vn -0.212598 0.944882 -0.267717 
vn -0.212598 0.937008 -0.267717 
vn -0.212598 0.937008 -0.267717 
vn -0.212598 0.937008 -0.267717 
vn 0.0551181 0.779528 -0.622047 
vn 0.0551181 0.779528 -0.622047 
vn 0.0551181 0.779528 -0.622047 
vn -0.0472441 0.96063 -0.275591 
vn -0.0472441 0.96063 -0.275591 
vn -0.0472441 0.96063 -0.275591 
vn -0.0472441 0.96063 -0.275591 
vn -0.0472441 0.96063 -0.275591 
vn -0.0472441 0.96063 -0.275591 
vn 0.0551181 0.779528 -0.629921 
vn 0.0551181 0.779528 -0.629921 
vn 0.0551181 0.779528 -0.629921 
vn 0.692913 0.716535 -0.0314961 
vn 0.692913 0.716535 -0.0314961 
vn 0.692913 0.716535 -0.0314961 
vn 0.692913 0.724409 -0.0314961 
vn 0.692913 0.724409 -0.0314961 
vn 0.692913 0.724409 -0.0314961 
vn -0.165354 0.944882 -0.267717 
vn -0.165354 0.944882 -0.267717 
vn -0.165354 0.944882 -0.267717 
vn -0.0944882 0.96063 -0.275591 
vn -0.0944882 0.96063 -0.275591 
vn -0.0944882 0.96063 -0.275591 
vn -0.0944882 0.96063 -0.275591 
vn -0.0944882 0.96063 -0.275591 
vn -0.0944882 0.96063 -0.275591 
vn -0.165354 0.952756 -0.267717 
vn -0.165354 0.952756 -0.267717 
vn -0.165354 0.952756 -0.267717 
vn -0.125984 0.952756 -0.267717 
vn -0.125984 0.952756 -0.267717 
vn -0.125984 0.952756 -0.267717 
vn -0.125984 0.952756 -0.267717 
vn -0.125984 0.952756 -0.267717 
vn -0.125984 0.952756 -0.267717 
vn -0.244094 0.771654 -0.582677 
vn -0.244094 0.771654 -0.582677 
vn -0.244094 0.771654 -0.582677 
vn -0.23622 0.76378 -0.598425 
vn -0.23622 0.76378 -0.598425 
vn -0.23622 0.76378 -0.598425 
vn 0.00787402 0.779528 -0.622047 
vn 0.00787402 0.779528 -0.622047 
vn 0.00787402 0.779528 -0.622047 
vn 0.00787402 0.779528 -0.622047 
vn 0.00787402 0.779528 -0.622047 
vn 0.00787402 0.779528 -0.622047 
vn -0.677165 0.724409 -0.125984 
vn -0.677165 0.724409 -0.125984 
vn -0.677165 0.724409 -0.125984 
vn 0.779528 0.464567 -0.425197 
vn 0.779528 0.464567 -0.425197 
vn 0.779528 0.464567 -0.425197 
vn -0.188976 0.771654 -0.598425 
vn -0.188976 0.771654 -0.598425 
vn -0.188976 0.771654 -0.598425 
vn -0.188976 0.771654 -0.606299 
vn -0.188976 0.771654 -0.606299 
vn -0.188976 0.771654 -0.606299 
vn -0.023622 0.779528 -0.622047 
vn -0.023622 0.779528 -0.622047 
vn -0.023622 0.779528 -0.622047 
vn -0.023622 0.779528 -0.622047 
vn -0.023622 0.779528 -0.622047 
vn -0.023622 0.779528 -0.622047 
vn 0.472441 0.480315 -0.740157 
vn 0.472441 0.480315 -0.740157 
vn 0.472441 0.480315 -0.740157 
vn 0.181102 0.984252 -0.00787402 
vn 0.181102 0.984252 -0.00787402 
vn 0.181102 0.984252 -0.00787402 
vn 0.181102 0.984252 -0.00787402 
vn 0.181102 0.984252 -0.00787402 
vn 0.181102 0.984252 -0.00787402 
vn -0.0551181 0.779528 -0.622047 
vn -0.0551181 0.779528 -0.622047 
vn -0.0551181 0.779528 -0.622047 
vn -0.0551181 0.787402 -0.614173 
vn -0.0551181 0.787402 -0.614173 
vn -0.0551181 0.787402 -0.614173 
vn -0.149606 0.779528 -0.606299 
vn -0.149606 0.779528 -0.606299 
vn -0.149606 0.779528 -0.606299 
vn -0.149606 0.779528 -0.606299 
vn -0.149606 0.779528 -0.606299 
vn -0.149606 0.779528 -0.606299 
vn -0.11811 0.779528 -0.614173 
vn -0.11811 0.779528 -0.614173 
vn -0.11811 0.779528 -0.614173 
vn -0.0944882 0.779528 -0.614173 
vn -0.0944882 0.779528 -0.614173 
vn -0.0944882 0.779528 -0.614173 
vn -0.0944882 0.779528 -0.614173 
vn -0.0944882 0.779528 -0.614173 
vn -0.0944882 0.779528 -0.614173 
vn -0.11811 0.779528 -0.614173 
vn -0.11811 0.779528 -0.614173 
vn -0.11811 0.779528 -0.614173 
vn 0.299213 0.543307 -0.779528 
vn 0.299213 0.543307 -0.779528 
vn 0.299213 0.543307 -0.779528 
vn -0.708661 0.700787 -0.0944882 
vn -0.708661 0.700787 -0.0944882 
vn -0.708661 0.700787 -0.0944882 
vn 0.322835 0.511811 -0.795276 
vn 0.322835 0.511811 -0.795276 
vn 0.322835 0.511811 -0.795276 
vn 0.834646 0.527559 -0.173228 
vn 0.834646 0.527559 -0.173228 
vn 0.834646 0.527559 -0.173228 
vn -0.409449 0.913386 0.015748 
vn -0.409449 0.913386 0.015748 
vn -0.409449 0.913386 0.015748 
vn -0.409449 0.913386 0.015748 
vn -0.409449 0.913386 0.015748 
vn -0.409449 0.913386 0.015748 
vn -0.551181 0.834646 0.023622 
vn -0.551181 0.834646 0.023622 
vn -0.551181 0.834646 0.023622 
vn -0.551181 0.834646 0.023622 
vn -0.551181 0.834646 0.023622 
vn -0.551181 0.834646 0.023622 
vn 0.102362 0.992126 -0.00787402 
vn 0.102362 0.992126 -0.00787402 
vn 0.102362 0.992126 -0.00787402 
vn 0.102362 0.992126 -0.00787402 
vn 0.102362 0.992126 -0.00787402 
vn 0.102362 0.992126 -0.00787402 
vn 0.188976 0.574803 -0.795276 
vn 0.188976 0.574803 -0.795276 
vn 0.188976 0.574803 -0.795276 
vn 0.188976 0.566929 -0.80315 
vn 0.188976 0.566929 -0.80315 
vn 0.188976 0.566929 -0.80315 
vn -0.551181 0.488189 -0.677165 
vn -0.551181 0.488189 -0.677165 
vn -0.551181 0.488189 -0.677165 
vn 0.850394 0.488189 -0.204724 
vn 0.850394 0.488189 -0.204724 
vn 0.850394 0.488189 -0.204724 
vn 0.76378 0.377953 -0.519685 
vn 0.76378 0.377953 -0.519685 
vn 0.76378 0.377953 -0.519685 
vn -0.401575 0.551181 -0.732283 
vn -0.401575 0.551181 -0.732283 
vn -0.401575 0.551181 -0.732283 
vn 0.0472441 1 0 
vn 0.0472441 1 0 
vn 0.0472441 1 0 
vn 0.0472441 1 0 
vn 0.0472441 1 0 
vn 0.0472441 1 0 
vn -0.275591 0.96063 0.00787402 
vn -0.275591 0.96063 0.00787402 
vn -0.275591 0.96063 0.00787402 
vn -0.275591 0.96063 0.015748 
vn -0.275591 0.96063 0.015748 
vn -0.275591 0.96063 0.015748 
vn 0.535433 0.393701 -0.748031 
vn 0.535433 0.393701 -0.748031 
vn 0.535433 0.393701 -0.748031 
vn -0.811024 0.480315 -0.338583 
vn -0.811024 0.480315 -0.338583 
vn -0.811024 0.480315 -0.338583 
vn -0.425197 0.519685 -0.740157 
vn -0.425197 0.519685 -0.740157 
vn -0.425197 0.519685 -0.740157 
vn 0 1 0 
vn 0 1 0 
vn 0 1 0 
vn 0 1 0 
vn 0 1 0 
vn 0 1 0 
vn -0.204724 0.976378 0.00787402 
vn -0.204724 0.976378 0.00787402 
vn -0.204724 0.976378 0.00787402 
vn -0.204724 0.976378 0.00787402 
vn -0.204724 0.976378 0.00787402 
vn -0.204724 0.976378 0.00787402 
vn -0.700787 0.708661 0.0314961 
vn -0.700787 0.708661 0.0314961 
vn -0.700787 0.708661 0.0314961 
vn -0.708661 0.708661 0.0314961 
vn -0.708661 0.708661 0.0314961 
vn -0.708661 0.708661 0.0314961 
vn -0.307087 0.582677 -0.755906 
vn -0.307087 0.582677 -0.755906 
vn -0.307087 0.582677 -0.755906 
vn -0.0393701 1 0 
vn -0.0393701 1 0 
vn -0.0393701 1 0 
vn -0.0393701 1 0 
vn -0.0393701 1 0 
vn -0.0393701 1 0 
vn -0.307087 0.574803 -0.755906 
vn -0.307087 0.574803 -0.755906 
vn -0.307087 0.574803 -0.755906 
vn -0.0787402 1 0 
vn -0.0787402 1 0 
vn -0.0787402 1 0 
vn -0.0787402 1 0 
vn -0.0787402 1 0 
vn -0.0787402 1 0 
vn -0.15748 0.984252 0.00787402 
vn -0.15748 0.984252 0.00787402 
vn -0.15748 0.984252 0.00787402 
vn -0.15748 0.984252 0.00787402 
vn -0.15748 0.984252 0.00787402 
vn -0.15748 0.984252 0.00787402 
vn -0.11811 0.992126 0.00787402 
vn -0.11811 0.992126 0.00787402 
vn -0.11811 0.992126 0.00787402 
vn -0.11811 0.992126 0.00787402 
vn -0.11811 0.992126 0.00787402 
vn -0.11811 0.992126 0.00787402 
vn 0.0787402 0.590551 -0.80315 
vn 0.0787402 0.590551 -0.80315 
vn 0.0787402 0.590551 -0.80315 
vn 0.0787402 0.590551 -0.80315 
vn 0.0787402 0.590551 -0.80315 
vn 0.0787402 0.590551 -0.80315 
vn 0.850394 0.527559 -0.0393701 
vn 0.850394 0.527559 -0.0393701 
vn 0.850394 0.527559 -0.0393701 
vn 0.850394 0.527559 -0.0393701 
vn 0.850394 0.527559 -0.0393701 
vn 0.850394 0.527559 -0.0393701 
vn -0.614173 0.409449 -0.677165 
vn -0.614173 0.409449 -0.677165 
vn -0.614173 0.409449 -0.677165 
vn -0.80315 0.393701 -0.433071 
vn -0.80315 0.393701 -0.433071 
vn -0.80315 0.393701 -0.433071 
vn -0.204724 0.598425 -0.779528 
vn -0.204724 0.598425 -0.779528 
vn -0.204724 0.598425 -0.779528 
vn -0.204724 0.590551 -0.779528 
vn -0.204724 0.590551 -0.779528 
vn -0.204724 0.590551 -0.779528 
vn -0.84252 0.535433 -0.0944882 
vn -0.84252 0.535433 -0.0944882 
vn -0.84252 0.535433 -0.0944882 
vn 0.0314961 0.590551 -0.80315 
vn 0.0314961 0.590551 -0.80315 
vn 0.0314961 0.590551 -0.80315 
vn 0.0314961 0.590551 -0.80315 
vn 0.0314961 0.590551 -0.80315 
vn 0.0314961 0.590551 -0.80315 
vn -0.165354 0.598425 -0.787402 
vn -0.165354 0.598425 -0.787402 
vn -0.165354 0.598425 -0.787402 
vn -0.165354 0.598425 -0.787402 
vn -0.165354 0.598425 -0.787402 
vn -0.165354 0.598425 -0.787402 
vn -0.858268 0.496063 -0.125984 
vn -0.858268 0.496063 -0.125984 
vn -0.858268 0.496063 -0.125984 
vn -0.00787402 0.590551 -0.80315 
vn -0.00787402 0.590551 -0.80315 
vn -0.00787402 0.590551 -0.80315 
vn -0.00787402 0.598425 -0.80315 
vn -0.00787402 0.598425 -0.80315 
vn -0.00787402 0.598425 -0.80315 
vn -0.0314961 0.598425 -0.80315 
vn -0.0314961 0.598425 -0.80315 
vn -0.0314961 0.598425 -0.80315 
vn -0.133858 0.598425 -0.795276 
vn -0.133858 0.598425 -0.795276 
vn -0.133858 0.598425 -0.795276 
vn -0.133858 0.598425 -0.787402 
vn -0.133858 0.598425 -0.787402 
vn -0.133858 0.598425 -0.787402 
vn -0.0314961 0.598425 -0.80315 
vn -0.0314961 0.598425 -0.80315 
vn -0.0314961 0.598425 -0.80315 
vn -0.0551181 0.598425 -0.80315 
vn -0.0551181 0.598425 -0.80315 
vn -0.0551181 0.598425 -0.80315 
vn -0.0551181 0.598425 -0.795276 
vn -0.0551181 0.598425 -0.795276 
vn -0.0551181 0.598425 -0.795276 
vn -0.110236 0.598425 -0.795276 
vn -0.110236 0.598425 -0.795276 
vn -0.110236 0.598425 -0.795276 
vn -0.110236 0.598425 -0.795276 
vn -0.110236 0.598425 -0.795276 
vn -0.110236 0.598425 -0.795276 
vn -0.0866142 0.598425 -0.795276 
vn -0.0866142 0.598425 -0.795276 
vn -0.0866142 0.598425 -0.795276 
vn -0.0866142 0.598425 -0.795276 
vn -0.0866142 0.598425 -0.795276 
vn -0.0866142 0.598425 -0.795276 
vn -0.84252 0.535433 0.0393701 
vn -0.84252 0.535433 0.0393701 
vn -0.84252 0.535433 0.0393701 
vn -0.84252 0.535433 0.0393701 
vn -0.84252 0.535433 0.0393701 
vn -0.84252 0.535433 0.0393701 
vn 0.771654 0.149606 -0.622047 
vn 0.771654 0.149606 -0.622047 
vn 0.771654 0.149606 -0.622047 
vn 0.937008 0.19685 -0.283465 
vn 0.937008 0.19685 -0.283465 
vn 0.937008 0.19685 -0.283465 
vn -0.818898 0.173228 -0.543307 
vn -0.818898 0.173228 -0.543307 
vn -0.818898 0.173228 -0.543307 
vn 0.527559 0.149606 -0.834646 
vn 0.527559 0.149606 -0.834646 
vn 0.527559 0.149606 -0.834646 
vn 0.811024 0.110236 -0.582677 
vn 0.811024 0.110236 -0.582677 
vn 0.811024 0.110236 -0.582677 
vn -0.606299 0.173228 -0.779528 
vn -0.606299 0.173228 -0.779528 
vn -0.606299 0.173228 -0.779528 
vn -0.952756 0.23622 -0.19685 
vn -0.952756 0.23622 -0.19685 
vn -0.952756 0.23622 -0.19685 
vn -0.858268 0.141732 -0.496063 
vn -0.858268 0.141732 -0.496063 
vn -0.858268 0.141732 -0.496063 
vn 0.559055 0.125984 -0.818898 
vn 0.559055 0.125984 -0.818898 
vn 0.559055 0.125984 -0.818898 
vn -0.637795 0.149606 -0.755906 
vn -0.637795 0.149606 -0.755906 
vn -0.637795 0.149606 -0.755906 
vn 0.291339 0.204724 -0.937008 
vn 0.291339 0.204724 -0.937008 
vn 0.291339 0.204724 -0.937008 
vn 0.96063 0.15748 -0.244094 
vn 0.96063 0.15748 -0.244094 
vn 0.96063 0.15748 -0.244094 
vn -0.385827 0.220472 -0.897638 
vn -0.385827 0.220472 -0.897638 
vn -0.385827 0.220472 -0.897638 
vn 0.338583 0.173228 -0.929134 
vn 0.338583 0.173228 -0.929134 
vn 0.338583 0.173228 -0.929134 
vn -0.425197 0.188976 -0.88189 
vn -0.425197 0.188976 -0.88189 
vn -0.425197 0.188976 -0.88189 
vn -0.968504 0.188976 -0.15748 
vn -0.968504 0.188976 -0.15748 
vn -0.968504 0.188976 -0.15748 
vn 0.141732 0.23622 -0.96063 
vn 0.141732 0.23622 -0.96063 
vn 0.141732 0.23622 -0.96063 
vn 0.976378 0.204724 -0.0393701 
vn 0.976378 0.204724 -0.0393701 
vn 0.976378 0.204724 -0.0393701 
vn 0.976378 0.204724 -0.0393701 
vn 0.976378 0.204724 -0.0393701 
vn 0.976378 0.204724 -0.0393701 
vn -0.244094 0.244094 -0.937008 
vn -0.244094 0.244094 -0.937008 
vn -0.244094 0.244094 -0.937008 
vn 0.15748 0.220472 -0.96063 
vn 0.15748 0.220472 -0.96063 
vn 0.15748 0.220472 -0.96063 
vn -0.259843 0.228346 -0.937008 
vn -0.259843 0.228346 -0.937008 
vn -0.259843 0.228346 -0.937008 
vn -0.968504 0.23622 0.0393701 
vn -0.968504 0.23622 0.0393701 
vn -0.968504 0.23622 0.0393701 
vn -0.968504 0.23622 0.0393701 
vn -0.968504 0.23622 0.0393701 
vn -0.968504 0.23622 0.0393701 
vn 0.023622 0.251969 -0.968504 
vn 0.023622 0.251969 -0.968504 
vn 0.023622 0.251969 -0.968504 
vn 0.023622 0.244094 -0.968504 
vn 0.023622 0.244094 -0.968504 
vn 0.023622 0.244094 -0.968504 
vn -0.133858 0.251969 -0.96063 
vn -0.133858 0.251969 -0.96063 
vn -0.133858 0.251969 -0.96063 
vn -0.133858 0.251969 -0.96063 
vn -0.133858 0.251969 -0.96063 
vn -0.133858 0.251969 -0.96063 
vn -0.818898 0.00787402 -0.574803 
vn -0.818898 0.00787402 -0.574803 
vn -0.818898 0.00787402 -0.574803 
vn -0.826772 0.00787402 -0.566929 
vn -0.826772 0.00787402 -0.566929 
vn -0.826772 0.00787402 -0.566929 
vn 0.771654 -0.0314961 -0.637795 
vn 0.771654 -0.0314961 -0.637795 
vn 0.771654 -0.0314961 -0.637795 
vn 0.76378 -0.0314961 -0.645669 
vn 0.76378 -0.0314961 -0.645669 
vn 0.76378 -0.0314961 -0.645669 
vn -0.00787402 0.251969 -0.968504 
vn -0.00787402 0.251969 -0.968504 
vn -0.00787402 0.251969 -0.968504 
vn -0.102362 0.251969 -0.96063 
vn -0.102362 0.251969 -0.96063 
vn -0.102362 0.251969 -0.96063 
vn -0.00787402 0.244094 -0.968504 
vn -0.00787402 0.244094 -0.968504 
vn -0.00787402 0.244094 -0.968504 
vn -0.102362 0.251969 -0.96063 
vn -0.102362 0.251969 -0.96063 
vn -0.102362 0.251969 -0.96063 
vn -0.0787402 0.251969 -0.968504 
vn -0.0787402 0.251969 -0.968504 
vn -0.0787402 0.251969 -0.968504 
vn -0.0314961 0.244094 -0.968504 
vn -0.0314961 0.244094 -0.968504 
vn -0.0314961 0.244094 -0.968504 
vn -0.0787402 0.244094 -0.968504 
vn -0.0787402 0.244094 -0.968504 
vn -0.0787402 0.244094 -0.968504 
vn -0.0314961 0.244094 -0.968504 
vn -0.0314961 0.244094 -0.968504 
vn -0.0314961 0.244094 -0.968504 
vn -0.0708661 0.244094 -0.968504 
vn -0.0708661 0.244094 -0.968504 
vn -0.0708661 0.244094 -0.968504 
vn -0.0393701 0.244094 -0.968504 
vn -0.0393701 0.244094 -0.968504 
vn -0.0393701 0.244094 -0.968504 
vn -0.0393701 0.244094 -0.968504 
vn -0.0393701 0.244094 -0.968504 
vn -0.0393701 0.244094 -0.968504 
vn -0.0629921 0.244094 -0.968504 
vn -0.0629921 0.244094 -0.968504 
vn -0.0629921 0.244094 -0.968504 
vn -0.0708661 0.244094 -0.968504 
vn -0.0708661 0.244094 -0.968504 
vn -0.0708661 0.244094 -0.968504 
vn -0.0551181 0.244094 -0.968504 
vn -0.0551181 0.244094 -0.968504 
vn -0.0551181 0.244094 -0.968504 
vn -0.0551181 0.244094 -0.968504 
vn -0.0551181 0.244094 -0.968504 
vn -0.0551181 0.244094 -0.968504 
vn -0.0629921 0.244094 -0.968504 
vn -0.0629921 0.244094 -0.968504 
vn -0.0629921 0.244094 -0.968504 
vn -0.622047 0.00787402 -0.779528 
vn -0.622047 0.00787402 -0.779528 
vn -0.622047 0.00787402 -0.779528 
vn -0.622047 0.00787402 -0.787402 
vn -0.622047 0.00787402 -0.787402 
vn -0.622047 0.00787402 -0.787402 
vn 0.551181 -0.023622 -0.834646 
vn 0.551181 -0.023622 -0.834646 
vn 0.551181 -0.023622 -0.834646 
vn 0.551181 -0.023622 -0.834646 
vn 0.551181 -0.023622 -0.834646 
vn 0.551181 -0.023622 -0.834646 
vn -0.787402 -0.00787402 0.614173 
vn -0.787402 -0.00787402 0.614173 
vn -0.787402 -0.00787402 0.614173 
vn -0.779528 -0.00787402 0.629921 
vn -0.779528 -0.00787402 0.629921 
vn -0.779528 -0.00787402 0.629921 
vn 0.834646 -0.0393701 0.543307 
vn 0.834646 -0.0393701 0.543307 
vn 0.834646 -0.0393701 0.543307 
vn 0.826772 -0.0393701 0.559055 
vn 0.826772 -0.0393701 0.559055 
vn 0.826772 -0.0393701 0.559055 
vn -0.787402 0.00787402 0.614173 
vn -0.787402 0.00787402 0.614173 
vn -0.787402 0.00787402 0.614173 
vn -0.787402 0.00787402 0.614173 
vn -0.787402 0.00787402 0.614173 
vn -0.787402 0.00787402 0.614173 
vn -0.598425 -0.00787402 0.80315 
vn -0.598425 -0.00787402 0.80315 
vn -0.598425 -0.00787402 0.80315 
vn -0.976378 0.00787402 -0.220472 
vn -0.976378 0.00787402 -0.220472 
vn -0.976378 0.00787402 -0.220472 
vn -0.952756 -0.00787402 0.314961 
vn -0.952756 -0.00787402 0.314961 
vn -0.952756 -0.00787402 0.314961 
vn -0.590551 -0.00787402 0.811024 
vn -0.590551 -0.00787402 0.811024 
vn -0.590551 -0.00787402 0.811024 
vn -0.976378 0.00787402 -0.220472 
vn -0.976378 0.00787402 -0.220472 
vn -0.976378 0.00787402 -0.220472 
vn -0.952756 -0.00787402 0.299213 
vn -0.952756 -0.00787402 0.299213 
vn -0.952756 -0.00787402 0.299213 
vn 0.834646 -0.023622 0.543307 
vn 0.834646 -0.023622 0.543307 
vn 0.834646 -0.023622 0.543307 
vn 0.661417 -0.0314961 0.755906 
vn 0.661417 -0.0314961 0.755906 
vn 0.661417 -0.0314961 0.755906 
vn 0.669291 -0.0314961 0.748031 
vn 0.669291 -0.0314961 0.748031 
vn 0.669291 -0.0314961 0.748031 
vn 0.952756 -0.0314961 -0.307087 
vn 0.952756 -0.0314961 -0.307087 
vn 0.952756 -0.0314961 -0.307087 
vn 0.84252 -0.023622 0.543307 
vn 0.84252 -0.023622 0.543307 
vn 0.84252 -0.023622 0.543307 
vn 0.952756 -0.0314961 -0.299213 
vn 0.952756 -0.0314961 -0.299213 
vn 0.952756 -0.0314961 -0.299213 
vn 0.968504 -0.0472441 0.228346 
vn 0.968504 -0.0472441 0.228346 
vn 0.968504 -0.0472441 0.228346 
vn 0.976378 -0.0472441 0.212598 
vn 0.976378 -0.0472441 0.212598 
vn 0.976378 -0.0472441 0.212598 
vn -0.952756 0.00787402 0.299213 
vn -0.952756 0.00787402 0.299213 
vn -0.952756 0.00787402 0.299213 
vn -0.952756 0.00787402 0.299213 
vn -0.952756 0.00787402 0.299213 
vn -0.952756 0.00787402 0.299213 
vn -0.590551 0.00787402 0.80315 
vn -0.590551 0.00787402 0.80315 
vn -0.590551 0.00787402 0.80315 
vn -0.590551 0.00787402 0.811024 
vn -0.590551 0.00787402 0.811024 
vn -0.590551 0.00787402 0.811024 
vn -0.401575 0 -0.913386 
vn -0.401575 0 -0.913386 
vn -0.401575 0 -0.913386 
vn 0.322835 -0.015748 -0.944882 
vn 0.322835 -0.015748 -0.944882 
vn 0.322835 -0.015748 -0.944882 
vn -0.393701 0 -0.92126 
vn -0.393701 0 -0.92126 
vn -0.393701 0 -0.92126 
vn 0.661417 -0.015748 0.755906 
vn 0.661417 -0.015748 0.755906 
vn 0.661417 -0.015748 0.755906 
vn 0.661417 -0.015748 0.755906 
vn 0.661417 -0.015748 0.755906 
vn 0.661417 -0.015748 0.755906 
vn 0.314961 -0.015748 -0.952756 
vn 0.314961 -0.015748 -0.952756 
vn 0.314961 -0.015748 -0.952756 
vn 0.976378 -0.0314961 0.212598 
vn 0.976378 -0.0314961 0.212598 
vn 0.976378 -0.0314961 0.212598 
vn 0.976378 -0.0314961 0.212598 
vn 0.976378 -0.0314961 0.212598 
vn 0.976378 -0.0314961 0.212598 
vn -0.385827 -0.00787402 0.92126 
vn -0.385827 -0.00787402 0.92126 
vn -0.385827 -0.00787402 0.92126 
vn 0.464567 -0.023622 0.88189 
vn 0.464567 -0.023622 0.88189 
vn 0.464567 -0.023622 0.88189 
vn -0.377953 -0.00787402 0.929134 
vn -0.377953 -0.00787402 0.929134 
vn -0.377953 -0.00787402 0.929134 
vn 0.456693 -0.0314961 0.889764 
vn 0.456693 -0.0314961 0.889764 
vn 0.456693 -0.0314961 0.889764 
vn -0.377953 0 0.929134 
vn -0.377953 0 0.929134 
vn -0.377953 0 0.929134 
vn -0.377953 0 0.929134 
vn -0.377953 0 0.929134 
vn -0.377953 0 0.929134 
vn -1 0.00787402 0.0393701 
vn -1 0.00787402 0.0393701 
vn -1 0.00787402 0.0393701 
vn -1 0.00787402 0.0393701 
vn -1 0.00787402 0.0393701 
vn -1 0.00787402 0.0393701 
vn -1 0.00787402 0.0393701 
vn -1 0.00787402 0.0393701 
vn -1 0.00787402 0.0393701 
vn 0.456693 -0.00787402 0.889764 
vn 0.456693 -0.00787402 0.889764 
vn 0.456693 -0.00787402 0.889764 
vn 0.456693 -0.015748 0.889764 
vn 0.456693 -0.015748 0.889764 
vn 0.456693 -0.015748 0.889764 
vn 1 -0.0393701 -0.0472441 
vn 1 -0.0393701 -0.0472441 
vn 1 -0.0393701 -0.0472441 
vn 1 -0.0314961 -0.0393701 
vn 1 -0.0314961 -0.0393701 
vn 1 -0.0314961 -0.0393701 
vn 0.133858 -0.00787402 -0.992126 
vn 0.133858 -0.00787402 -0.992126 
vn 0.133858 -0.00787402 -0.992126 
vn -0.220472 0 -0.976378 
vn -0.220472 0 -0.976378 
vn -0.220472 0 -0.976378 
vn -0.212598 0 -0.976378 
vn -0.212598 0 -0.976378 
vn -0.212598 0 -0.976378 
vn 0.125984 -0.00787402 -0.992126 
vn 0.125984 -0.00787402 -0.992126 
vn 0.125984 -0.00787402 -0.992126 
vn 1 -0.0314961 -0.0472441 
vn 1 -0.0314961 -0.0472441 
vn 1 -0.0314961 -0.0472441 
vn -0.204724 -0.015748 0.976378 
vn -0.204724 -0.015748 0.976378 
vn -0.204724 -0.015748 0.976378 
vn 0.283465 -0.023622 0.96063 
vn 0.283465 -0.023622 0.96063 
vn 0.283465 -0.023622 0.96063 
vn -0.19685 -0.015748 0.984252 
vn -0.19685 -0.015748 0.984252 
vn -0.19685 -0.015748 0.984252 
vn 0.283465 -0.023622 0.96063 
vn 0.283465 -0.023622 0.96063 
vn 0.283465 -0.023622 0.96063 
vn -0.19685 0 0.984252 
vn -0.19685 0 0.984252 
vn -0.19685 0 0.984252 
vn -1 0.0393701 0.0629921 
vn -1 0.0393701 0.0629921 
vn -1 0.0393701 0.0629921 
vn -1 0.0393701 0.0629921 
vn -1 0.0393701 0.0629921 
vn -1 0.0393701 0.0629921 
vn -0.19685 0 0.984252 
vn -0.19685 0 0.984252 
vn -0.19685 0 0.984252 
vn -1 0.0393701 0.015748 
vn -1 0.0393701 0.015748 
vn -1 0.0393701 0.015748 
vn -1 0.0393701 0.015748 
vn -1 0.0393701 0.015748 
vn -1 0.0393701 0.015748 
vn 0.283465 -0.00787402 0.96063 
vn 0.283465 -0.00787402 0.96063 
vn 0.283465 -0.00787402 0.96063 
vn 0.283465 -0.00787402 0.96063 
vn 0.283465 -0.00787402 0.96063 
vn 0.283465 -0.00787402 0.96063 
vn 1 -0.0629921 -0.00787402 
vn 1 -0.0629921 -0.00787402 
vn 1 -0.0629921 -0.00787402 
vn 1 -0.0629921 -0.00787402 
vn 1 -0.0629921 -0.00787402 
vn 1 -0.0629921 -0.00787402 
vn -0.015748 0 -1 
vn -0.015748 0 -1 
vn -0.015748 0 -1 
vn -0.0708661 0 -1 
vn -0.0708661 0 -1 
vn -0.0708661 0 -1 
vn -0.015748 0 -1 
vn -0.015748 0 -1 
vn -0.015748 0 -1 
vn -0.0708661 0 -1 
vn -0.0708661 0 -1 
vn -0.0708661 0 -1 
vn -1 0.0393701 0.0629921 
vn -1 0.0393701 0.0629921 
vn -1 0.0393701 0.0629921 
vn -1 0.0393701 0.0629921 
vn -1 0.0393701 0.0629921 
vn -1 0.0393701 0.0629921 
vn 0.992126 -0.0629921 -0.102362 
vn 0.992126 -0.0629921 -0.102362 
vn 0.992126 -0.0629921 -0.102362 
vn 0.992126 -0.0629921 -0.102362 
vn 0.992126 -0.0629921 -0.102362 
vn 0.992126 -0.0629921 -0.102362 
vn -1 0.0393701 0.015748 
vn -1 0.0393701 0.015748 
vn -1 0.0393701 0.015748 
vn -1 0.0393701 0.015748 
vn -1 0.0393701 0.015748 
vn -1 0.0393701 0.015748 
vn -0.0393701 0 -1 
vn -0.0393701 0 -1 
vn -0.0393701 0 -1 
vn -0.0314961 0 -1 
vn -0.0314961 0 -1 
vn -0.0314961 0 -1 
vn -0.0551181 0 -1 
vn -0.0551181 0 -1 
vn -0.0551181 0 -1 
vn -0.0472441 0 -1 
vn -0.0472441 0 -1 
vn -0.0472441 0 -1 
vn -0.0393701 0 -1 
vn -0.0393701 0 -1 
vn -0.0393701 0 -1 
vn -0.0393701 0 -1 
vn -0.0393701 0 -1 
vn -0.0393701 0 -1 
vn -0.0393701 0 -1 
vn -0.0393701 0 -1 
vn -0.0393701 0 -1 
vn -0.0393701 0 -1 
vn -0.0393701 0 -1 
vn -0.0393701 0 -1 
vn -0.0393701 0 -1 
vn -0.0393701 0 -1 
vn -0.0393701 0 -1 
vn -0.0393701 0 -1 
vn -0.0393701 0 -1 
vn -0.0393701 0 -1 
vn -0.0393701 0 -1 
vn -0.0393701 0 -1 
vn -0.0393701 0 -1 
vn -0.0393701 0 -1 
vn -0.0393701 0 -1 
vn -0.0393701 0 -1 
vn -0.0393701 0 -1 
vn -0.0393701 0 -1 
vn -0.0393701 0 -1 
vn -0.0393701 0 -1 
vn -0.0393701 0 -1 
vn -0.0393701 0 -1 
vn -0.0472441 0 -1 
vn -0.0472441 0 -1 
vn -0.0472441 0 -1 
vn -0.0472441 0 -1 
vn -0.0472441 0 -1 
vn -0.0472441 0 -1 
vn 1 -0.0629921 -0.00787402 
vn 1 -0.0629921 -0.00787402 
vn 1 -0.0629921 -0.00787402 
vn 1 -0.0629921 -0.00787402 
vn 1 -0.0629921 -0.00787402 
vn 1 -0.0629921 -0.00787402 
vn -0.0472441 -0.015748 1 
vn -0.0472441 -0.015748 1 
vn -0.0472441 -0.015748 1 
vn -0.0472441 -0.015748 1 
vn -0.0472441 -0.015748 1 
vn -0.0472441 -0.015748 1 
vn 0.133858 -0.015748 0.992126 
vn 0.133858 -0.015748 0.992126 
vn 0.133858 -0.015748 0.992126 
vn 0.133858 -0.015748 0.992126 
vn 0.133858 -0.015748 0.992126 
vn 0.133858 -0.015748 0.992126 
vn 0.992126 -0.0629921 -0.102362 
vn 0.992126 -0.0629921 -0.102362 
vn 0.992126 -0.0629921 -0.102362 
vn 0.992126 -0.0629921 -0.102362 
vn 0.992126 -0.0629921 -0.102362 
vn 0.992126 -0.0629921 -0.102362 
vn 0.858268 0.519685 -0.0393701 
vn 0.858268 0.519685 -0.0393701 
vn 0.858268 0.519685 -0.0393701 
vn 0.88189 0.464567 -0.0393701 
vn 0.88189 0.464567 -0.0393701 
vn 0.88189 0.464567 -0.0393701 
vn -0.826772 0.566929 0.023622 
vn -0.826772 0.566929 0.023622 
vn -0.826772 0.566929 0.023622 
vn -0.023622 -0.015748 1 
vn -0.023622 -0.015748 1 
vn -0.023622 -0.015748 1 
vn 0.110236 -0.015748 0.992126 
vn 0.110236 -0.015748 0.992126 
vn 0.110236 -0.015748 0.992126 
vn 0.110236 -0.015748 0.992126 
vn 0.110236 -0.015748 0.992126 
vn 0.110236 -0.015748 0.992126 
vn -0.023622 -0.015748 1 
vn -0.023622 -0.015748 1 
vn -0.023622 -0.015748 1 
vn -0.00787402 -0.015748 1 
vn -0.00787402 -0.015748 1 
vn -0.00787402 -0.015748 1 
vn -0.00787402 -0.015748 1 
vn -0.00787402 -0.015748 1 
vn -0.00787402 -0.015748 1 
vn 0.102362 -0.015748 0.992126 
vn 0.102362 -0.015748 0.992126 
vn 0.102362 -0.015748 0.992126 
vn 0.0944882 -0.015748 0.992126 
vn 0.0944882 -0.015748 0.992126 
vn 0.0944882 -0.015748 0.992126 
vn 0 -0.015748 1 
vn 0 -0.015748 1 
vn 0 -0.015748 1 
vn 0 -0.015748 1 
vn 0 -0.015748 1 
vn 0 -0.015748 1 
vn 0.0866142 -0.015748 1 
vn 0.0866142 -0.015748 1 
vn 0.0866142 -0.015748 1 
vn 0.0866142 -0.015748 1 
vn 0.0866142 -0.015748 1 
vn 0.0866142 -0.015748 1 
vn 0.0314961 -0.015748 1 
vn 0.0314961 -0.015748 1 
vn 0.0314961 -0.015748 1 
vn 0.0314961 -0.015748 1 
vn 0.0314961 -0.015748 1 
vn 0.0314961 -0.015748 1 
vn 0.0629921 -0.015748 1 
vn 0.0629921 -0.015748 1 
vn 0.0629921 -0.015748 1 
vn 0.0551181 -0.015748 1 
vn 0.0551181 -0.015748 1 
vn 0.0551181 -0.015748 1 
vn -0.0472441 0 1 
vn -0.0472441 0 1 
vn -0.0472441 0 1 
vn -0.0472441 0 1 
vn -0.0472441 0 1 
vn -0.0472441 0 1 
vn -0.645669 0.76378 0.023622 
vn -0.645669 0.76378 0.023622 
vn -0.645669 0.76378 0.023622 
vn -0.0472441 0 1 
vn -0.0472441 0 1 
vn -0.0472441 0 1 
vn 0.133858 0 0.992126 
vn 0.133858 0 0.992126 
vn 0.133858 0 0.992126 
vn 0.133858 0 0.992126 
vn 0.133858 0 0.992126 
vn 0.133858 0 0.992126 
vn 0.133858 0 0.992126 
vn 0.133858 0 0.992126 
vn 0.133858 0 0.992126 
vn -0.015748 0 1 
vn -0.015748 0 1 
vn -0.015748 0 1 
vn -0.00787402 0 1 
vn -0.00787402 0 1 
vn -0.00787402 0 1 
vn -0.00787402 0 1 
vn -0.00787402 0 1 
vn -0.00787402 0 1 
vn -0.015748 0 1 
vn -0.015748 0 1 
vn -0.015748 0 1 
vn 0.102362 0 0.992126 
vn 0.102362 0 0.992126 
vn 0.102362 0 0.992126 
vn 0.102362 0 0.992126 
vn 0.102362 0 0.992126 
vn 0.102362 0 0.992126 
vn 0 0 1 
vn 0 0 1 
vn 0 0 1 
vn 0 0 1 
vn 0 0 1 
vn 0 0 1 
vn 0 0 1 
vn 0 0 1 
vn 0 0 1 
vn 0 0 1 
vn 0 0 1 
vn 0 0 1 
vn 0.0944882 0 0.992126 
vn 0.0944882 0 0.992126 
vn 0.0944882 0 0.992126 
vn 0.0944882 0 0.992126 
vn 0.0944882 0 0.992126 
vn 0.0944882 0 0.992126 
vn 0.0866142 0 0.992126 
vn 0.0866142 0 0.992126 
vn 0.0866142 0 0.992126 
vn 0.0866142 0 0.992126 
vn 0.0866142 0 0.992126 
vn 0.0866142 0 0.992126 
vn 0.0866142 0 1 
vn 0.0866142 0 1 
vn 0.0866142 0 1 
vn 0.0866142 0 1 
vn 0.0866142 0 1 
vn 0.0866142 0 1 
vn -0.748031 0.661417 0.0314961 
vn -0.748031 0.661417 0.0314961 
vn -0.748031 0.661417 0.0314961 
vn -0.015748 0 1 
vn -0.015748 0 1 
vn -0.015748 0 1 
vn -0.015748 0 1 
vn -0.015748 0 1 
vn -0.015748 0 1 
vn -0.00787402 0 1 
vn -0.00787402 0 1 
vn -0.00787402 0 1 
vn -0.00787402 0 1 
vn -0.00787402 0 1 
vn -0.00787402 0 1 
vn 0 0 1 
vn 0 0 1 
vn 0 0 1 
vn 0.102362 0 0.992126 
vn 0.102362 0 0.992126 
vn 0.102362 0 0.992126 
vn 0.102362 0 0.992126 
vn 0.102362 0 0.992126 
vn 0.102362 0 0.992126 
vn 0 0 1 
vn 0 0 1 
vn 0 0 1 
vn 0 0 1 
vn 0 0 1 
vn 0 0 1 
vn 0 0 1 
vn 0 0 1 
vn 0 0 1 
vn 0.0866142 0 0.992126 
vn 0.0866142 0 0.992126 
vn 0.0866142 0 0.992126 
vn 0.0866142 0 0.992126 
vn 0.0866142 0 0.992126 
vn 0.0866142 0 0.992126 
vn 0.0866142 0 1 
vn 0.0866142 0 1 
vn 0.0866142 0 1 
vn 0.0866142 0 1 
vn 0.0866142 0 1 
vn 0.0866142 0 1 
vn 0.0944882 0 0.992126 
vn 0.0944882 0 0.992126 
vn 0.0944882 0 0.992126 
vn 0.0944882 0 0.992126 
vn 0.0944882 0 0.992126 
vn 0.0944882 0 0.992126 
vn -0.866142 0.503937 0.0314961 
vn -0.866142 0.503937 0.0314961 
vn -0.866142 0.503937 0.0314961 
vn 0.724409 0.685039 -0.0551181 
vn 0.724409 0.685039 -0.0551181 
vn 0.724409 0.685039 -0.0551181 
vn 0.96063 0.267717 -0.0708661 
vn 0.96063 0.267717 -0.0708661 
vn 0.96063 0.267717 -0.0708661 
vn -0.637795 0.771654 0.023622 
vn -0.637795 0.771654 0.023622 
vn -0.637795 0.771654 0.023622 
vn -0.637795 0.771654 0.023622 
vn -0.637795 0.771654 0.023622 
vn -0.637795 0.771654 0.023622 
vn 0.850394 0.527559 -0.0314961 
vn 0.850394 0.527559 -0.0314961 
vn 0.850394 0.527559 -0.0314961 
vn 0.897638 0.433071 -0.0314961 
vn 0.897638 0.433071 -0.0314961 
vn 0.897638 0.433071 -0.0314961 
vn 0.0472441 0 1 
vn 0.0472441 0 1 
vn 0.0472441 0 1 
vn 0.0472441 0 1 
vn 0.0472441 0 1 
vn 0.0472441 0 1 
vn 0.0472441 0 1 
vn 0.0472441 0 1 
vn 0.0472441 0 1 
vn 0.0472441 0 1 
vn 0.0472441 0 1 
vn 0.0472441 0 1 
vn 0.0472441 0 1 
vn 0.0472441 0 1 
vn 0.0472441 0 1 
vn 0.0472441 0 1 
vn 0.0472441 0 1 
vn 0.0472441 0 1 
vn 0.0472441 0 1 
vn 0.0472441 0 1 
vn 0.0472441 0 1 
vn 0.0472441 0 1 
vn 0.0472441 0 1 
vn 0.0472441 0 1 
vn 0.0472441 0 1 
vn 0.0472441 0 1 
vn 0.0472441 0 1 
vn 0.0472441 0 1 
vn 0.0472441 0 1 
vn 0.0472441 0 1 
vn 0.0472441 0 1 
vn 0.0472441 0 1 
vn 0.0472441 0 1 
vn 0.0472441 0 1 
vn 0.0472441 0 1 
vn 0.0472441 0 1 
vn 0.0472441 0 1 
vn 0.0472441 0 1 
vn 0.0472441 0 1 
vn 0.0472441 0 1 
vn 0.0472441 0 1 
vn 0.0472441 0 1 
vn 0.0472441 0 1 
vn 0.0472441 0 1 
vn 0.0472441 0 1 
vn 0.0472441 0 1 
vn 0.0472441 0 1 
vn 0.0472441 0 1 
vn 0.0472441 0 1 
vn 0.0472441 0 1 
vn 0.0472441 0 1 
vn 0.0472441 0 1 
vn 0.0472441 0 1 
vn 0.0472441 0 1 
vn 0.0472441 0 1 
vn 0.0472441 0 1 
vn 0.0472441 0 1 
vn 0.0472441 0 1 
vn 0.0472441 0 1 
vn 0.0472441 0 1 
vn 0.0472441 0 1 
vn 0.0472441 0 1 
vn 0.0472441 0 1 
vn 0.0472441 0 1 
vn 0.0472441 0 1 
vn 0.0472441 0 1 
vn 0.0472441 0 1 
vn 0.0472441 0 1 
vn 0.0472441 0 1 
vn 0.0472441 0 1 
vn 0.0472441 0 1 
vn 0.0472441 0 1 
vn 0.0472441 0 1 
vn 0.0472441 0 1 
vn 0.0472441 0 1 
vn 0.0472441 0 1 
vn 0.0472441 0 1 
vn 0.0472441 0 1 
vn 0.0472441 0 1 
vn 0.0472441 0 1 
vn 0.0472441 0 1 
vn 0.0472441 0 1 
vn 0.0472441 0 1 
vn 0.0472441 0 1 
vn 0.0472441 0 1 
vn 0.0472441 0 1 
vn 0.0472441 0 1 
vn 0.0472441 0 1 
vn 0.0472441 0 1 
vn 0.0472441 0 1 
vn 0.0472441 0 1 
vn 0.0472441 0 1 
vn 0.0472441 0 1 
vn 0.0472441 0 1 
vn 0.0472441 0 1 
vn 0.0472441 0 1 
vn 0.0472441 0 1 
vn 0.0472441 0 1 
vn 0.0472441 0 1 
vn 0.0472441 0 1 
vn 0.0472441 0 1 
vn 0.0472441 0 1 
vn 0.0472441 0 1 
vn 0.0472441 0 1 
vn 0.0472441 0 1 
vn 0.0472441 0 1 
vn 0.0472441 0 1 
vn 0.0472441 0 1 
vn 0.0472441 0 1 
vn 0.0472441 0 1 
vn 0.0472441 0 1 
vn 0.0472441 0 1 
vn 0.0472441 0 1 
vn 0.0472441 0 1 
vn 0.0472441 0 1 
vn 0.0472441 0 1 
vn 0.0472441 0 1 
vn 0.0472441 0 1 
vn 0.0472441 0 1 
vn 0.0472441 0 1 
vn 0.0472441 0 1 
vn 0.0472441 0 1 
vn 0.0472441 0 1 
vn 0.0472441 0 1 
vn 0.0472441 0 1 
vn 0.0314961 -1 0 
vn 0.0314961 -1 0 
vn 0.0314961 -1 0 
vn -0.015748 -1 0 
vn -0.015748 -1 0 
vn -0.015748 -1 0 
vn -0.0314961 0 -1 
vn -0.0314961 0 -1 
vn -0.0314961 0 -1 
vn -0.0314961 0 -1 
vn -0.0314961 0 -1 
vn -0.0314961 0 -1 
vn -0.00787402 -1 0 
vn -0.00787402 -1 0 
vn -0.00787402 -1 0 
vn -0.00787402 -1 0 
vn -0.00787402 -1 0 
vn -0.00787402 -1 0 
vn -0.015748 -1 -0.00787402 
vn -0.015748 -1 -0.00787402 
vn -0.015748 -1 -0.00787402 
vn -0.0314961 0 -1 
vn -0.0314961 0 -1 
vn -0.0314961 0 -1 
vn -0.0314961 0 -1 
vn -0.0314961 0 -1 
vn -0.0314961 0 -1 
vn -0.015748 -1 -0.00787402 
vn -0.015748 -1 -0.00787402 
vn -0.015748 -1 -0.00787402 
vn -0.00787402 -1 0.00787402 
vn -0.00787402 -1 0.00787402 
vn -0.00787402 -1 0.00787402 
vn -0.0629921 0 -1 
vn -0.0629921 0 -1 
vn -0.0629921 0 -1 
vn -0.0629921 0 -1 
vn -0.0629921 0 -1 
vn -0.0629921 0 -1 
vn -0.0629921 0 -1 
vn -0.0629921 0 -1 
vn -0.0629921 0 -1 
vn -0.0629921 0 -1 
vn -0.0629921 0 -1 
vn -0.0629921 0 -1 
vn 0.00787402 -1 -0.015748 
vn 0.00787402 -1 -0.015748 
vn 0.00787402 -1 -0.015748 
vn -0.00787402 -1 0.00787402 
vn -0.00787402 -1 0.00787402 
vn -0.00787402 -1 0.00787402 
vn 0.740157 0.677165 0.00787402 
vn 0.740157 0.677165 0.00787402 
vn 0.740157 0.677165 0.00787402 
vn 0.0551181 0 1 
vn 0.0551181 0 1 
vn 0.0551181 0 1 
vn 0.0551181 0 1 
vn 0.0551181 0 1 
vn 0.0551181 0 1 
vn 0.023622 -1 -0.0472441 
vn 0.023622 -1 -0.0472441 
vn 0.023622 -1 -0.0472441 
vn 0.0551181 0 1 
vn 0.0551181 0 1 
vn 0.0551181 0 1 
vn 0.0551181 0 1 
vn 0.0551181 0 1 
vn 0.0551181 0 1 
vn -0.00787402 -1 -0.00787402 
vn -0.00787402 -1 -0.00787402 
vn -0.00787402 -1 -0.00787402 
vn -0.00787402 -1 0 
vn -0.00787402 -1 0 
vn -0.00787402 -1 0 
vn -0.00787402 -1 0 
vn -0.00787402 -1 0 
vn -0.00787402 -1 0 
vn -0.00787402 -1 0 
vn -0.00787402 -1 0 
vn -0.00787402 -1 0 
vn -0.00787402 -1 0 
vn -0.00787402 -1 0 
vn -0.00787402 -1 0 
vn 0 -1 -0.015748 
vn 0 -1 -0.015748 
vn 0 -1 -0.015748 
vn 0 -1 -0.015748 
vn 0 -1 -0.015748 
vn 0 -1 -0.015748 
vn 0 -1 -0.015748 
vn 0 -1 -0.015748 
vn 0 -1 -0.015748 
vn 0 -1 -0.015748 
vn 0 -1 -0.015748 
vn 0 -1 -0.015748 
vn 0.755906 0.653543 0.00787402 
vn 0.755906 0.653543 0.00787402 
vn 0.755906 0.653543 0.00787402 
vn -0.015748 -1 -0.00787402 
vn -0.015748 -1 -0.00787402 
vn -0.015748 -1 -0.00787402 
vn 0.00787402 -1 0 
vn 0.00787402 -1 0 
vn 0.00787402 -1 0 
vn -0.015748 -1 0 
vn -0.015748 -1 0 
vn -0.015748 -1 0 
vn 0 -1 0 
vn 0 -1 0 
vn 0 -1 0 
vn 0 -1 0 
vn 0 -1 0 
vn 0 -1 0 
vn -0.637795 0.771654 0.0393701 
vn -0.637795 0.771654 0.0393701 
vn -0.637795 0.771654 0.0393701 
vn 0 -1 0 
vn 0 -1 0 
vn 0 -1 0 
vn 0 -1 0 
vn 0 -1 0 
vn 0 -1 0 
vn 0 -1 0 
vn 0 -1 0 
vn 0 -1 0 
vn 0 -1 0 
vn 0 -1 0 
vn 0 -1 0 
vn 0 -1 0 
vn 0 -1 0 
vn 0 -1 0 
vn 0 -1 0 
vn 0 -1 0 
vn 0 -1 0 
vn 0 -1 0 
vn 0 -1 0 
vn 0 -1 0 
vn 0 -1 0 
vn 0 -1 0 
vn 0 -1 0 
vn 0 -1 0 
vn 0 -1 0 
vn 0 -1 0 
vn 0 -1 0 
vn 0 -1 0 
vn 0 -1 0 
vn 0 -1 0 
vn 0 -1 0 
vn 0 -1 0 
vn 0 -1 0 
vn 0 -1 0 
vn 0 -1 0 
vn 0 -1 0 
vn 0 -1 0 
vn 0 -1 0 
vn 0 -1 0 
vn 0 -1 0 
vn 0 -1 0 
vn 0.023622 0 1 
vn 0.023622 0 1 
vn 0.023622 0 1 
vn 0.023622 0 1 
vn 0.023622 0 1 
vn 0.023622 0 1 
vn 0.023622 0 1 
vn 0.023622 0 1 
vn 0.023622 0 1 
vn 0.023622 0 1 
vn 0.023622 0 1 
vn 0.023622 0 1 
vn 0.023622 1 0 
vn 0.023622 1 0 
vn 0.023622 1 0 
vn 0.0629921 0 1 
vn 0.0629921 0 1 
vn 0.0629921 0 1 
vn 0.0629921 0 1 
vn 0.0629921 0 1 
vn 0.0629921 0 1 
vn 0.0629921 0 1 
vn 0.0629921 0 1 
vn 0.0629921 0 1 
vn 0.0629921 0 1 
vn 0.0629921 0 1 
vn 0.0629921 0 1 
vn 0.00787402 1 0.0472441 
vn 0.00787402 1 0.0472441 
vn 0.00787402 1 0.0472441 
vn 0.023622 1 0.015748 
vn 0.023622 1 0.015748 
vn 0.023622 1 0.015748 
vn -0.015748 1 0 
vn -0.015748 1 0 
vn -0.015748 1 0 
vn 0 1 -0.0314961 
vn 0 1 -0.0314961 
vn 0 1 -0.0314961 
vn 0.023622 1 0.015748 
vn 0.023622 1 0.015748 
vn 0.023622 1 0.015748 
vn -0.015748 1 0 
vn -0.015748 1 0 
vn -0.015748 1 0 
vn 0.015748 1 -0.023622 
vn 0.015748 1 -0.023622 
vn 0.015748 1 -0.023622 
vn -0.00787402 1 -0.015748 
vn -0.00787402 1 -0.015748 
vn -0.00787402 1 -0.015748 
vn -0.023622 1 0.0472441 
vn -0.023622 1 0.0472441 
vn -0.023622 1 0.0472441 
vn -0.015748 1 0.023622 
vn -0.015748 1 0.023622 
vn -0.015748 1 0.023622 
vn 0.023622 1 0 
vn 0.023622 1 0 
vn 0.023622 1 0 
vn 0.023622 1 0 
vn 0.023622 1 0 
vn 0.023622 1 0 
vn 0.00787402 1 0.015748 
vn 0.00787402 1 0.015748 
vn 0.00787402 1 0.015748 
vn 0 1 0 
vn 0 1 0 
vn 0 1 0 
vn 0 1 0 
vn 0 1 0 
vn 0 1 0 
vn 0 1 0 
vn 0 1 0 
vn 0 1 0 
vn 0 1 0 
vn 0 1 0 
vn 0 1 0 
vn 0 1 0 
vn 0 1 0 
vn 0 1 0 
vn 0 1 0 
vn 0 1 0 
vn 0 1 0 
vn 0.023622 1 -0.0314961 
vn 0.023622 1 -0.0314961 
vn 0.023622 1 -0.0314961 
vn 0 1 -0.023622 
vn 0 1 -0.023622 
vn 0 1 -0.023622 
vn 0 1 0 
vn 0 1 0 
vn 0 1 0 
vn 0 1 0 
vn 0 1 0 
vn 0 1 0 
vn 0 1 0 
vn 0 1 0 
vn 0 1 0 
vn 0 1 0 
vn 0 1 0 
vn 0 1 0 
vn 0 1 0 
vn 0 1 0 
vn 0 1 0 
vn 0 1 0 
vn 0 1 0 
vn 0 1 0 
vn 0 1 0 
vn 0 1 0 
vn 0 1 0 
vn 0 1 0 
vn 0 1 0 
vn 0 1 0 
vn 0 1 0 
vn 0 1 0 
vn 0 1 0 
vn 0 1 0 
vn 0 1 0 
vn 0 1 0 
vn 0 1 0.015748 
vn 0 1 0.015748 
vn 0 1 0.015748 
vn 0 1 0.015748 
vn 0 1 0.015748 
vn 0 1 0.015748 
vn 0 1 0.015748 
vn 0 1 0.015748 
vn 0 1 0.015748 
vn 0 1 0.015748 
vn 0 1 0.015748 
vn 0 1 0.015748 
vn 0.0472441 1 0.0393701 
vn 0.0472441 1 0.0393701 
vn 0.0472441 1 0.0393701 
vn -0.850394 0.527559 0.0472441 
vn -0.850394 0.527559 0.0472441 
vn -0.850394 0.527559 0.0472441 
vn -0.0314961 1 0 
vn -0.0314961 1 0 
vn -0.0314961 1 0 
vn -0.645669 0.76378 0.0314961 
vn -0.645669 0.76378 0.0314961 
vn -0.645669 0.76378 0.0314961 
vn 0.889764 0.456693 -0.0393701 
vn 0.889764 0.456693 -0.0393701 
vn 0.889764 0.456693 -0.0393701 
vn 0.96063 0.259843 -0.0708661 
vn 0.96063 0.259843 -0.0708661 
vn 0.96063 0.259843 -0.0708661 
vn -0.76378 0.645669 0.0393701 
vn -0.76378 0.645669 0.0393701 
vn -0.76378 0.645669 0.0393701 
vn 0.858268 0.511811 -0.0393701 
vn 0.858268 0.511811 -0.0393701 
vn 0.858268 0.511811 -0.0393701 
vn 0.259843 -0.96063 -0.0944882 
vn 0.259843 -0.96063 -0.0944882 
vn 0.259843 -0.96063 -0.0944882 
vn 0.267717 -0.96063 0.0708661 
vn 0.267717 -0.96063 0.0708661 
vn 0.267717 -0.96063 0.0708661 
vn 0.566929 0.826772 -0.0314961 
vn 0.566929 0.826772 -0.0314961 
vn 0.566929 0.826772 -0.0314961 
vn -0.291339 -0.952756 -0.0708661 
vn -0.291339 -0.952756 -0.0708661 
vn -0.291339 -0.952756 -0.0708661 
vn -0.826772 0.559055 0.023622 
vn -0.826772 0.559055 0.023622 
vn -0.826772 0.559055 0.023622 
vn -0.283465 -0.952756 0.0944882 
vn -0.283465 -0.952756 0.0944882 
vn -0.283465 -0.952756 0.0944882 
vn 0.866142 0.496063 -0.0393701 
vn 0.866142 0.496063 -0.0393701 
vn 0.866142 0.496063 -0.0393701 
vn 0.866142 0.496063 -0.0393701 
vn 0.866142 0.496063 -0.0393701 
vn 0.866142 0.496063 -0.0393701 
vn 0.307087 -0.952756 0.023622 
vn 0.307087 -0.952756 0.023622 
vn 0.307087 -0.952756 0.023622 
vn 0.307087 -0.952756 -0.0472441 
vn 0.307087 -0.952756 -0.0472441 
vn 0.307087 -0.952756 -0.0472441 
vn 0.299213 -0.952756 -0.00787402 
vn 0.299213 -0.952756 -0.00787402 
vn 0.299213 -0.952756 -0.00787402 
vn 0.299213 -0.952756 -0.023622 
vn 0.299213 -0.952756 -0.023622 
vn 0.299213 -0.952756 -0.023622 
vn -0.338583 -0.944882 -0.023622 
vn -0.338583 -0.944882 -0.023622 
vn -0.338583 -0.944882 -0.023622 
vn -0.330709 -0.944882 0.0551181 
vn -0.330709 -0.944882 0.0551181 
vn -0.330709 -0.944882 0.0551181 
vn -0.322835 -0.944882 0.023622 
vn -0.322835 -0.944882 0.023622 
vn -0.322835 -0.944882 0.023622 
vn -0.330709 -0.944882 0.00787402 
vn -0.330709 -0.944882 0.00787402 
vn -0.330709 -0.944882 0.00787402 
vn 0.314961 -0.952756 -0.00787402 
vn 0.314961 -0.952756 -0.00787402 
vn 0.314961 -0.952756 -0.00787402 
vn 0.314961 -0.952756 -0.015748 
vn 0.314961 -0.952756 -0.015748 
vn 0.314961 -0.952756 -0.015748 
vn 0.314961 -0.952756 -0.015748 
vn 0.314961 -0.952756 -0.015748 
vn 0.314961 -0.952756 -0.015748 
vn 0.314961 -0.952756 -0.015748 
vn 0.314961 -0.952756 -0.015748 
vn 0.314961 -0.952756 -0.015748 
vn 0.314961 -0.952756 -0.015748 
vn 0.314961 -0.952756 -0.015748 
vn 0.314961 -0.952756 -0.015748 
vn 0.314961 -0.952756 -0.015748 
vn 0.314961 -0.952756 -0.015748 
vn 0.314961 -0.952756 -0.015748 
vn -0.866142 0.496063 0.0314961 
vn -0.866142 0.496063 0.0314961 
vn -0.866142 0.496063 0.0314961 
vn -0.338583 -0.937008 0.015748 
vn -0.338583 -0.937008 0.015748 
vn -0.338583 -0.937008 0.015748 
vn -0.338583 -0.937008 0.015748 
vn -0.338583 -0.937008 0.015748 
vn -0.338583 -0.937008 0.015748 
vn -0.338583 -0.937008 0.015748 
vn -0.338583 -0.937008 0.015748 
vn -0.338583 -0.937008 0.015748 
vn -0.338583 -0.937008 0.00787402 
vn -0.338583 -0.937008 0.00787402 
vn -0.338583 -0.937008 0.00787402 
vn -0.338583 -0.937008 0.015748 
vn -0.338583 -0.937008 0.015748 
vn -0.338583 -0.937008 0.015748 
vn -0.338583 -0.937008 0.015748 
vn -0.338583 -0.937008 0.015748 
vn -0.338583 -0.937008 0.015748 
vn -0.590551 0.80315 0 
vn -0.590551 0.80315 0 
vn -0.590551 0.80315 0 
vn -0.267717 0.96063 -0.0708661 
vn -0.267717 0.96063 -0.0708661 
vn -0.267717 0.96063 -0.0708661 
vn 0.669291 0.740157 -0.023622 
vn 0.669291 0.740157 -0.023622 
vn 0.669291 0.740157 -0.023622 
vn -0.267717 0.96063 0.0944882 
vn -0.267717 0.96063 0.0944882 
vn -0.267717 0.96063 0.0944882 
vn 0.275591 0.96063 -0.0944882 
vn 0.275591 0.96063 -0.0944882 
vn 0.275591 0.96063 -0.0944882 
vn 0.283465 0.96063 0.0708661 
vn 0.283465 0.96063 0.0708661 
vn 0.283465 0.96063 0.0708661 
vn -0.826772 0.559055 0.0393701 
vn -0.826772 0.559055 0.0393701 
vn -0.826772 0.559055 0.0393701 
vn -0.826772 0.559055 0.0393701 
vn -0.826772 0.559055 0.0393701 
vn -0.826772 0.559055 0.0393701 
vn 0.496063 -0.771654 -0.401575 
vn 0.496063 -0.771654 -0.401575 
vn 0.496063 -0.771654 -0.401575 
vn 0.527559 -0.771654 0.354331 
vn 0.527559 -0.771654 0.354331 
vn 0.527559 -0.771654 0.354331 
vn -0.566929 -0.740157 -0.370079 
vn -0.566929 -0.740157 -0.370079 
vn -0.566929 -0.740157 -0.370079 
vn 0.905512 0.433071 -0.0314961 
vn 0.905512 0.433071 -0.0314961 
vn 0.905512 0.433071 -0.0314961 
vn -0.307087 0.952756 -0.023622 
vn -0.307087 0.952756 -0.023622 
vn -0.307087 0.952756 -0.023622 
vn -0.307087 0.952756 0.0472441 
vn -0.307087 0.952756 0.0472441 
vn -0.307087 0.952756 0.0472441 
vn 0.519685 -0.629921 -0.574803 
vn 0.519685 -0.629921 -0.574803 
vn 0.519685 -0.629921 -0.574803 
vn -0.299213 0.952756 0.00787402 
vn -0.299213 0.952756 0.00787402 
vn -0.299213 0.952756 0.00787402 
vn -0.299213 0.952756 0.023622 
vn -0.299213 0.952756 0.023622 
vn -0.299213 0.952756 0.023622 
vn -0.527559 -0.740157 0.425197 
vn -0.527559 -0.740157 0.425197 
vn -0.527559 -0.740157 0.425197 
vn 0.322835 0.944882 -0.0551181 
vn 0.322835 0.944882 -0.0551181 
vn 0.322835 0.944882 -0.0551181 
vn 0.322835 0.944882 0.023622 
vn 0.322835 0.944882 0.023622 
vn 0.322835 0.944882 0.023622 
vn 0.314961 0.952756 -0.023622 
vn 0.314961 0.952756 -0.023622 
vn 0.314961 0.952756 -0.023622 
vn 0.314961 0.952756 -0.00787402 
vn 0.314961 0.952756 -0.00787402 
vn 0.314961 0.952756 -0.00787402 
vn -0.314961 0.952756 0.00787402 
vn -0.314961 0.952756 0.00787402 
vn -0.314961 0.952756 0.00787402 
vn 0.566929 -0.629921 0.527559 
vn 0.566929 -0.629921 0.527559 
vn 0.566929 -0.629921 0.527559 
vn -0.314961 0.952756 0.015748 
vn -0.314961 0.952756 0.015748 
vn -0.314961 0.952756 0.015748 
vn -0.314961 0.952756 0.015748 
vn -0.314961 0.952756 0.015748 
vn -0.314961 0.952756 0.015748 
vn -0.314961 0.952756 0.015748 
vn -0.314961 0.952756 0.015748 
vn -0.314961 0.952756 0.015748 
vn -0.314961 0.952756 0.015748 
vn -0.314961 0.952756 0.015748 
vn -0.314961 0.952756 0.015748 
vn -0.314961 0.952756 0.015748 
vn -0.314961 0.952756 0.015748 
vn -0.314961 0.952756 0.015748 
vn -0.598425 -0.582677 -0.551181 
vn -0.598425 -0.582677 -0.551181 
vn -0.598425 -0.582677 -0.551181 
vn -0.755906 0.653543 0.0314961 
vn -0.755906 0.653543 0.0314961 
vn -0.755906 0.653543 0.0314961 
vn -0.653543 0.755906 0.023622 
vn -0.653543 0.755906 0.023622 
vn -0.653543 0.755906 0.023622 
vn 0.322835 0.944882 -0.015748 
vn 0.322835 0.944882 -0.015748 
vn 0.322835 0.944882 -0.015748 
vn 0.322835 0.944882 -0.00787402 
vn 0.322835 0.944882 -0.00787402 
vn 0.322835 0.944882 -0.00787402 
vn 0.929134 0.354331 -0.0787402 
vn 0.929134 0.354331 -0.0787402 
vn 0.929134 0.354331 -0.0787402 
vn 0.322835 0.944882 -0.015748 
vn 0.322835 0.944882 -0.015748 
vn 0.322835 0.944882 -0.015748 
vn 0.322835 0.944882 -0.015748 
vn 0.322835 0.944882 -0.015748 
vn 0.322835 0.944882 -0.015748 
vn 0.322835 0.944882 -0.015748 
vn 0.322835 0.944882 -0.015748 
vn 0.322835 0.944882 -0.015748 
vn 0.322835 0.944882 -0.015748 
vn 0.322835 0.944882 -0.015748 
vn 0.322835 0.944882 -0.015748 
vn -0.551181 -0.582677 0.598425 
vn -0.551181 -0.582677 0.598425 
vn -0.551181 -0.582677 0.598425 
vn 0.669291 0.740157 -0.0314961 
vn 0.669291 0.740157 -0.0314961 
vn 0.669291 0.740157 -0.0314961 
vn 0.669291 0.740157 -0.0314961 
vn 0.669291 0.740157 -0.0314961 
vn 0.669291 0.740157 -0.0314961 
vn 0.850394 0.519685 -0.0314961 
vn 0.850394 0.519685 -0.0314961 
vn 0.850394 0.519685 -0.0314961 
vn -0.84252 0.535433 0.015748 
vn -0.84252 0.535433 0.015748 
vn -0.84252 0.535433 0.015748 
vn -0.527559 0.771654 -0.362205 
vn -0.527559 0.771654 -0.362205 
vn -0.527559 0.771654 -0.362205 
vn -0.559055 0.629921 -0.535433 
vn -0.559055 0.629921 -0.535433 
vn -0.559055 0.629921 -0.535433 
vn 0.724409 0.685039 -0.0551181 
vn 0.724409 0.685039 -0.0551181 
vn 0.724409 0.685039 -0.0551181 
vn -0.488189 0.771654 0.401575 
vn -0.488189 0.771654 0.401575 
vn -0.488189 0.771654 0.401575 
vn 0.88189 0.464567 -0.023622 
vn 0.88189 0.464567 -0.023622 
vn 0.88189 0.464567 -0.023622 
vn 0.511811 0.755906 -0.409449 
vn 0.511811 0.755906 -0.409449 
vn 0.511811 0.755906 -0.409449 
vn -0.511811 0.629921 0.574803 
vn -0.511811 0.629921 0.574803 
vn -0.511811 0.629921 0.574803 
vn 0.527559 0.606299 -0.590551 
vn 0.527559 0.606299 -0.590551 
vn 0.527559 0.606299 -0.590551 
vn 0.543307 0.755906 0.362205 
vn 0.543307 0.755906 0.362205 
vn 0.543307 0.755906 0.362205 
vn 0.582677 0.606299 0.543307 
vn 0.582677 0.606299 0.543307 
vn 0.582677 0.606299 0.543307 
vn -0.76378 0.645669 0.0314961 
vn -0.76378 0.645669 0.0314961 
vn -0.76378 0.645669 0.0314961 
vn -0.850394 0.527559 0.0472441 
vn -0.850394 0.527559 0.0472441 
vn -0.850394 0.527559 0.0472441 
vn -0.645669 0.76378 0.0314961 
vn -0.645669 0.76378 0.0314961 
vn -0.645669 0.76378 0.0314961 
vn -0.645669 0.76378 0.0314961 
vn -0.645669 0.76378 0.0314961 
vn -0.645669 0.76378 0.0314961 
vn -0.748031 0.653543 0.0551181 
vn -0.748031 0.653543 0.0551181 
vn -0.748031 0.653543 0.0551181 
vn 0.76378 0.645669 0.00787402 
vn 0.76378 0.645669 0.00787402 
vn 0.76378 0.645669 0.00787402 
vn 0.779528 0.622047 -0.023622 
vn 0.779528 0.622047 -0.023622 
vn 0.779528 0.622047 -0.023622 
vn 0.677165 0.732283 -0.0393701 
vn 0.677165 0.732283 -0.0393701 
vn 0.677165 0.732283 -0.0393701 
vn 0.740157 0.669291 0.00787402 
vn 0.740157 0.669291 0.00787402 
vn 0.740157 0.669291 0.00787402 
vn -0.897638 0.440945 0.0393701 
vn -0.897638 0.440945 0.0393701 
vn -0.897638 0.440945 0.0393701 
vn 0.866142 0.488189 -0.0393701 
vn 0.866142 0.488189 -0.0393701 
vn 0.866142 0.488189 -0.0393701 
vn 0.866142 0.488189 -0.0393701 
vn 0.866142 0.488189 -0.0393701 
vn 0.866142 0.488189 -0.0393701 
vn 0.708661 -0.291339 -0.645669 
vn 0.708661 -0.291339 -0.645669 
vn 0.708661 -0.291339 -0.645669 
vn -0.850394 0.015748 0.527559 
vn -0.850394 0.015748 0.527559 
vn -0.850394 0.015748 0.527559 
vn -0.84252 0.023622 0.535433 
vn -0.84252 0.023622 0.535433 
vn -0.84252 0.023622 0.535433 
vn -0.645669 0.76378 0.0393701 
vn -0.645669 0.76378 0.0393701 
vn -0.645669 0.76378 0.0393701 
vn 0.708661 -0.251969 -0.661417 
vn 0.708661 -0.251969 -0.661417 
vn 0.708661 -0.251969 -0.661417 
vn 0.76378 -0.291339 0.582677 
vn 0.76378 -0.291339 0.582677 
vn 0.76378 -0.291339 0.582677 
vn -0.76378 0.637795 0.0393701 
vn -0.76378 0.637795 0.0393701 
vn -0.76378 0.637795 0.0393701 
vn -0.858268 0.511811 0.0551181 
vn -0.858268 0.511811 0.0551181 
vn -0.858268 0.511811 0.0551181 
vn 0.708661 -0.708661 -0.0314961 
vn 0.708661 -0.708661 -0.0314961 
vn 0.708661 -0.708661 -0.0314961 
vn 0.708661 -0.708661 -0.0314961 
vn 0.708661 -0.708661 -0.0314961 
vn 0.708661 -0.708661 -0.0314961 
vn -0.779528 -0.212598 -0.590551 
vn -0.779528 -0.212598 -0.590551 
vn -0.779528 -0.212598 -0.590551 
vn -0.755906 0.307087 -0.582677 
vn -0.755906 0.307087 -0.582677 
vn -0.755906 0.307087 -0.582677 
vn 0.76378 -0.251969 0.598425 
vn 0.76378 -0.251969 0.598425 
vn 0.76378 -0.251969 0.598425 
vn 0.716535 -0.692913 -0.023622 
vn 0.716535 -0.692913 -0.023622 
vn 0.716535 -0.692913 -0.023622 
vn 0.716535 -0.692913 -0.0393701 
vn 0.716535 -0.692913 -0.0393701 
vn 0.716535 -0.692913 -0.0393701 
vn 0.716535 -0.692913 -0.0314961 
vn 0.716535 -0.692913 -0.0314961 
vn 0.716535 -0.692913 -0.0314961 
vn 0.716535 -0.692913 -0.0314961 
vn 0.716535 -0.692913 -0.0314961 
vn 0.716535 -0.692913 -0.0314961 
vn -0.779528 -0.173228 -0.606299 
vn -0.779528 -0.173228 -0.606299 
vn -0.779528 -0.173228 -0.606299 
vn -0.755906 0.267717 -0.598425 
vn -0.755906 0.267717 -0.598425 
vn -0.755906 0.267717 -0.598425 
vn 0.897638 -0.015748 0.440945 
vn 0.897638 -0.015748 0.440945 
vn 0.897638 -0.015748 0.440945 
vn 0.937008 0.346457 -0.0787402 
vn 0.937008 0.346457 -0.0787402 
vn 0.937008 0.346457 -0.0787402 
vn -0.724409 -0.212598 0.653543 
vn -0.724409 -0.212598 0.653543 
vn -0.724409 -0.212598 0.653543 
vn 0.889764 -0.00787402 0.448819 
vn 0.889764 -0.00787402 0.448819 
vn 0.889764 -0.00787402 0.448819 
vn -0.700787 0.307087 0.645669 
vn -0.700787 0.307087 0.645669 
vn -0.700787 0.307087 0.645669 
vn -0.724409 -0.173228 0.669291 
vn -0.724409 -0.173228 0.669291 
vn -0.724409 -0.173228 0.669291 
vn -0.700787 0.267717 0.661417 
vn -0.700787 0.267717 0.661417 
vn -0.700787 0.267717 0.661417 
vn 0.716535 0.244094 -0.653543 
vn 0.716535 0.244094 -0.653543 
vn 0.716535 0.244094 -0.653543 
vn -0.755906 -0.653543 0.0314961 
vn -0.755906 -0.653543 0.0314961 
vn -0.755906 -0.653543 0.0314961 
vn -0.755906 -0.653543 0.0314961 
vn -0.755906 -0.653543 0.0314961 
vn -0.755906 -0.653543 0.0314961 
vn 0.748031 -0.653543 -0.0944882 
vn 0.748031 -0.653543 -0.0944882 
vn 0.748031 -0.653543 -0.0944882 
vn 0.755906 -0.653543 0.0314961 
vn 0.755906 -0.653543 0.0314961 
vn 0.755906 -0.653543 0.0314961 
vn 0.708661 0.204724 -0.669291 
vn 0.708661 0.204724 -0.669291 
vn 0.708661 0.204724 -0.669291 
vn 0.897638 0.440945 -0.0314961 
vn 0.897638 0.440945 -0.0314961 
vn 0.897638 0.440945 -0.0314961 
vn -0.76378 -0.637795 0.0472441 
vn -0.76378 -0.637795 0.0472441 
vn -0.76378 -0.637795 0.0472441 
vn -0.76378 -0.637795 0.023622 
vn -0.76378 -0.637795 0.023622 
vn -0.76378 -0.637795 0.023622 
vn -0.76378 -0.637795 0.0314961 
vn -0.76378 -0.637795 0.0314961 
vn -0.76378 -0.637795 0.0314961 
vn -0.76378 -0.637795 0.0314961 
vn -0.76378 -0.637795 0.0314961 
vn -0.76378 -0.637795 0.0314961 
vn 0.748031 -0.661417 -0.0393701 
vn 0.748031 -0.661417 -0.0393701 
vn 0.748031 -0.661417 -0.0393701 
vn 0.771654 0.244094 0.590551 
vn 0.771654 0.244094 0.590551 
vn 0.771654 0.244094 0.590551 
vn 0.748031 -0.661417 -0.023622 
vn 0.748031 -0.661417 -0.023622 
vn 0.748031 -0.661417 -0.023622 
vn 0.771654 0.204724 0.606299 
vn 0.771654 0.204724 0.606299 
vn 0.771654 0.204724 0.606299 
vn -0.645669 0.755906 0.0393701 
vn -0.645669 0.755906 0.0393701 
vn -0.645669 0.755906 0.0393701 
vn -0.80315 0.590551 0.0314961 
vn -0.80315 0.590551 0.0314961 
vn -0.80315 0.590551 0.0314961 
vn -0.795276 -0.590551 0.102362 
vn -0.795276 -0.590551 0.102362 
vn -0.795276 -0.590551 0.102362 
vn -0.80315 -0.590551 -0.0314961 
vn -0.80315 -0.590551 -0.0314961 
vn -0.80315 -0.590551 -0.0314961 
vn -0.700787 0.708661 0.0314961 
vn -0.700787 0.708661 0.0314961 
vn -0.700787 0.708661 0.0314961 
vn -0.700787 0.708661 0.0314961 
vn -0.700787 0.708661 0.0314961 
vn -0.700787 0.708661 0.0314961 
vn -0.795276 -0.598425 0.0393701 
vn -0.795276 -0.598425 0.0393701 
vn -0.795276 -0.598425 0.0393701 
vn -0.795276 -0.598425 0.023622 
vn -0.795276 -0.598425 0.023622 
vn -0.795276 -0.598425 0.023622 
vn -0.826772 0.559055 0.0393701 
vn -0.826772 0.559055 0.0393701 
vn -0.826772 0.559055 0.0393701 
vn -0.826772 0.559055 0.0393701 
vn -0.826772 0.559055 0.0393701 
vn -0.826772 0.559055 0.0393701 
vn -0.708661 0.700787 0.023622 
vn -0.708661 0.700787 0.023622 
vn -0.708661 0.700787 0.023622 
vn -0.708661 0.700787 0.0393701 
vn -0.708661 0.700787 0.0393701 
vn -0.708661 0.700787 0.0393701 
vn -0.708661 0.700787 0.0314961 
vn -0.708661 0.700787 0.0314961 
vn -0.708661 0.700787 0.0314961 
vn -0.708661 0.700787 0.0314961 
vn -0.708661 0.700787 0.0314961 
vn -0.708661 0.700787 0.0314961 
vn -0.834646 0.543307 0.0314961 
vn -0.834646 0.543307 0.0314961 
vn -0.834646 0.543307 0.0314961 
vn 0.858268 0.519685 -0.0472441 
vn 0.858268 0.519685 -0.0472441 
vn 0.858268 0.519685 -0.0472441 
vn -0.748031 0.661417 -0.0314961 
vn -0.748031 0.661417 -0.0314961 
vn -0.748031 0.661417 -0.0314961 
vn -0.740157 0.661417 0.0944882 
vn -0.740157 0.661417 0.0944882 
vn -0.740157 0.661417 0.0944882 
vn 0.732283 0.677165 -0.0314961 
vn 0.732283 0.677165 -0.0314961 
vn 0.732283 0.677165 -0.0314961 
vn 0.732283 0.677165 -0.0314961 
vn 0.732283 0.677165 -0.0314961 
vn 0.732283 0.677165 -0.0314961 
vn 0.740157 0.669291 -0.0472441 
vn 0.740157 0.669291 -0.0472441 
vn 0.740157 0.669291 -0.0472441 
vn 0.740157 0.669291 -0.023622 
vn 0.740157 0.669291 -0.023622 
vn 0.740157 0.669291 -0.023622 
vn -0.740157 0.669291 0.023622 
vn -0.740157 0.669291 0.023622 
vn -0.740157 0.669291 0.023622 
vn -0.740157 0.669291 0.0393701 
vn -0.740157 0.669291 0.0393701 
vn -0.740157 0.669291 0.0393701 
vn 0.740157 0.669291 -0.0314961 
vn 0.740157 0.669291 -0.0314961 
vn 0.740157 0.669291 -0.0314961 
vn 0.740157 0.669291 -0.0314961 
vn 0.740157 0.669291 -0.0314961 
vn 0.740157 0.669291 -0.0314961 
vn 0.771654 0.622047 -0.102362 
vn 0.771654 0.622047 -0.102362 
vn 0.771654 0.622047 -0.102362 
vn 0.779528 0.622047 0.0314961 
vn 0.779528 0.622047 0.0314961 
vn 0.779528 0.622047 0.0314961 
vn 0.0314961 -1 0 
vn 0.0314961 -1 0 
vn 0.0314961 -1 0 
vn -0.0472441 0 -1 
vn -0.0472441 0 -1 
vn -0.0472441 0 -1 
vn -0.0472441 0 -1 
vn -0.0472441 0 -1 
vn -0.0472441 0 -1 
vn -0.0472441 0 -1 
vn -0.0472441 0 -1 
vn -0.0472441 0 -1 
vn -0.0472441 0 -1 
vn -0.0472441 0 -1 
vn -0.0472441 0 -1 
vn 0.771654 0.629921 -0.0393701 
vn 0.771654 0.629921 -0.0393701 
vn 0.771654 0.629921 -0.0393701 
vn 0.771654 0.629921 -0.023622 
vn 0.771654 0.629921 -0.023622 
vn 0.771654 0.629921 -0.023622 
vn -0.015748 -1 0 
vn -0.015748 -1 0 
vn -0.015748 -1 0 
vn -0.00787402 -1 0 
vn -0.00787402 -1 0 
vn -0.00787402 -1 0 
vn -0.00787402 -1 0 
vn -0.00787402 -1 0 
vn -0.00787402 -1 0 
vn -0.015748 -1 -0.00787402 
vn -0.015748 -1 -0.00787402 
vn -0.015748 -1 -0.00787402 
vn -0.015748 -1 -0.00787402 
vn -0.015748 -1 -0.00787402 
vn -0.015748 -1 -0.00787402 
vn -0.771654 -0.173228 -0.614173 
vn -0.771654 -0.173228 -0.614173 
vn -0.771654 -0.173228 -0.614173 
vn -0.00787402 -1 0.00787402 
vn -0.00787402 -1 0.00787402 
vn -0.00787402 -1 0.00787402 
vn 0.00787402 -1 -0.015748 
vn 0.00787402 -1 -0.015748 
vn 0.00787402 -1 -0.015748 
vn 0 0 -1 
vn 0 0 -1 
vn 0 0 -1 
vn 0 0 -1 
vn 0 0 -1 
vn 0 0 -1 
vn 0 0 -1 
vn 0 0 -1 
vn 0 0 -1 
vn 0 0 -1 
vn 0 0 -1 
vn 0 0 -1 
vn 0.023622 -1 -0.0472441 
vn 0.023622 -1 -0.0472441 
vn 0.023622 -1 -0.0472441 
vn 0.889764 0.464567 -0.023622 
vn 0.889764 0.464567 -0.023622 
vn 0.889764 0.464567 -0.023622 
vn -0.00787402 -1 0.00787402 
vn -0.00787402 -1 0.00787402 
vn -0.00787402 -1 0.00787402 
vn -0.00787402 -1 -0.00787402 
vn -0.00787402 -1 -0.00787402 
vn -0.00787402 -1 -0.00787402 
vn -0.00787402 -1 0 
vn -0.00787402 -1 0 
vn -0.00787402 -1 0 
vn -0.00787402 -1 0 
vn -0.00787402 -1 0 
vn -0.00787402 -1 0 
vn -0.00787402 -1 0 
vn -0.00787402 -1 0 
vn -0.00787402 -1 0 
vn -0.00787402 -1 0 
vn -0.00787402 -1 0 
vn -0.00787402 -1 0 
vn 0 -1 -0.015748 
vn 0 -1 -0.015748 
vn 0 -1 -0.015748 
vn 0 -1 -0.015748 
vn 0 -1 -0.015748 
vn 0 -1 -0.015748 
vn 0 -1 -0.015748 
vn 0 -1 -0.015748 
vn 0 -1 -0.015748 
vn 0 -1 -0.015748 
vn 0 -1 -0.015748 
vn 0 -1 -0.015748 
vn 0.00787402 -1 0 
vn 0.00787402 -1 0 
vn 0.00787402 -1 0 
vn -0.015748 -1 -0.00787402 
vn -0.015748 -1 -0.00787402 
vn -0.015748 -1 -0.00787402 
vn -0.015748 -1 0 
vn -0.015748 -1 0 
vn -0.015748 -1 0 
vn 0 -1 0 
vn 0 -1 0 
vn 0 -1 0 
vn 0 -1 0 
vn 0 -1 0 
vn 0 -1 0 
vn 0 -1 0 
vn 0 -1 0 
vn 0 -1 0 
vn 0 -1 0 
vn 0 -1 0 
vn 0 -1 0 
vn 0 -1 0 
vn 0 -1 0 
vn 0 -1 0 
vn 0 -1 0 
vn 0 -1 0 
vn 0 -1 0 
vn 0 -1 0 
vn 0 -1 0 
vn 0 -1 0 
vn 0 -1 0 
vn 0 -1 0 
vn 0 -1 0 
vn 0 -1 0 
vn 0 -1 0 
vn 0 -1 0 
vn 0 -1 0 
vn 0 -1 0 
vn 0 -1 0 
vn 0 -1 0 
vn 0 -1 0 
vn 0 -1 0 
vn 0 -1 0 
vn 0 -1 0 
vn 0 -1 0 
vn 0 -1 0 
vn 0 -1 0 
vn 0 -1 0 
vn 0 -1 0 
vn 0 -1 0 
vn 0 -1 0 
vn -0.716535 -0.173228 0.677165 
vn -0.716535 -0.173228 0.677165 
vn -0.716535 -0.173228 0.677165 
vn 0 -1 0 
vn 0 -1 0 
vn 0 -1 0 
vn 0 -1 0 
vn 0 -1 0 
vn 0 -1 0 
vn 0.700787 -0.251969 -0.661417 
vn 0.700787 -0.251969 -0.661417 
vn 0.700787 -0.251969 -0.661417 
vn -0.850394 0.535433 0.015748 
vn -0.850394 0.535433 0.015748 
vn -0.850394 0.535433 0.015748 
vn -0.771654 -0.212598 -0.598425 
vn -0.771654 -0.212598 -0.598425 
vn -0.771654 -0.212598 -0.598425 
vn -0.0393701 0 -1 
vn -0.0393701 0 -1 
vn -0.0393701 0 -1 
vn -0.0393701 0 -1 
vn -0.0393701 0 -1 
vn -0.0393701 0 -1 
vn -0.0393701 0 -1 
vn -0.0393701 0 -1 
vn -0.0393701 0 -1 
vn -0.0393701 0 -1 
vn -0.0393701 0 -1 
vn -0.0393701 0 -1 
vn 0.0472441 0 1 
vn 0.0472441 0 1 
vn 0.0472441 0 1 
vn 0.0472441 0 1 
vn 0.0472441 0 1 
vn 0.0472441 0 1 
vn 0.566929 0.818898 -0.0314961 
vn 0.566929 0.818898 -0.0314961 
vn 0.566929 0.818898 -0.0314961 
vn 0.0472441 0 1 
vn 0.0472441 0 1 
vn 0.0472441 0 1 
vn 0.0472441 0 1 
vn 0.0472441 0 1 
vn 0.0472441 0 1 
vn 0.866142 -0.472441 -0.165354 
vn 0.866142 -0.472441 -0.165354 
vn 0.866142 -0.472441 -0.165354 
vn 0.874016 -0.472441 0.0866142 
vn 0.874016 -0.472441 0.0866142 
vn 0.874016 -0.472441 0.0866142 
vn -0.590551 -0.582677 -0.551181 
vn -0.590551 -0.582677 -0.551181 
vn -0.590551 -0.582677 -0.551181 
vn 0.023622 1 0 
vn 0.023622 1 0 
vn 0.023622 1 0 
vn 0.511811 -0.637795 -0.574803 
vn 0.511811 -0.637795 -0.574803 
vn 0.511811 -0.637795 -0.574803 
vn 0.015748 0 1 
vn 0.015748 0 1 
vn 0.015748 0 1 
vn 0.015748 0 1 
vn 0.015748 0 1 
vn 0.015748 0 1 
vn 0.015748 0 1 
vn 0.015748 0 1 
vn 0.015748 0 1 
vn 0.015748 0 1 
vn 0.015748 0 1 
vn 0.015748 0 1 
vn 0.00787402 1 0.0472441 
vn 0.00787402 1 0.0472441 
vn 0.00787402 1 0.0472441 
vn 0.023622 1 0.015748 
vn 0.023622 1 0.015748 
vn 0.023622 1 0.015748 
vn -0.015748 1 0 
vn -0.015748 1 0 
vn -0.015748 1 0 
vn 0.755906 -0.251969 0.598425 
vn 0.755906 -0.251969 0.598425 
vn 0.755906 -0.251969 0.598425 
vn -0.015748 1 0 
vn -0.015748 1 0 
vn -0.015748 1 0 
vn 0 1 -0.0314961 
vn 0 1 -0.0314961 
vn 0 1 -0.0314961 
vn 0.023622 1 0.015748 
vn 0.023622 1 0.015748 
vn 0.023622 1 0.015748 
vn -0.716535 -0.212598 0.661417 
vn -0.716535 -0.212598 0.661417 
vn -0.716535 -0.212598 0.661417 
vn 0.700787 -0.291339 -0.645669 
vn 0.700787 -0.291339 -0.645669 
vn 0.700787 -0.291339 -0.645669 
vn 0.015748 1 -0.023622 
vn 0.015748 1 -0.023622 
vn 0.015748 1 -0.023622 
vn -0.543307 -0.582677 0.606299 
vn -0.543307 -0.582677 0.606299 
vn -0.543307 -0.582677 0.606299 
vn -0.00787402 1 -0.015748 
vn -0.00787402 1 -0.015748 
vn -0.00787402 1 -0.015748 
vn 0.716535 0.19685 -0.669291 
vn 0.716535 0.19685 -0.669291 
vn 0.716535 0.19685 -0.669291 
vn 0.559055 -0.637795 0.527559 
vn 0.559055 -0.637795 0.527559 
vn 0.559055 -0.637795 0.527559 
vn -0.023622 1 0.0472441 
vn -0.023622 1 0.0472441 
vn -0.023622 1 0.0472441 
vn -0.015748 1 0.023622 
vn -0.015748 1 0.023622 
vn -0.015748 1 0.023622 
vn -0.755906 0.267717 -0.590551 
vn -0.755906 0.267717 -0.590551 
vn -0.755906 0.267717 -0.590551 
vn 0.023622 1 0 
vn 0.023622 1 0 
vn 0.023622 1 0 
vn 0.023622 1 0 
vn 0.023622 1 0 
vn 0.023622 1 0 
vn 0.00787402 1 0.015748 
vn 0.00787402 1 0.015748 
vn 0.00787402 1 0.015748 
vn 0 1 -0.023622 
vn 0 1 -0.023622 
vn 0 1 -0.023622 
vn 0 1 0 
vn 0 1 0 
vn 0 1 0 
vn 0 1 0 
vn 0 1 0 
vn 0 1 0 
vn 0.755906 -0.291339 0.582677 
vn 0.755906 -0.291339 0.582677 
vn 0.755906 -0.291339 0.582677 
vn 0 1 0 
vn 0 1 0 
vn 0 1 0 
vn 0 1 0 
vn 0 1 0 
vn 0 1 0 
vn 0 1 0 
vn 0 1 0 
vn 0 1 0 
vn 0 1 0 
vn 0 1 0 
vn 0 1 0 
vn 0 1 0 
vn 0 1 0 
vn 0 1 0 
vn 0 1 0 
vn 0 1 0 
vn 0 1 0 
vn 0 1 0 
vn 0 1 0 
vn 0 1 0 
vn 0 1 0 
vn 0 1 0 
vn 0 1 0 
vn 0.023622 1 -0.0314961 
vn 0.023622 1 -0.0314961 
vn 0.023622 1 -0.0314961 
vn 0 1 0 
vn 0 1 0 
vn 0 1 0 
vn 0 1 0 
vn 0 1 0 
vn 0 1 0 
vn 0 1 0 
vn 0 1 0 
vn 0 1 0 
vn 0 1 0 
vn 0 1 0 
vn 0 1 0 
vn 0 1 0 
vn 0 1 0 
vn 0 1 0 
vn 0 1 0 
vn 0 1 0 
vn 0 1 0 
vn 0.771654 0.19685 0.606299 
vn 0.771654 0.19685 0.606299 
vn 0.771654 0.19685 0.606299 
vn 0 1 0.015748 
vn 0 1 0.015748 
vn 0 1 0.015748 
vn 0 1 0.015748 
vn 0 1 0.015748 
vn 0 1 0.015748 
vn 0 1 0.015748 
vn 0 1 0.015748 
vn 0 1 0.015748 
vn -0.700787 0.267717 0.661417 
vn -0.700787 0.267717 0.661417 
vn -0.700787 0.267717 0.661417 
vn 0 1 0.015748 
vn 0 1 0.015748 
vn 0 1 0.015748 
vn 0.0472441 1 0.0393701 
vn 0.0472441 1 0.0393701 
vn 0.0472441 1 0.0393701 
vn -0.92126 -0.385827 -0.0944882 
vn -0.92126 -0.385827 -0.0944882 
vn -0.92126 -0.385827 -0.0944882 
vn -0.905512 -0.385827 0.173228 
vn -0.905512 -0.385827 0.173228 
vn -0.905512 -0.385827 0.173228 
vn -0.0314961 1 0 
vn -0.0314961 1 0 
vn -0.0314961 1 0 
vn -0.755906 0.307087 -0.574803 
vn -0.755906 0.307087 -0.574803 
vn -0.755906 0.307087 -0.574803 
vn 0.716535 0.23622 -0.653543 
vn 0.716535 0.23622 -0.653543 
vn 0.716535 0.23622 -0.653543 
vn -0.866142 0.488189 -0.0866142 
vn -0.866142 0.488189 -0.0866142 
vn -0.866142 0.488189 -0.0866142 
vn -0.858268 0.488189 0.165354 
vn -0.858268 0.488189 0.165354 
vn -0.858268 0.488189 0.165354 
vn 0.677165 0.740157 -0.023622 
vn 0.677165 0.740157 -0.023622 
vn 0.677165 0.740157 -0.023622 
vn -0.700787 0.307087 0.637795 
vn -0.700787 0.307087 0.637795 
vn -0.700787 0.307087 0.637795 
vn 0.771654 0.23622 0.590551 
vn 0.771654 0.23622 0.590551 
vn 0.771654 0.23622 0.590551 
vn -0.598425 0.80315 0 
vn -0.598425 0.80315 0 
vn -0.598425 0.80315 0 
vn 0.0472441 0 1 
vn 0.0472441 0 1 
vn 0.0472441 0 1 
vn 0.0472441 0 1 
vn 0.0472441 0 1 
vn 0.0472441 0 1 
vn 0.0472441 0 1 
vn 0.0472441 0 1 
vn 0.0472441 0 1 
vn -0.566929 0.629921 -0.527559 
vn -0.566929 0.629921 -0.527559 
vn -0.566929 0.629921 -0.527559 
vn -0.897638 0.433071 0.0393701 
vn -0.897638 0.433071 0.0393701 
vn -0.897638 0.433071 0.0393701 
vn 0.259843 -0.96063 -0.0944882 
vn 0.259843 -0.96063 -0.0944882 
vn 0.259843 -0.96063 -0.0944882 
vn 0.889764 0.417323 -0.173228 
vn 0.889764 0.417323 -0.173228 
vn 0.889764 0.417323 -0.173228 
vn 0.267717 -0.96063 0.0708661 
vn 0.267717 -0.96063 0.0708661 
vn 0.267717 -0.96063 0.0708661 
vn 0.535433 0.606299 -0.590551 
vn 0.535433 0.606299 -0.590551 
vn 0.535433 0.606299 -0.590551 
vn 0.905512 0.417323 0.0944882 
vn 0.905512 0.417323 0.0944882 
vn 0.905512 0.417323 0.0944882 
vn -0.519685 0.629921 0.574803 
vn -0.519685 0.629921 0.574803 
vn -0.519685 0.629921 0.574803 
vn 0.488189 -0.771654 -0.401575 
vn 0.488189 -0.771654 -0.401575 
vn 0.488189 -0.771654 -0.401575 
vn -0.291339 -0.952756 -0.0708661 
vn -0.291339 -0.952756 -0.0708661 
vn -0.291339 -0.952756 -0.0708661 
vn -0.283465 -0.952756 0.0944882 
vn -0.283465 -0.952756 0.0944882 
vn -0.283465 -0.952756 0.0944882 
vn -0.559055 -0.740157 -0.377953 
vn -0.559055 -0.740157 -0.377953 
vn -0.559055 -0.740157 -0.377953 
vn 0.519685 -0.771654 0.354331 
vn 0.519685 -0.771654 0.354331 
vn 0.519685 -0.771654 0.354331 
vn 0.582677 0.606299 0.543307 
vn 0.582677 0.606299 0.543307 
vn 0.582677 0.606299 0.543307 
vn -0.519685 -0.740157 0.425197 
vn -0.519685 -0.740157 0.425197 
vn -0.519685 -0.740157 0.425197 
vn -0.771654 0.637795 0.0314961 
vn -0.771654 0.637795 0.0314961 
vn -0.771654 0.637795 0.0314961 
vn 0.299213 -0.952756 -0.0472441 
vn 0.299213 -0.952756 -0.0472441 
vn 0.299213 -0.952756 -0.0472441 
vn 0.307087 -0.952756 0.023622 
vn 0.307087 -0.952756 0.023622 
vn 0.307087 -0.952756 0.023622 
vn 0.299213 -0.952756 -0.00787402 
vn 0.299213 -0.952756 -0.00787402 
vn 0.299213 -0.952756 -0.00787402 
vn 0.299213 -0.952756 -0.023622 
vn 0.299213 -0.952756 -0.023622 
vn 0.299213 -0.952756 -0.023622 
vn 0.677165 0.740157 -0.0314961 
vn 0.677165 0.740157 -0.0314961 
vn 0.677165 0.740157 -0.0314961 
vn 0.677165 0.740157 -0.0314961 
vn 0.677165 0.740157 -0.0314961 
vn 0.677165 0.740157 -0.0314961 
vn -0.330709 -0.944882 0.0551181 
vn -0.330709 -0.944882 0.0551181 
vn -0.330709 -0.944882 0.0551181 
vn -0.330709 -0.944882 -0.023622 
vn -0.330709 -0.944882 -0.023622 
vn -0.330709 -0.944882 -0.023622 
vn 0.307087 -0.952756 -0.00787402 
vn 0.307087 -0.952756 -0.00787402 
vn 0.307087 -0.952756 -0.00787402 
vn 0.307087 -0.952756 -0.015748 
vn 0.307087 -0.952756 -0.015748 
vn 0.307087 -0.952756 -0.015748 
vn 0.307087 -0.952756 -0.015748 
vn 0.307087 -0.952756 -0.015748 
vn 0.307087 -0.952756 -0.015748 
vn 0.307087 -0.952756 -0.015748 
vn 0.307087 -0.952756 -0.015748 
vn 0.307087 -0.952756 -0.015748 
vn 0.307087 -0.952756 -0.015748 
vn 0.307087 -0.952756 -0.015748 
vn 0.307087 -0.952756 -0.015748 
vn 0.307087 -0.952756 -0.015748 
vn 0.307087 -0.952756 -0.015748 
vn 0.307087 -0.952756 -0.015748 
vn -0.322835 -0.944882 0.00787402 
vn -0.322835 -0.944882 0.00787402 
vn -0.322835 -0.944882 0.00787402 
vn -0.322835 -0.944882 0.023622 
vn -0.322835 -0.944882 0.023622 
vn -0.322835 -0.944882 0.023622 
vn -0.338583 -0.944882 0.015748 
vn -0.338583 -0.944882 0.015748 
vn -0.338583 -0.944882 0.015748 
vn -0.338583 -0.944882 0.015748 
vn -0.338583 -0.944882 0.015748 
vn -0.338583 -0.944882 0.015748 
vn -0.338583 -0.944882 0.015748 
vn -0.338583 -0.944882 0.015748 
vn -0.338583 -0.944882 0.015748 
vn -0.338583 -0.944882 0.015748 
vn -0.338583 -0.944882 0.015748 
vn -0.338583 -0.944882 0.015748 
vn -0.338583 -0.944882 0.015748 
vn -0.338583 -0.944882 0.015748 
vn -0.338583 -0.944882 0.015748 
vn -0.338583 -0.944882 0.00787402 
vn -0.338583 -0.944882 0.00787402 
vn -0.338583 -0.944882 0.00787402 
vn 0.96063 -0.212598 -0.188976 
vn 0.96063 -0.212598 -0.188976 
vn 0.96063 -0.212598 -0.188976 
vn 0.968504 -0.212598 0.102362 
vn 0.968504 -0.212598 0.102362 
vn 0.968504 -0.212598 0.102362 
vn -0.527559 0.771654 -0.354331 
vn -0.527559 0.771654 -0.354331 
vn -0.527559 0.771654 -0.354331 
vn -0.858268 0.503937 0.0551181 
vn -0.858268 0.503937 0.0551181 
vn -0.858268 0.503937 0.0551181 
vn -0.968504 0.23622 -0.102362 
vn -0.968504 0.23622 -0.102362 
vn -0.968504 0.23622 -0.102362 
vn -0.952756 0.23622 0.188976 
vn -0.952756 0.23622 0.188976 
vn -0.952756 0.23622 0.188976 
vn -0.496063 0.771654 0.401575 
vn -0.496063 0.771654 0.401575 
vn -0.496063 0.771654 0.401575 
vn 0.511811 0.755906 -0.409449 
vn 0.511811 0.755906 -0.409449 
vn 0.511811 0.755906 -0.409449 
vn 0.96063 -0.259843 -0.0393701 
vn 0.96063 -0.259843 -0.0393701 
vn 0.96063 -0.259843 -0.0393701 
vn 0.96063 -0.259843 -0.0472441 
vn 0.96063 -0.259843 -0.0472441 
vn 0.96063 -0.259843 -0.0472441 
vn -0.984252 -0.11811 -0.102362 
vn -0.984252 -0.11811 -0.102362 
vn -0.984252 -0.11811 -0.102362 
vn -0.755906 0.653543 0.0551181 
vn -0.755906 0.653543 0.0551181 
vn -0.755906 0.653543 0.0551181 
vn 0.897638 0.433071 -0.0314961 
vn 0.897638 0.433071 -0.0314961 
vn 0.897638 0.433071 -0.0314961 
vn -0.976378 -0.11811 0.188976 
vn -0.976378 -0.11811 0.188976 
vn -0.976378 -0.11811 0.188976 
vn 0.968504 -0.251969 -0.023622 
vn 0.968504 -0.251969 -0.023622 
vn 0.968504 -0.251969 -0.023622 
vn 0.968504 -0.251969 -0.0551181 
vn 0.968504 -0.251969 -0.0551181 
vn 0.968504 -0.251969 -0.0551181 
vn 0.968504 -0.149606 -0.204724 
vn 0.968504 -0.149606 -0.204724 
vn 0.968504 -0.149606 -0.204724 
vn -0.275591 0.96063 -0.0708661 
vn -0.275591 0.96063 -0.0708661 
vn -0.275591 0.96063 -0.0708661 
vn -0.267717 0.96063 0.0944882 
vn -0.267717 0.96063 0.0944882 
vn -0.267717 0.96063 0.0944882 
vn 0.551181 0.755906 0.362205 
vn 0.551181 0.755906 0.362205 
vn 0.551181 0.755906 0.362205 
vn 0.984252 -0.149606 0.11811 
vn 0.984252 -0.149606 0.11811 
vn 0.984252 -0.149606 0.11811 
vn 0.968504 -0.244094 -0.0393701 
vn 0.968504 -0.244094 -0.0393701 
vn 0.968504 -0.244094 -0.0393701 
vn 0.968504 -0.244094 -0.0472441 
vn 0.968504 -0.244094 -0.0472441 
vn 0.968504 -0.244094 -0.0472441 
vn -0.976378 0.181102 -0.11811 
vn -0.976378 0.181102 -0.11811 
vn -0.976378 0.181102 -0.11811 
vn -0.96063 0.181102 0.204724 
vn -0.96063 0.181102 0.204724 
vn -0.96063 0.181102 0.204724 
vn -0.96063 0.283465 0.0472441 
vn -0.96063 0.283465 0.0472441 
vn -0.96063 0.283465 0.0472441 
vn -0.96063 0.283465 0.0393701 
vn -0.96063 0.283465 0.0393701 
vn -0.96063 0.283465 0.0393701 
vn 0.275591 0.952756 -0.0944882 
vn 0.275591 0.952756 -0.0944882 
vn 0.275591 0.952756 -0.0944882 
vn 0.283465 0.952756 0.0708661 
vn 0.283465 0.952756 0.0708661 
vn 0.283465 0.952756 0.0708661 
vn -0.96063 0.267717 0.023622 
vn -0.96063 0.267717 0.023622 
vn -0.96063 0.267717 0.023622 
vn -0.96063 0.267717 0.0551181 
vn -0.96063 0.267717 0.0551181 
vn -0.96063 0.267717 0.0551181 
vn -0.96063 0.267717 0.0472441 
vn -0.96063 0.267717 0.0472441 
vn -0.96063 0.267717 0.0472441 
vn -0.96063 0.267717 0.0393701 
vn -0.96063 0.267717 0.0393701 
vn -0.96063 0.267717 0.0393701 
vn 0.968504 0.149606 -0.188976 
vn 0.968504 0.149606 -0.188976 
vn 0.968504 0.149606 -0.188976 
vn 0.787402 0.622047 -0.023622 
vn 0.787402 0.622047 -0.023622 
vn 0.787402 0.622047 -0.023622 
vn -0.992126 -0.0472441 -0.11811 
vn -0.992126 -0.0472441 -0.11811 
vn -0.992126 -0.0472441 -0.11811 
vn 0.984252 0.149606 0.110236 
vn 0.984252 0.149606 0.110236 
vn 0.984252 0.149606 0.110236 
vn -0.984252 -0.165354 0.0472441 
vn -0.984252 -0.165354 0.0472441 
vn -0.984252 -0.165354 0.0472441 
vn -0.984252 -0.165354 0.0393701 
vn -0.984252 -0.165354 0.0393701 
vn -0.984252 -0.165354 0.0393701 
vn 0.976378 -0.204724 -0.0629921 
vn 0.976378 -0.204724 -0.0629921 
vn 0.976378 -0.204724 -0.0629921 
vn -0.976378 -0.0472441 0.204724 
vn -0.976378 -0.0472441 0.204724 
vn -0.976378 -0.0472441 0.204724 
vn 0.976378 -0.204724 -0.023622 
vn 0.976378 -0.204724 -0.023622 
vn 0.976378 -0.204724 -0.023622 
vn -0.984252 -0.149606 0.0629921 
vn -0.984252 -0.149606 0.0629921 
vn -0.984252 -0.149606 0.0629921 
vn -0.992126 -0.149606 0.023622 
vn -0.992126 -0.149606 0.023622 
vn -0.992126 -0.149606 0.023622 
vn -0.992126 -0.149606 0.0472441 
vn -0.992126 -0.149606 0.0472441 
vn -0.992126 -0.149606 0.0472441 
vn -0.992126 -0.149606 0.0393701 
vn -0.992126 -0.149606 0.0393701 
vn -0.992126 -0.149606 0.0393701 
vn -0.976378 0.228346 0.023622 
vn -0.976378 0.228346 0.023622 
vn -0.976378 0.228346 0.023622 
vn -0.968504 0.228346 0.0629921 
vn -0.968504 0.228346 0.0629921 
vn -0.968504 0.228346 0.0629921 
vn 0.976378 0.0787402 -0.204724 
vn 0.976378 0.0787402 -0.204724 
vn 0.976378 0.0787402 -0.204724 
vn -0.314961 0.952756 -0.023622 
vn -0.314961 0.952756 -0.023622 
vn -0.314961 0.952756 -0.023622 
vn -0.314961 0.952756 0.0472441 
vn -0.314961 0.952756 0.0472441 
vn -0.314961 0.952756 0.0472441 
vn 0.992126 0.0787402 0.11811 
vn 0.992126 0.0787402 0.11811 
vn 0.992126 0.0787402 0.11811 
vn -0.307087 0.952756 0.00787402 
vn -0.307087 0.952756 0.00787402 
vn -0.307087 0.952756 0.00787402 
vn -0.307087 0.952756 0.023622 
vn -0.307087 0.952756 0.023622 
vn -0.307087 0.952756 0.023622 
vn -0.992126 -0.102362 0.023622 
vn -0.992126 -0.102362 0.023622 
vn -0.992126 -0.102362 0.023622 
vn -0.992126 -0.102362 0.0629921 
vn -0.992126 -0.102362 0.0629921 
vn -0.992126 -0.102362 0.0629921 
vn 0.976378 0.19685 -0.0393701 
vn 0.976378 0.19685 -0.0393701 
vn 0.976378 0.19685 -0.0393701 
vn 0.976378 0.19685 -0.0472441 
vn 0.976378 0.19685 -0.0472441 
vn 0.976378 0.19685 -0.0472441 
vn 0.322835 0.944882 -0.0551181 
vn 0.322835 0.944882 -0.0551181 
vn 0.322835 0.944882 -0.0551181 
vn -0.314961 0.944882 0.00787402 
vn -0.314961 0.944882 0.00787402 
vn -0.314961 0.944882 0.00787402 
vn -0.314961 0.944882 0.015748 
vn -0.314961 0.944882 0.015748 
vn -0.314961 0.944882 0.015748 
vn -0.322835 0.944882 0.015748 
vn -0.322835 0.944882 0.015748 
vn -0.322835 0.944882 0.015748 
vn -0.322835 0.944882 0.015748 
vn -0.322835 0.944882 0.015748 
vn -0.322835 0.944882 0.015748 
vn -0.314961 0.944882 0.015748 
vn -0.314961 0.944882 0.015748 
vn -0.314961 0.944882 0.015748 
vn -0.314961 0.944882 0.015748 
vn -0.314961 0.944882 0.015748 
vn -0.314961 0.944882 0.015748 
vn 0.322835 0.944882 0.023622 
vn 0.322835 0.944882 0.023622 
vn 0.322835 0.944882 0.023622 
vn 0.984252 0.181102 -0.0551181 
vn 0.984252 0.181102 -0.0551181 
vn 0.984252 0.181102 -0.0551181 
vn 0.984252 0.181102 -0.023622 
vn 0.984252 0.181102 -0.023622 
vn 0.984252 0.181102 -0.023622 
vn 0.314961 0.944882 -0.023622 
vn 0.314961 0.944882 -0.023622 
vn 0.314961 0.944882 -0.023622 
vn 0.314961 0.944882 -0.00787402 
vn 0.314961 0.944882 -0.00787402 
vn 0.314961 0.944882 -0.00787402 
vn 0.984252 0.181102 -0.0393701 
vn 0.984252 0.181102 -0.0393701 
vn 0.984252 0.181102 -0.0393701 
vn 0.984252 0.181102 -0.0472441 
vn 0.984252 0.181102 -0.0472441 
vn 0.984252 0.181102 -0.0472441 
vn 0.330709 0.944882 -0.015748 
vn 0.330709 0.944882 -0.015748 
vn 0.330709 0.944882 -0.015748 
vn 0.330709 0.944882 -0.015748 
vn 0.330709 0.944882 -0.015748 
vn 0.330709 0.944882 -0.015748 
vn 0.330709 0.944882 -0.015748 
vn 0.330709 0.944882 -0.015748 
vn 0.330709 0.944882 -0.015748 
vn 0.330709 0.944882 -0.00787402 
vn 0.330709 0.944882 -0.00787402 
vn 0.330709 0.944882 -0.00787402 
vn 0.330709 0.944882 -0.015748 
vn 0.330709 0.944882 -0.015748 
vn 0.330709 0.944882 -0.015748 
vn 0.330709 0.944882 -0.015748 
vn 0.330709 0.944882 -0.015748 
vn 0.330709 0.944882 -0.015748 
vn -1 0.0629921 0.0551181 
vn -1 0.0629921 0.0551181 
vn -1 0.0629921 0.0551181 
vn -1 0.0629921 0.0551181 
vn -1 0.0629921 0.0551181 
vn -1 0.0629921 0.0551181 
vn 0.992126 0.133858 -0.0629921 
vn 0.992126 0.133858 -0.0629921 
vn 0.992126 0.133858 -0.0629921 
vn 0.992126 0.133858 -0.023622 
vn 0.992126 0.133858 -0.023622 
vn 0.992126 0.133858 -0.023622 
vn -1 0.0629921 0 
vn -1 0.0629921 0 
vn -1 0.0629921 0 
vn -1 0.0629921 0 
vn -1 0.0629921 0 
vn -1 0.0629921 0 
vn -0.992126 -0.0551181 -0.11811 
vn -0.992126 -0.0551181 -0.11811 
vn -0.992126 -0.0551181 -0.11811 
vn -0.976378 -0.0551181 0.204724 
vn -0.976378 -0.0551181 0.204724 
vn -0.976378 -0.0551181 0.204724 
vn 0.992126 -0.0393701 -0.0866142 
vn 0.992126 -0.0393701 -0.0866142 
vn 0.992126 -0.0393701 -0.0866142 
vn 0.992126 -0.0393701 -0.0866142 
vn 0.992126 -0.0393701 -0.0866142 
vn 0.992126 -0.0393701 -0.0866142 
vn 1 -0.0393701 -0.0314961 
vn 1 -0.0393701 -0.0314961 
vn 1 -0.0393701 -0.0314961 
vn 1 -0.0393701 -0.0314961 
vn 1 -0.0393701 -0.0314961 
vn 1 -0.0393701 -0.0314961 
vn -1 0.0629921 0.0551181 
vn -1 0.0629921 0.0551181 
vn -1 0.0629921 0.0551181 
vn -1 0.0629921 0.0551181 
vn -1 0.0629921 0.0551181 
vn -1 0.0629921 0.0551181 
vn -1 0.0629921 0 
vn -1 0.0629921 0 
vn -1 0.0629921 0 
vn -1 0.0629921 0 
vn -1 0.0629921 0 
vn -1 0.0629921 0 
vn -0.84252 0.543307 0.0314961 
vn -0.84252 0.543307 0.0314961 
vn -0.84252 0.543307 0.0314961 
vn -0.811024 0.582677 0.0314961 
vn -0.811024 0.582677 0.0314961 
vn -0.811024 0.582677 0.0314961 
vn 0.976378 0.0787402 -0.204724 
vn 0.976378 0.0787402 -0.204724 
vn 0.976378 0.0787402 -0.204724 
vn -0.984252 -0.11811 -0.110236 
vn -0.984252 -0.11811 -0.110236 
vn -0.984252 -0.11811 -0.110236 
vn 0.677165 0.732283 -0.0393701 
vn 0.677165 0.732283 -0.0393701 
vn 0.677165 0.732283 -0.0393701 
vn 0.968504 -0.15748 -0.204724 
vn 0.968504 -0.15748 -0.204724 
vn 0.968504 -0.15748 -0.204724 
vn 0.992126 0.0787402 0.11811 
vn 0.992126 0.0787402 0.11811 
vn 0.992126 0.0787402 0.11811 
vn -0.976378 -0.11811 0.188976 
vn -0.976378 -0.11811 0.188976 
vn -0.976378 -0.11811 0.188976 
vn 1 -0.0393701 -0.0314961 
vn 1 -0.0393701 -0.0314961 
vn 1 -0.0393701 -0.0314961 
vn 1 -0.0393701 -0.0314961 
vn 1 -0.0393701 -0.0314961 
vn 1 -0.0393701 -0.0314961 
vn -0.976378 0.173228 -0.11811 
vn -0.976378 0.173228 -0.11811 
vn -0.976378 0.173228 -0.11811 
vn 0.984252 -0.15748 0.11811 
vn 0.984252 -0.15748 0.11811 
vn 0.984252 -0.15748 0.11811 
vn 0.992126 -0.0393701 -0.0866142 
vn 0.992126 -0.0393701 -0.0866142 
vn 0.992126 -0.0393701 -0.0866142 
vn 0.992126 -0.0393701 -0.0866142 
vn 0.992126 -0.0393701 -0.0866142 
vn 0.992126 -0.0393701 -0.0866142 
vn -0.96063 0.173228 0.204724 
vn -0.96063 0.173228 0.204724 
vn -0.96063 0.173228 0.204724 
vn 0.858268 0.511811 -0.0472441 
vn 0.858268 0.511811 -0.0472441 
vn 0.858268 0.511811 -0.0472441 
vn 0.96063 -0.220472 -0.188976 
vn 0.96063 -0.220472 -0.188976 
vn 0.96063 -0.220472 -0.188976 
vn 0.968504 -0.220472 0.102362 
vn 0.968504 -0.220472 0.102362 
vn 0.968504 -0.220472 0.102362 
vn -0.968504 0.23622 -0.102362 
vn -0.968504 0.23622 -0.102362 
vn -0.968504 0.23622 -0.102362 
vn 0.968504 0.141732 -0.188976 
vn 0.968504 0.141732 -0.188976 
vn 0.968504 0.141732 -0.188976 
vn 0.748031 -0.661417 -0.0944882 
vn 0.748031 -0.661417 -0.0944882 
vn 0.748031 -0.661417 -0.0944882 
vn -0.952756 0.23622 0.188976 
vn -0.952756 0.23622 0.188976 
vn -0.952756 0.23622 0.188976 
vn 0.984252 0.141732 0.102362 
vn 0.984252 0.141732 0.102362 
vn 0.984252 0.141732 0.102362 
vn 0.748031 -0.661417 0.0314961 
vn 0.748031 -0.661417 0.0314961 
vn 0.748031 -0.661417 0.0314961 
vn 0.700787 -0.708661 -0.0314961 
vn 0.700787 -0.708661 -0.0314961 
vn 0.700787 -0.708661 -0.0314961 
vn 0.700787 -0.708661 -0.0314961 
vn 0.700787 -0.708661 -0.0314961 
vn 0.700787 -0.708661 -0.0314961 
vn 0.716535 -0.700787 -0.023622 
vn 0.716535 -0.700787 -0.023622 
vn 0.716535 -0.700787 -0.023622 
vn 0.708661 -0.700787 -0.0393701 
vn 0.708661 -0.700787 -0.0393701 
vn 0.708661 -0.700787 -0.0393701 
vn -0.913386 -0.385827 -0.0944882 
vn -0.913386 -0.385827 -0.0944882 
vn -0.913386 -0.385827 -0.0944882 
vn 0.708661 -0.700787 -0.0314961 
vn 0.708661 -0.700787 -0.0314961 
vn 0.708661 -0.700787 -0.0314961 
vn 0.708661 -0.700787 -0.0314961 
vn 0.708661 -0.700787 -0.0314961 
vn 0.708661 -0.700787 -0.0314961 
vn 0.866142 -0.472441 -0.165354 
vn 0.866142 -0.472441 -0.165354 
vn 0.866142 -0.472441 -0.165354 
vn -0.905512 -0.385827 0.173228 
vn -0.905512 -0.385827 0.173228 
vn -0.905512 -0.385827 0.173228 
vn 0.874016 -0.472441 0.0866142 
vn 0.874016 -0.472441 0.0866142 
vn 0.874016 -0.472441 0.0866142 
vn -0.80315 -0.598425 -0.0314961 
vn -0.80315 -0.598425 -0.0314961 
vn -0.80315 -0.598425 -0.0314961 
vn -0.992126 -0.102362 0.023622 
vn -0.992126 -0.102362 0.023622 
vn -0.992126 -0.102362 0.023622 
vn -0.795276 -0.598425 0.102362 
vn -0.795276 -0.598425 0.102362 
vn -0.795276 -0.598425 0.102362 
vn -0.992126 -0.102362 0.0629921 
vn -0.992126 -0.102362 0.0629921 
vn -0.992126 -0.102362 0.0629921 
vn 0.740157 -0.669291 -0.023622 
vn 0.740157 -0.669291 -0.023622 
vn 0.740157 -0.669291 -0.023622 
vn 0.740157 -0.669291 -0.0393701 
vn 0.740157 -0.669291 -0.0393701 
vn 0.740157 -0.669291 -0.0393701 
vn -1 0.0314961 0.0393701 
vn -1 0.0314961 0.0393701 
vn -1 0.0314961 0.0393701 
vn -1 0.0314961 0.0393701 
vn -1 0.0314961 0.0393701 
vn -1 0.0314961 0.0393701 
vn -0.76378 -0.645669 0.0472441 
vn -0.76378 -0.645669 0.0472441 
vn -0.76378 -0.645669 0.0472441 
vn -0.755906 -0.661417 0.0314961 
vn -0.755906 -0.661417 0.0314961 
vn -0.755906 -0.661417 0.0314961 
vn -0.755906 -0.661417 0.0314961 
vn -0.755906 -0.661417 0.0314961 
vn -0.755906 -0.661417 0.0314961 
vn -0.76378 -0.645669 0.023622 
vn -0.76378 -0.645669 0.023622 
vn -0.76378 -0.645669 0.023622 
vn -0.76378 -0.645669 0.0314961 
vn -0.76378 -0.645669 0.0314961 
vn -0.76378 -0.645669 0.0314961 
vn -0.76378 -0.645669 0.0314961 
vn -0.76378 -0.645669 0.0314961 
vn -0.76378 -0.645669 0.0314961 
vn -0.984252 -0.149606 0.0629921 
vn -0.984252 -0.149606 0.0629921 
vn -0.984252 -0.149606 0.0629921 
vn -0.992126 -0.149606 0.023622 
vn -0.992126 -0.149606 0.023622 
vn -0.992126 -0.149606 0.023622 
vn 1 -0.015748 -0.0472441 
vn 1 -0.015748 -0.0472441 
vn 1 -0.015748 -0.0472441 
vn 1 -0.015748 -0.0472441 
vn 1 -0.015748 -0.0472441 
vn 1 -0.015748 -0.0472441 
vn -0.984252 -0.149606 0.0472441 
vn -0.984252 -0.149606 0.0472441 
vn -0.984252 -0.149606 0.0472441 
vn -0.984252 -0.149606 0.0393701 
vn -0.984252 -0.149606 0.0393701 
vn -0.984252 -0.149606 0.0393701 
vn -0.984252 -0.165354 0.0472441 
vn -0.984252 -0.165354 0.0472441 
vn -0.984252 -0.165354 0.0472441 
vn -0.984252 -0.165354 0.0393701 
vn -0.984252 -0.165354 0.0393701 
vn -0.984252 -0.165354 0.0393701 
vn -0.795276 -0.606299 0.0393701 
vn -0.795276 -0.606299 0.0393701 
vn -0.795276 -0.606299 0.0393701 
vn -0.795276 -0.606299 0.023622 
vn -0.795276 -0.606299 0.023622 
vn -0.795276 -0.606299 0.023622 
vn 0.976378 -0.204724 -0.023622 
vn 0.976378 -0.204724 -0.023622 
vn 0.976378 -0.204724 -0.023622 
vn 0.976378 -0.204724 -0.0629921 
vn 0.976378 -0.204724 -0.0629921 
vn 0.976378 -0.204724 -0.0629921 
vn -0.976378 0.228346 0.023622 
vn -0.976378 0.228346 0.023622 
vn -0.976378 0.228346 0.023622 
vn 0.992126 0.133858 -0.0629921 
vn 0.992126 0.133858 -0.0629921 
vn 0.992126 0.133858 -0.0629921 
vn 0.992126 0.133858 -0.023622 
vn 0.992126 0.133858 -0.023622 
vn 0.992126 0.133858 -0.023622 
vn 0.968504 -0.251969 -0.023622 
vn 0.968504 -0.251969 -0.023622 
vn 0.968504 -0.251969 -0.023622 
vn 0.968504 -0.251969 -0.0551181 
vn 0.968504 -0.251969 -0.0551181 
vn 0.968504 -0.251969 -0.0551181 
vn -0.968504 0.228346 0.0629921 
vn -0.968504 0.228346 0.0629921 
vn -0.968504 0.228346 0.0629921 
vn 0.968504 -0.251969 -0.0393701 
vn 0.968504 -0.251969 -0.0393701 
vn 0.968504 -0.251969 -0.0393701 
vn 0.968504 -0.251969 -0.0472441 
vn 0.968504 -0.251969 -0.0472441 
vn 0.968504 -0.251969 -0.0472441 
vn 0.96063 -0.267717 -0.0393701 
vn 0.96063 -0.267717 -0.0393701 
vn 0.96063 -0.267717 -0.0393701 
vn 0.96063 -0.267717 -0.0472441 
vn 0.96063 -0.267717 -0.0472441 
vn 0.96063 -0.267717 -0.0472441 
vn -0.874016 0.480315 -0.0866142 
vn -0.874016 0.480315 -0.0866142 
vn -0.874016 0.480315 -0.0866142 
vn -0.858268 0.480315 0.165354 
vn -0.858268 0.480315 0.165354 
vn -0.858268 0.480315 0.165354 
vn -0.96063 0.267717 0.023622 
vn -0.96063 0.267717 0.023622 
vn -0.96063 0.267717 0.023622 
vn -0.96063 0.267717 0.0551181 
vn -0.96063 0.267717 0.0551181 
vn -0.96063 0.267717 0.0551181 
vn -0.96063 0.267717 0.0472441 
vn -0.96063 0.267717 0.0472441 
vn -0.96063 0.267717 0.0472441 
vn -0.96063 0.267717 0.0393701 
vn -0.96063 0.267717 0.0393701 
vn -0.96063 0.267717 0.0393701 
vn 0.984252 0.181102 -0.0551181 
vn 0.984252 0.181102 -0.0551181 
vn 0.984252 0.181102 -0.0551181 
vn 0.984252 0.181102 -0.023622 
vn 0.984252 0.181102 -0.023622 
vn 0.984252 0.181102 -0.023622 
vn -0.96063 0.283465 0.0472441 
vn -0.96063 0.283465 0.0472441 
vn -0.96063 0.283465 0.0472441 
vn -0.96063 0.283465 0.0393701 
vn -0.96063 0.283465 0.0393701 
vn -0.96063 0.283465 0.0393701 
vn 0.984252 0.181102 -0.0393701 
vn 0.984252 0.181102 -0.0393701 
vn 0.984252 0.181102 -0.0393701 
vn 0.984252 0.181102 -0.0472441 
vn 0.984252 0.181102 -0.0472441 
vn 0.984252 0.181102 -0.0472441 
vn 0.897638 0.417323 -0.165354 
vn 0.897638 0.417323 -0.165354 
vn 0.897638 0.417323 -0.165354 
vn 0.984252 0.188976 -0.0393701 
vn 0.984252 0.188976 -0.0393701 
vn 0.984252 0.188976 -0.0393701 
vn 0.984252 0.188976 -0.0472441 
vn 0.984252 0.188976 -0.0472441 
vn 0.984252 0.188976 -0.0472441 
vn -0.755906 0.661417 -0.0314961 
vn -0.755906 0.661417 -0.0314961 
vn -0.755906 0.661417 -0.0314961 
vn -0.748031 0.661417 0.0944882 
vn -0.748031 0.661417 0.0944882 
vn -0.748031 0.661417 0.0944882 
vn 0.905512 0.417323 0.0866142 
vn 0.905512 0.417323 0.0866142 
vn 0.905512 0.417323 0.0866142 
vn -0.716535 0.700787 0.023622 
vn -0.716535 0.700787 0.023622 
vn -0.716535 0.700787 0.023622 
vn -0.708661 0.708661 0.0314961 
vn -0.708661 0.708661 0.0314961 
vn -0.708661 0.708661 0.0314961 
vn -0.708661 0.708661 0.0314961 
vn -0.708661 0.708661 0.0314961 
vn -0.708661 0.708661 0.0314961 
vn -0.716535 0.700787 0.0393701 
vn -0.716535 0.700787 0.0393701 
vn -0.716535 0.700787 0.0393701 
vn -0.716535 0.700787 0.0314961 
vn -0.716535 0.700787 0.0314961 
vn -0.716535 0.700787 0.0314961 
vn -0.716535 0.700787 0.0314961 
vn -0.716535 0.700787 0.0314961 
vn -0.716535 0.700787 0.0314961 
vn -0.748031 0.661417 0.023622 
vn -0.748031 0.661417 0.023622 
vn -0.748031 0.661417 0.023622 
vn -0.748031 0.661417 0.0393701 
vn -0.748031 0.661417 0.0393701 
vn -0.748031 0.661417 0.0393701 
vn 0.779528 0.622047 -0.102362 
vn 0.779528 0.622047 -0.102362 
vn 0.779528 0.622047 -0.102362 
vn 0.787402 0.622047 0.0314961 
vn 0.787402 0.622047 0.0314961 
vn 0.787402 0.622047 0.0314961 
vn 0.748031 0.661417 -0.0472441 
vn 0.748031 0.661417 -0.0472441 
vn 0.748031 0.661417 -0.0472441 
vn 0.740157 0.677165 -0.0314961 
vn 0.740157 0.677165 -0.0314961 
vn 0.740157 0.677165 -0.0314961 
vn 0.740157 0.677165 -0.0314961 
vn 0.740157 0.677165 -0.0314961 
vn 0.740157 0.677165 -0.0314961 
vn 0.748031 0.661417 -0.023622 
vn 0.748031 0.661417 -0.023622 
vn 0.748031 0.661417 -0.023622 
vn 0.748031 0.661417 -0.0314961 
vn 0.748031 0.661417 -0.0314961 
vn 0.748031 0.661417 -0.0314961 
vn 0.748031 0.661417 -0.0314961 
vn 0.748031 0.661417 -0.0314961 
vn 0.748031 0.661417 -0.0314961 
vn 0.779528 0.622047 -0.0393701 
vn 0.779528 0.622047 -0.0393701 
vn 0.779528 0.622047 -0.0393701 
vn 0.779528 0.622047 -0.023622 
vn 0.779528 0.622047 -0.023622 
vn 0.779528 0.622047 -0.023622 
vn 0.937008 -0.338583 -0.0393701 
vn 0.937008 -0.338583 -0.0393701 
vn 0.937008 -0.338583 -0.0393701 
vn 0.937008 -0.338583 -0.0393701 
vn 0.937008 -0.338583 -0.0393701 
vn 0.937008 -0.338583 -0.0393701 
vn -0.015748 1 0 
vn -0.015748 1 0 
vn -0.015748 1 0 
vn -0.015748 1 0 
vn -0.015748 1 0 
vn -0.015748 1 0 
vn -0.952756 -0.314961 0.0393701 
vn -0.952756 -0.314961 0.0393701 
vn -0.952756 -0.314961 0.0393701 
vn -0.952756 -0.314961 0.0393701 
vn -0.952756 -0.314961 0.0393701 
vn -0.952756 -0.314961 0.0393701 
vn 0.015748 1 0 
vn 0.015748 1 0 
vn 0.015748 1 0 
vn 0.00787402 1 0.00787402 
vn 0.00787402 1 0.00787402 
vn 0.00787402 1 0.00787402 
vn 0.00787402 1 0 
vn 0.00787402 1 0 
vn 0.00787402 1 0 
vn 0.015748 1 0 
vn 0.015748 1 0 
vn 0.015748 1 0 
vn 0.015748 1 0 
vn 0.015748 1 0 
vn 0.015748 1 0 
vn 0.015748 1 0 
vn 0.015748 1 0 
vn 0.015748 1 0 
vn 0.015748 1 0 
vn 0.015748 1 0 
vn 0.015748 1 0 
vn 0.015748 1 0 
vn 0.015748 1 0 
vn 0.015748 1 0 
vn 0.015748 1 0 
vn 0.015748 1 0 
vn 0.015748 1 0 
vn 0.015748 1 0 
vn 0.015748 1 0 
vn 0.015748 1 0 
vn 0.00787402 1 0 
vn 0.00787402 1 0 
vn 0.00787402 1 0 
vn 0.00787402 1 0 
vn 0.00787402 1 0 
vn 0.00787402 1 0 
vn 0.015748 1 0 
vn 0.015748 1 0 
vn 0.015748 1 0 
vn 0.015748 1 0 
vn 0.015748 1 0 
vn 0.015748 1 0 
vn 0.015748 1 0 
vn 0.015748 1 0 
vn 0.015748 1 0 
vn 0.015748 1 0 
vn 0.015748 1 0 
vn 0.015748 1 0 
vn 0.015748 1 -0.00787402 
vn 0.015748 1 -0.00787402 
vn 0.015748 1 -0.00787402 
vn 0.015748 1 -0.00787402 
vn 0.015748 1 -0.00787402 
vn 0.015748 1 -0.00787402 
vn 0.015748 1 0 
vn 0.015748 1 0 
vn 0.015748 1 0 
vn 0.00787402 1 -0.00787402 
vn 0.00787402 1 -0.00787402 
vn 0.00787402 1 -0.00787402 
vn 0.84252 -0.535433 -0.0393701 
vn 0.84252 -0.535433 -0.0393701 
vn 0.84252 -0.535433 -0.0393701 
vn 0.84252 -0.535433 -0.0393701 
vn 0.84252 -0.535433 -0.0393701 
vn 0.84252 -0.535433 -0.0393701 
vn -0.84252 -0.535433 0.0393701 
vn -0.84252 -0.535433 0.0393701 
vn -0.84252 -0.535433 0.0393701 
vn -0.84252 -0.535433 0.0393701 
vn -0.84252 -0.535433 0.0393701 
vn -0.84252 -0.535433 0.0393701 
vn 0.708661 -0.708661 -0.0314961 
vn 0.708661 -0.708661 -0.0314961 
vn 0.708661 -0.708661 -0.0314961 
vn 0.708661 -0.708661 -0.0314961 
vn 0.708661 -0.708661 -0.0314961 
vn 0.708661 -0.708661 -0.0314961 
vn 0.141732 -0.992126 -0.00787402 
vn 0.141732 -0.992126 -0.00787402 
vn 0.141732 -0.992126 -0.00787402 
vn 0.141732 -0.992126 -0.00787402 
vn 0.141732 -0.992126 -0.00787402 
vn 0.141732 -0.992126 -0.00787402 
vn 0.110236 -0.992126 -0.00787402 
vn 0.110236 -0.992126 -0.00787402 
vn 0.110236 -0.992126 -0.00787402 
vn 0.110236 -0.992126 -0.00787402 
vn 0.110236 -0.992126 -0.00787402 
vn 0.110236 -0.992126 -0.00787402 
vn 0.188976 -0.984252 -0.00787402 
vn 0.188976 -0.984252 -0.00787402 
vn 0.188976 -0.984252 -0.00787402 
vn 0.188976 -0.984252 -0.00787402 
vn 0.188976 -0.984252 -0.00787402 
vn 0.188976 -0.984252 -0.00787402 
vn 0.251969 -0.968504 -0.00787402 
vn 0.251969 -0.968504 -0.00787402 
vn 0.251969 -0.968504 -0.00787402 
vn 0.251969 -0.968504 -0.00787402 
vn 0.251969 -0.968504 -0.00787402 
vn 0.251969 -0.968504 -0.00787402 
vn 0.015748 -1 0 
vn 0.015748 -1 0 
vn 0.015748 -1 0 
vn 0.015748 -1 0 
vn 0.015748 -1 0 
vn 0.015748 -1 0 
vn -0.023622 -1 0 
vn -0.023622 -1 0 
vn -0.023622 -1 0 
vn -0.023622 -1 0 
vn -0.023622 -1 0 
vn -0.023622 -1 0 
vn 0.338583 -0.944882 -0.015748 
vn 0.338583 -0.944882 -0.015748 
vn 0.338583 -0.944882 -0.015748 
vn 0.338583 -0.944882 -0.015748 
vn 0.338583 -0.944882 -0.015748 
vn 0.338583 -0.944882 -0.015748 
vn 0.551181 -0.834646 -0.023622 
vn 0.551181 -0.834646 -0.023622 
vn 0.551181 -0.834646 -0.023622 
vn 0.551181 -0.834646 -0.023622 
vn 0.551181 -0.834646 -0.023622 
vn 0.551181 -0.834646 -0.023622 
vn -0.0787402 -1 0 
vn -0.0787402 -1 0 
vn -0.0787402 -1 0 
vn -0.0787402 -1 0 
vn -0.0787402 -1 0 
vn -0.0787402 -1 0 
vn 0.448819 -0.889764 -0.015748 
vn 0.448819 -0.889764 -0.015748 
vn 0.448819 -0.889764 -0.015748 
vn 0.448819 -0.889764 -0.015748 
vn 0.448819 -0.889764 -0.015748 
vn 0.448819 -0.889764 -0.015748 
vn -0.149606 -0.992126 0.00787402 
vn -0.149606 -0.992126 0.00787402 
vn -0.149606 -0.992126 0.00787402 
vn -0.149606 -0.992126 0.00787402 
vn -0.149606 -0.992126 0.00787402 
vn -0.149606 -0.992126 0.00787402 
vn -0.692913 -0.724409 0.0314961 
vn -0.692913 -0.724409 0.0314961 
vn -0.692913 -0.724409 0.0314961 
vn -0.692913 -0.724409 0.0314961 
vn -0.692913 -0.724409 0.0314961 
vn -0.692913 -0.724409 0.0314961 
vn -0.259843 -0.968504 0.00787402 
vn -0.259843 -0.968504 0.00787402 
vn -0.259843 -0.968504 0.00787402 
vn -0.259843 -0.968504 0.00787402 
vn -0.259843 -0.968504 0.00787402 
vn -0.259843 -0.968504 0.00787402 
vn -0.393701 -0.92126 0.015748 
vn -0.393701 -0.92126 0.015748 
vn -0.393701 -0.92126 0.015748 
vn -0.393701 -0.92126 0.015748 
vn -0.393701 -0.92126 0.015748 
vn -0.393701 -0.92126 0.015748 
vn -0.503937 -0.858268 0.023622 
vn -0.503937 -0.858268 0.023622 
vn -0.503937 -0.858268 0.023622 
vn -0.503937 -0.858268 0.023622 
vn -0.503937 -0.858268 0.023622 
vn -0.503937 -0.858268 0.023622 
vn -0.023622 1 0 
vn -0.023622 1 0 
vn -0.023622 1 0 
vn -0.023622 1 0 
vn -0.023622 1 0 
vn -0.023622 1 0 
vn -0.023622 1 0 
vn -0.023622 1 0 
vn -0.023622 1 0 
vn -0.023622 1 0 
vn -0.023622 1 0 
vn -0.023622 1 0 
vn -0.023622 1 0 
vn -0.023622 1 0 
vn -0.023622 1 0 
vn -0.023622 1 0 
vn -0.023622 1 0 
vn -0.023622 1 0 
vn -0.023622 1 0 
vn -0.023622 1 0 
vn -0.023622 1 0 
vn -0.023622 1 0 
vn -0.023622 1 0 
vn -0.023622 1 0 
vn -0.023622 1 0 
vn -0.023622 1 0 
vn -0.023622 1 0 
vn -0.023622 1 0 
vn -0.023622 1 0 
vn -0.023622 1 0 
vn -0.023622 1 0 
vn -0.023622 1 0 
vn -0.023622 1 0 
vn -0.023622 1 0 
vn -0.023622 1 0 
vn -0.023622 1 0 
vn -0.023622 1 0 
vn -0.023622 1 0 
vn -0.023622 1 0 
vn -0.023622 1 0 
vn -0.023622 1 0 
vn -0.023622 1 0 
vn -0.023622 1 0 
vn -0.023622 1 0 
vn -0.023622 1 0 
vn -0.023622 1 0 
vn -0.023622 1 0 
vn -0.023622 1 0 
vn -0.023622 1 0 
vn -0.023622 1 0 
vn -0.023622 1 0 
vn -0.023622 1 0 
vn -0.023622 1 0 
vn -0.023622 1 0 
vn -0.023622 1 0 
vn -0.023622 1 0 
vn -0.023622 1 0 

vt 0.925293 0.30957 
vt 0.93457 0.324707 
vt 0.927734 0.331543 
vt 0.925293 0.30957 
vt 0.932617 0.29248 
vt 0.933594 0.309082 
vt 0.925293 0.30957 
vt 0.924316 0.292969 
vt 0.932617 0.29248 
vt 0.924316 0.292969 
vt 0.923828 0.274902 
vt 0.932129 0.274414 
vt 0.923828 0.274902 
vt 0.931152 0.260742 
vt 0.932129 0.274414 
vt 0.923828 0.274902 
vt 0.922852 0.26123 
vt 0.931152 0.260742 
vt 0.922363 0.22998 
vt 0.921875 0.213379 
vt 0.930664 0.229492 
vt 0.930176 0.212891 
vt 0.930664 0.229492 
vt 0.921875 0.213379 
vt 0.930176 0.197754 
vt 0.921875 0.213379 
vt 0.922852 0.191406 
vt 0.93457 0.324707 
vt 0.925293 0.30957 
vt 0.933594 0.309082 
vt 0.924316 0.292969 
vt 0.932129 0.274414 
vt 0.932617 0.29248 
vt 0.922852 0.26123 
vt 0.922852 0.248047 
vt 0.931152 0.260742 
vt 0.931152 0.247559 
vt 0.931152 0.260742 
vt 0.922852 0.248047 
vt 0.922852 0.248047 
vt 0.922363 0.22998 
vt 0.931152 0.247559 
vt 0.930664 0.229492 
vt 0.931152 0.247559 
vt 0.922363 0.22998 
vt 0.921875 0.213379 
vt 0.930176 0.197754 
vt 0.930176 0.212891 
vt 0.816895 0.199219 
vt 0.817871 0.216309 
vt 0.796875 0.165527 
vt 0.817871 0.216309 
vt 0.818848 0.233398 
vt 0.796875 0.165527 
vt 0.818848 0.233398 
vt 0.819824 0.252441 
vt 0.796875 0.165527 
vt 0.81543 0.353516 
vt 0.796875 0.373535 
vt 0.816895 0.339844 
vt 0.813965 0.359863 
vt 0.796875 0.373535 
vt 0.81543 0.353516 
vt 0.811523 0.364746 
vt 0.796875 0.373535 
vt 0.813965 0.359863 
vt 0.808594 0.368652 
vt 0.796875 0.373535 
vt 0.811523 0.364746 
vt 0.804688 0.371582 
vt 0.796875 0.373535 
vt 0.808594 0.368652 
vt 0.804688 0.16748 
vt 0.808594 0.17041 
vt 0.796875 0.165527 
vt 0.808594 0.17041 
vt 0.811523 0.174316 
vt 0.796875 0.165527 
vt 0.811523 0.174316 
vt 0.813965 0.179199 
vt 0.796875 0.165527 
vt 0.813965 0.179199 
vt 0.81543 0.185547 
vt 0.796875 0.165527 
vt 0.81543 0.185547 
vt 0.816895 0.199219 
vt 0.796875 0.165527 
vt 0.796875 0.269531 
vt 0.796875 0.165527 
vt 0.819824 0.252441 
vt 0.819824 0.269531 
vt 0.796875 0.269531 
vt 0.819824 0.252441 
vt 0.819824 0.269531 
vt 0.819824 0.287109 
vt 0.796875 0.269531 
vt 0.819824 0.287109 
vt 0.796875 0.373535 
vt 0.796875 0.269531 
vt 0.818848 0.305664 
vt 0.796875 0.373535 
vt 0.819824 0.287109 
vt 0.817871 0.323242 
vt 0.796875 0.373535 
vt 0.818848 0.305664 
vt 0.816895 0.339844 
vt 0.796875 0.373535 
vt 0.817871 0.323242 
vt 0.334229 0.574707 
vt 0.338135 0.582031 
vt 0.332275 0.579346 
vt 0.330566 0.573242 
vt 0.334229 0.574707 
vt 0.332275 0.579346 
vt 0.609863 0.534424 
vt 0.609863 0.529053 
vt 0.617188 0.52832 
vt 0.332275 0.579346 
vt 0.327637 0.575684 
vt 0.330566 0.573242 
vt 0.609863 0.534424 
vt 0.617188 0.52832 
vt 0.617188 0.533936 
vt 0.609863 0.529053 
vt 0.617188 0.521729 
vt 0.617188 0.52832 
vt 0.609863 0.529053 
vt 0.609375 0.522461 
vt 0.617188 0.521729 
vt 0.338135 0.582031 
vt 0.334229 0.574707 
vt 0.3396 0.576416 
vt 0.3396 0.576416 
vt 0.345703 0.584473 
vt 0.338135 0.582031 
vt 0.609863 0.534424 
vt 0.617188 0.533936 
vt 0.610352 0.538818 
vt 0.345703 0.584473 
vt 0.3396 0.576416 
vt 0.34668 0.578369 
vt 0.609375 0.522461 
vt 0.616699 0.506592 
vt 0.617188 0.521729 
vt 0.609375 0.522461 
vt 0.608887 0.50708 
vt 0.616699 0.506592 
vt 0.617188 0.533936 
vt 0.617188 0.539307 
vt 0.610352 0.538818 
vt 0.535156 0.56958 
vt 0.539062 0.562012 
vt 0.541016 0.566406 
vt 0.54248 0.560303 
vt 0.541016 0.566406 
vt 0.539062 0.562012 
vt 0.608887 0.50708 
vt 0.616699 0.48877 
vt 0.616699 0.506592 
vt 0.608887 0.50708 
vt 0.608887 0.489258 
vt 0.616699 0.48877 
vt 0.539062 0.562012 
vt 0.535156 0.56958 
vt 0.53418 0.564209 
vt 0.617188 0.533936 
vt 0.750488 0.528809 
vt 0.750488 0.534424 
vt 0.750488 0.528809 
vt 0.617188 0.533936 
vt 0.617188 0.52832 
vt 0.609375 0.333496 
vt 0.617188 0.341309 
vt 0.609375 0.340332 
vt 0.617188 0.341309 
vt 0.609375 0.333496 
vt 0.617188 0.334473 
vt 0.609863 0.328125 
vt 0.617188 0.334473 
vt 0.609375 0.333496 
vt 0.527832 0.57251 
vt 0.53418 0.564209 
vt 0.535156 0.56958 
vt 0.34668 0.578369 
vt 0.362305 0.587158 
vt 0.345703 0.584473 
vt 0.541016 0.566406 
vt 0.54248 0.560303 
vt 0.54541 0.5625 
vt 0.362305 0.587158 
vt 0.34668 0.578369 
vt 0.362793 0.581299 
vt 0.617188 0.52832 
vt 0.750488 0.522217 
vt 0.750488 0.528809 
vt 0.750488 0.522217 
vt 0.617188 0.52832 
vt 0.617188 0.521729 
vt 0.608887 0.489258 
vt 0.616699 0.470703 
vt 0.616699 0.48877 
vt 0.608887 0.489258 
vt 0.608887 0.470703 
vt 0.616699 0.470703 
vt 0.53418 0.564209 
vt 0.527832 0.57251 
vt 0.526855 0.566895 
vt 0.608887 0.355957 
vt 0.617188 0.341309 
vt 0.616699 0.356934 
vt 0.617188 0.334473 
vt 0.609863 0.328125 
vt 0.617188 0.328613 
vt 0.617188 0.341309 
vt 0.608887 0.355957 
vt 0.609375 0.340332 
vt 0.608887 0.470703 
vt 0.616699 0.450684 
vt 0.616699 0.470703 
vt 0.608887 0.470703 
vt 0.608887 0.450684 
vt 0.616699 0.450684 
vt 0.608887 0.374512 
vt 0.616699 0.356934 
vt 0.616699 0.375 
vt 0.616699 0.356934 
vt 0.608887 0.374512 
vt 0.608887 0.355957 
vt 0.362793 0.581299 
vt 0.381104 0.583008 
vt 0.380859 0.588867 
vt 0.608887 0.450684 
vt 0.616699 0.432129 
vt 0.616699 0.450684 
vt 0.608887 0.450684 
vt 0.608887 0.432129 
vt 0.616699 0.432129 
vt 0.362793 0.581299 
vt 0.380859 0.588867 
vt 0.362305 0.587158 
vt 0.617188 0.539307 
vt 0.750488 0.534424 
vt 0.750488 0.539795 
vt 0.750488 0.534424 
vt 0.617188 0.539307 
vt 0.617188 0.533936 
vt 0.616699 0.375 
vt 0.608887 0.393555 
vt 0.608887 0.374512 
vt 0.608887 0.432129 
vt 0.616699 0.413574 
vt 0.616699 0.432129 
vt 0.616699 0.413574 
vt 0.608887 0.432129 
vt 0.608887 0.413574 
vt 0.608887 0.393555 
vt 0.616699 0.375 
vt 0.616699 0.393555 
vt 0.608887 0.413574 
vt 0.616699 0.393555 
vt 0.616699 0.413574 
vt 0.616699 0.393555 
vt 0.608887 0.413574 
vt 0.608887 0.393555 
vt 0.511719 0.577148 
vt 0.526855 0.566895 
vt 0.527832 0.57251 
vt 0.526855 0.566895 
vt 0.511719 0.577148 
vt 0.51123 0.571533 
vt 0.381104 0.583008 
vt 0.399414 0.589355 
vt 0.380859 0.588867 
vt 0.381104 0.583008 
vt 0.399414 0.58374 
vt 0.399414 0.589355 
vt 0.609863 0.323242 
vt 0.617188 0.328613 
vt 0.609863 0.328125 
vt 0.330566 0.573242 
vt 0.327637 0.575684 
vt 0.324707 0.570557 
vt 0.49292 0.575439 
vt 0.511719 0.577148 
vt 0.493408 0.581055 
vt 0.511719 0.577148 
vt 0.49292 0.575439 
vt 0.51123 0.571533 
vt 0.399414 0.58374 
vt 0.418945 0.589111 
vt 0.399414 0.589355 
vt 0.399414 0.58374 
vt 0.418945 0.58374 
vt 0.418945 0.589111 
vt 0.330566 0.573242 
vt 0.334961 0.569824 
vt 0.334229 0.574707 
vt 0.617188 0.521729 
vt 0.750488 0.506836 
vt 0.750488 0.522217 
vt 0.616699 0.506592 
vt 0.750488 0.506836 
vt 0.617188 0.521729 
vt 0.418945 0.58374 
vt 0.437256 0.588135 
vt 0.418945 0.589111 
vt 0.418945 0.58374 
vt 0.437012 0.582764 
vt 0.437256 0.588135 
vt 0.474609 0.578613 
vt 0.493408 0.581055 
vt 0.474854 0.584229 
vt 0.493408 0.581055 
vt 0.474609 0.578613 
vt 0.49292 0.575439 
vt 0.474854 0.584229 
vt 0.455078 0.581055 
vt 0.474609 0.578613 
vt 0.437012 0.582764 
vt 0.455322 0.58667 
vt 0.437256 0.588135 
vt 0.455322 0.58667 
vt 0.437012 0.582764 
vt 0.455078 0.581055 
vt 0.455078 0.581055 
vt 0.474854 0.584229 
vt 0.455322 0.58667 
vt 0.334229 0.574707 
vt 0.340576 0.571045 
vt 0.3396 0.576416 
vt 0.617188 0.328613 
vt 0.609863 0.323242 
vt 0.617188 0.322754 
vt 0.340576 0.571045 
vt 0.334229 0.574707 
vt 0.334961 0.569824 
vt 0.300049 0.57373 
vt 0.307373 0.578613 
vt 0.300293 0.578857 
vt 0.617188 0.334473 
vt 0.750488 0.34082 
vt 0.617188 0.341309 
vt 0.750488 0.34082 
vt 0.617188 0.334473 
vt 0.750488 0.333984 
vt 0.617188 0.328613 
vt 0.750488 0.333984 
vt 0.617188 0.334473 
vt 0.750488 0.333984 
vt 0.617188 0.328613 
vt 0.750488 0.327637 
vt 0.616699 0.506592 
vt 0.750488 0.48877 
vt 0.750488 0.506836 
vt 0.616699 0.48877 
vt 0.750488 0.48877 
vt 0.616699 0.506592 
vt 0.3396 0.576416 
vt 0.347656 0.57251 
vt 0.34668 0.578369 
vt 0.347656 0.57251 
vt 0.3396 0.576416 
vt 0.340576 0.571045 
vt 0.54248 0.560303 
vt 0.539062 0.562012 
vt 0.538574 0.557373 
vt 0.307373 0.578613 
vt 0.300049 0.57373 
vt 0.307129 0.574219 
vt 0.324707 0.570557 
vt 0.329834 0.56958 
vt 0.330566 0.573242 
vt 0.539062 0.562012 
vt 0.53418 0.564209 
vt 0.532715 0.558838 
vt 0.616699 0.470703 
vt 0.750488 0.48877 
vt 0.616699 0.48877 
vt 0.750488 0.48877 
vt 0.616699 0.470703 
vt 0.750488 0.470703 
vt 0.750488 0.356445 
vt 0.616699 0.356934 
vt 0.617188 0.341309 
vt 0.617188 0.341309 
vt 0.750488 0.34082 
vt 0.750488 0.356445 
vt 0.334961 0.569824 
vt 0.330566 0.573242 
vt 0.329834 0.56958 
vt 0.54248 0.560303 
vt 0.548828 0.557373 
vt 0.54541 0.5625 
vt 0.539062 0.562012 
vt 0.532715 0.558838 
vt 0.538574 0.557373 
vt 0.616699 0.450684 
vt 0.750488 0.470703 
vt 0.616699 0.470703 
vt 0.750488 0.470703 
vt 0.616699 0.450684 
vt 0.750488 0.450684 
vt 0.750488 0.375 
vt 0.616699 0.375 
vt 0.616699 0.356934 
vt 0.616699 0.356934 
vt 0.750488 0.356445 
vt 0.750488 0.375 
vt 0.617188 0.322754 
vt 0.750488 0.327637 
vt 0.617188 0.328613 
vt 0.750488 0.327637 
vt 0.617188 0.322754 
vt 0.750488 0.322266 
vt 0.53418 0.564209 
vt 0.526855 0.566895 
vt 0.525879 0.561035 
vt 0.616699 0.432129 
vt 0.750488 0.450684 
vt 0.616699 0.450684 
vt 0.750488 0.450684 
vt 0.616699 0.432129 
vt 0.750488 0.432129 
vt 0.53418 0.564209 
vt 0.525879 0.561035 
vt 0.532715 0.558838 
vt 0.616699 0.432129 
vt 0.750488 0.413574 
vt 0.750488 0.432129 
vt 0.616699 0.413574 
vt 0.750488 0.413574 
vt 0.616699 0.432129 
vt 0.616699 0.393555 
vt 0.750488 0.375 
vt 0.750488 0.393555 
vt 0.616699 0.375 
vt 0.750488 0.375 
vt 0.616699 0.393555 
vt 0.616699 0.413574 
vt 0.750488 0.393555 
vt 0.750488 0.413574 
vt 0.750488 0.393555 
vt 0.616699 0.413574 
vt 0.616699 0.393555 
vt 0.363281 0.575439 
vt 0.34668 0.578369 
vt 0.347656 0.57251 
vt 0.34668 0.578369 
vt 0.363281 0.575439 
vt 0.362793 0.581299 
vt 0.300293 0.578857 
vt 0.167725 0.577148 
vt 0.300049 0.57373 
vt 0.167725 0.577148 
vt 0.300293 0.578857 
vt 0.167847 0.582275 
vt 0.538574 0.557373 
vt 0.543457 0.556641 
vt 0.54248 0.560303 
vt 0.548828 0.557373 
vt 0.54248 0.560303 
vt 0.543457 0.556641 
vt 0.526855 0.566895 
vt 0.510742 0.565674 
vt 0.525879 0.561035 
vt 0.510742 0.565674 
vt 0.526855 0.566895 
vt 0.51123 0.571533 
vt 0.0105667 0.576172 
vt 0.0176544 0.571045 
vt 0.0174561 0.576416 
vt 0.381348 0.577393 
vt 0.362793 0.581299 
vt 0.363281 0.575439 
vt 0.362793 0.581299 
vt 0.381348 0.577393 
vt 0.381104 0.583008 
vt 0.51123 0.571533 
vt 0.492676 0.569824 
vt 0.510742 0.565674 
vt 0.492676 0.569824 
vt 0.51123 0.571533 
vt 0.49292 0.575439 
vt 0.0176544 0.571045 
vt 0.0105667 0.576172 
vt 0.0105743 0.571777 
vt 0.399658 0.578125 
vt 0.381104 0.583008 
vt 0.381348 0.577393 
vt 0.381104 0.583008 
vt 0.399658 0.578125 
vt 0.399414 0.58374 
vt 0.418945 0.58374 
vt 0.399658 0.578125 
vt 0.418945 0.578125 
vt 0.474365 0.573242 
vt 0.49292 0.575439 
vt 0.474609 0.578613 
vt 0.49292 0.575439 
vt 0.474365 0.573242 
vt 0.492676 0.569824 
vt 0.399658 0.578125 
vt 0.418945 0.58374 
vt 0.399414 0.58374 
vt 0.437012 0.582764 
vt 0.418945 0.58374 
vt 0.418945 0.578125 
vt 0.437012 0.582764 
vt 0.418945 0.578125 
vt 0.437012 0.577393 
vt 0.455078 0.575684 
vt 0.474609 0.578613 
vt 0.455078 0.581055 
vt 0.474609 0.578613 
vt 0.455078 0.575684 
vt 0.474365 0.573242 
vt 0.437012 0.577393 
vt 0.455078 0.581055 
vt 0.437012 0.582764 
vt 0.455078 0.581055 
vt 0.437012 0.577393 
vt 0.455078 0.575684 
vt 0.150024 0.57959 
vt 0.0174561 0.576416 
vt 0.150146 0.574219 
vt 0.0176544 0.571045 
vt 0.150146 0.574219 
vt 0.0174561 0.576416 
vt 0.328857 0.560059 
vt 0.324707 0.570557 
vt 0.322021 0.559814 
vt 0.307617 0.566162 
vt 0.300049 0.57373 
vt 0.300049 0.56543 
vt 0.548828 0.557373 
vt 0.544434 0.547607 
vt 0.55127 0.547119 
vt 0.329834 0.56958 
vt 0.335205 0.560791 
vt 0.334961 0.569824 
vt 0.324707 0.570557 
vt 0.328857 0.560059 
vt 0.329834 0.56958 
vt 0.538086 0.548584 
vt 0.543457 0.556641 
vt 0.538574 0.557373 
vt 0.0176544 0.571045 
vt 0.0103226 0.563721 
vt 0.0177765 0.562744 
vt 0.544434 0.547607 
vt 0.548828 0.557373 
vt 0.543457 0.556641 
vt 0.335205 0.560791 
vt 0.329834 0.56958 
vt 0.328857 0.560059 
vt 0.543457 0.556641 
vt 0.538086 0.548584 
vt 0.544434 0.547607 
vt 0.334961 0.569824 
vt 0.341797 0.561768 
vt 0.340576 0.571045 
vt 0.300049 0.57373 
vt 0.307617 0.566162 
vt 0.307129 0.574219 
vt 0.538574 0.557373 
vt 0.532715 0.558838 
vt 0.531738 0.550049 
vt 0.341797 0.561768 
vt 0.334961 0.569824 
vt 0.335205 0.560791 
vt 0.538574 0.557373 
vt 0.531738 0.550049 
vt 0.538086 0.548584 
vt 0.0103226 0.563721 
vt 0.0176544 0.571045 
vt 0.0105743 0.571777 
vt 0.340576 0.571045 
vt 0.348877 0.563232 
vt 0.347656 0.57251 
vt 0.300049 0.57373 
vt 0.167725 0.577148 
vt 0.167603 0.568848 
vt 0.300049 0.57373 
vt 0.167603 0.568848 
vt 0.300049 0.56543 
vt 0.532715 0.558838 
vt 0.525879 0.561035 
vt 0.524902 0.552246 
vt 0.348877 0.563232 
vt 0.340576 0.571045 
vt 0.341797 0.561768 
vt 0.532715 0.558838 
vt 0.524902 0.552246 
vt 0.531738 0.550049 
vt 0.150146 0.574219 
vt 0.0176544 0.571045 
vt 0.150391 0.565918 
vt 0.0177765 0.562744 
vt 0.150391 0.565918 
vt 0.0176544 0.571045 
vt 0.348877 0.563232 
vt 0.364014 0.566406 
vt 0.347656 0.57251 
vt 0.363281 0.575439 
vt 0.347656 0.57251 
vt 0.364014 0.566406 
vt 0.525879 0.561035 
vt 0.509766 0.556885 
vt 0.524902 0.552246 
vt 0.525879 0.561035 
vt 0.510742 0.565674 
vt 0.509766 0.556885 
vt 0.544434 0.547607 
vt 0.544434 0.155762 
vt 0.55127 0.547119 
vt 0.55127 0.547119 
vt 0.544434 0.155762 
vt 0.55127 0.155273 
vt 0.322021 0.559814 
vt 0.333984 0.156738 
vt 0.341064 0.156738 
vt 0.341064 0.156738 
vt 0.328857 0.560059 
vt 0.322021 0.559814 
vt 0.381592 0.568604 
vt 0.363281 0.575439 
vt 0.364014 0.566406 
vt 0.510742 0.565674 
vt 0.492432 0.561279 
vt 0.509766 0.556885 
vt 0.363281 0.575439 
vt 0.381592 0.568604 
vt 0.381348 0.577393 
vt 0.492432 0.561279 
vt 0.510742 0.565674 
vt 0.492676 0.569824 
vt 0.492676 0.569824 
vt 0.474365 0.564453 
vt 0.492432 0.561279 
vt 0.399658 0.56958 
vt 0.381348 0.577393 
vt 0.381592 0.568604 
vt 0.474365 0.564453 
vt 0.492676 0.569824 
vt 0.474365 0.573242 
vt 0.381348 0.577393 
vt 0.399658 0.56958 
vt 0.399658 0.578125 
vt 0.474365 0.573242 
vt 0.455078 0.567139 
vt 0.474365 0.564453 
vt 0.399658 0.56958 
vt 0.418945 0.578125 
vt 0.399658 0.578125 
vt 0.418945 0.578125 
vt 0.399658 0.56958 
vt 0.419189 0.56958 
vt 0.455078 0.575684 
vt 0.437012 0.568604 
vt 0.455078 0.567139 
vt 0.455078 0.567139 
vt 0.474365 0.573242 
vt 0.455078 0.575684 
vt 0.437012 0.577393 
vt 0.418945 0.578125 
vt 0.419189 0.56958 
vt 0.437012 0.577393 
vt 0.419189 0.56958 
vt 0.437012 0.568604 
vt 0.437012 0.568604 
vt 0.455078 0.575684 
vt 0.437012 0.577393 
vt 0.544434 0.547607 
vt 0.537598 0.155762 
vt 0.544434 0.155762 
vt 0.538086 0.548584 
vt 0.537598 0.155762 
vt 0.544434 0.547607 
vt 0.328857 0.560059 
vt 0.341064 0.156738 
vt 0.348145 0.156738 
vt 0.348145 0.156738 
vt 0.335205 0.560791 
vt 0.328857 0.560059 
vt 0.457031 0.880615 
vt 0.383545 0.880859 
vt 0.383545 0.875793 
vt 0.383545 0.875793 
vt 0.457031 0.875122 
vt 0.457031 0.880615 
vt 0.45166 0.664551 
vt 0.38623 0.673828 
vt 0.385986 0.668701 
vt 0.451904 0.669922 
vt 0.38623 0.673828 
vt 0.45166 0.664551 
vt 0.904297 0.156738 
vt 0.939941 0.152344 
vt 0.94043 0.157227 
vt 0.94043 0.157227 
vt 0.905273 0.162109 
vt 0.904297 0.156738 
vt 0.383545 0.870728 
vt 0.457031 0.869629 
vt 0.457031 0.875122 
vt 0.0103226 0.563721 
vt 0.00907135 0.155762 
vt 0.0177765 0.562744 
vt 0.383545 0.880859 
vt 0.457031 0.880615 
vt 0.457275 0.888489 
vt 0.457031 0.875122 
vt 0.383545 0.875793 
vt 0.383545 0.870728 
vt 0.0177765 0.562744 
vt 0.00907135 0.155762 
vt 0.0166168 0.155762 
vt 0.457275 0.888489 
vt 0.383545 0.888489 
vt 0.383545 0.880859 
vt 0.898438 0.361328 
vt 0.94043 0.371094 
vt 0.897949 0.366211 
vt 0.38623 0.673828 
vt 0.452148 0.675537 
vt 0.38623 0.678955 
vt 0.452148 0.675537 
vt 0.38623 0.673828 
vt 0.451904 0.669922 
vt 0.309082 0.146973 
vt 0.307617 0.566162 
vt 0.300049 0.56543 
vt 0.94043 0.371094 
vt 0.898438 0.361328 
vt 0.940918 0.365723 
vt 0.300049 0.56543 
vt 0.301514 0.146973 
vt 0.309082 0.146973 
vt 0.45166 0.664551 
vt 0.385986 0.668701 
vt 0.451172 0.656738 
vt 0.451172 0.656738 
vt 0.385986 0.668701 
vt 0.385742 0.661133 
vt 0.90332 0.149414 
vt 0.938965 0.144531 
vt 0.939941 0.152344 
vt 0.939941 0.152344 
vt 0.904297 0.156738 
vt 0.90332 0.149414 
vt 0.905273 0.162109 
vt 0.94043 0.157227 
vt 0.940918 0.162109 
vt 0.940918 0.162109 
vt 0.905762 0.166992 
vt 0.905273 0.162109 
vt 0.538086 0.548584 
vt 0.530762 0.155762 
vt 0.537598 0.155762 
vt 0.335205 0.560791 
vt 0.348145 0.156738 
vt 0.355225 0.156738 
vt 0.531738 0.550049 
vt 0.530762 0.155762 
vt 0.538086 0.548584 
vt 0.940918 0.365723 
vt 0.899414 0.355957 
vt 0.941406 0.360352 
vt 0.899414 0.355957 
vt 0.940918 0.365723 
vt 0.898438 0.361328 
vt 0.355225 0.156738 
vt 0.341797 0.561768 
vt 0.335205 0.560791 
vt 0.939453 0.378906 
vt 0.897949 0.366211 
vt 0.94043 0.371094 
vt 0.897949 0.366211 
vt 0.939453 0.378906 
vt 0.896973 0.374512 
vt 0.457031 0.869629 
vt 0.383789 0.865234 
vt 0.456787 0.863892 
vt 0.38623 0.678955 
vt 0.452148 0.675537 
vt 0.452393 0.681396 
vt 0.383789 0.865234 
vt 0.457031 0.869629 
vt 0.383545 0.870728 
vt 0.452393 0.681396 
vt 0.38623 0.684326 
vt 0.38623 0.678955 
vt 0.905762 0.166992 
vt 0.940918 0.162109 
vt 0.941895 0.16748 
vt 0.941895 0.16748 
vt 0.90625 0.172363 
vt 0.905762 0.166992 
vt 0.0177765 0.562744 
vt 0.151733 0.191895 
vt 0.150391 0.565918 
vt 0.151733 0.191895 
vt 0.0177765 0.562744 
vt 0.0166168 0.155762 
vt 0.0166168 0.155762 
vt 0.151733 0.155762 
vt 0.151733 0.191895 
vt 0.941406 0.360352 
vt 0.900391 0.350586 
vt 0.942383 0.35498 
vt 0.900391 0.350586 
vt 0.941406 0.360352 
vt 0.899414 0.355957 
vt 0.166138 0.188477 
vt 0.300049 0.56543 
vt 0.167603 0.568848 
vt 0.300049 0.56543 
vt 0.166138 0.188477 
vt 0.301514 0.146973 
vt 0.341797 0.561768 
vt 0.355225 0.156738 
vt 0.362549 0.156738 
vt 0.531738 0.550049 
vt 0.523438 0.155762 
vt 0.530762 0.155762 
vt 0.524902 0.552246 
vt 0.523438 0.155762 
vt 0.531738 0.550049 
vt 0.362549 0.156738 
vt 0.348877 0.563232 
vt 0.341797 0.561768 
vt 0.301514 0.146973 
vt 0.166138 0.188477 
vt 0.166138 0.146973 
vt 0.456787 0.863892 
vt 0.383789 0.859009 
vt 0.456787 0.857422 
vt 0.38623 0.684326 
vt 0.452393 0.681396 
vt 0.452637 0.687744 
vt 0.383789 0.859009 
vt 0.456787 0.863892 
vt 0.383789 0.865234 
vt 0.452637 0.687744 
vt 0.38623 0.690674 
vt 0.38623 0.684326 
vt 0.90625 0.172363 
vt 0.941895 0.16748 
vt 0.942871 0.173828 
vt 0.977539 0.441895 
vt 0.97168 0.380371 
vt 0.977051 0.380371 
vt 0.97168 0.380371 
vt 0.977539 0.441895 
vt 0.973145 0.441895 
vt 0.942871 0.173828 
vt 0.906738 0.178711 
vt 0.90625 0.172363 
vt 0.976562 0.333008 
vt 0.97168 0.380371 
vt 0.972168 0.333008 
vt 0.976562 0.333008 
vt 0.977051 0.380371 
vt 0.97168 0.380371 
vt 0.942383 0.35498 
vt 0.901367 0.34375 
vt 0.943359 0.348633 
vt 0.901367 0.34375 
vt 0.942383 0.35498 
vt 0.900391 0.350586 
vt 0.977051 0.277832 
vt 0.972168 0.211914 
vt 0.976562 0.211914 
vt 0.972168 0.211914 
vt 0.977051 0.277832 
vt 0.973145 0.277832 
vt 0.348877 0.563232 
vt 0.375732 0.156738 
vt 0.364014 0.566406 
vt 0.510254 0.155762 
vt 0.524902 0.552246 
vt 0.509766 0.556885 
vt 0.375732 0.156738 
vt 0.348877 0.563232 
vt 0.362549 0.156738 
vt 0.524902 0.552246 
vt 0.510254 0.155762 
vt 0.523438 0.155762 
vt 0.977539 0.441895 
vt 0.97168 0.380371 
vt 0.977051 0.380371 
vt 0.97168 0.380371 
vt 0.977539 0.441895 
vt 0.973145 0.441895 
vt 0.977051 0.277832 
vt 0.972656 0.321777 
vt 0.973145 0.277832 
vt 0.977051 0.277832 
vt 0.977051 0.321777 
vt 0.972656 0.321777 
vt 0.976562 0.333008 
vt 0.97168 0.380371 
vt 0.972168 0.333008 
vt 0.976562 0.333008 
vt 0.977051 0.380371 
vt 0.97168 0.380371 
vt 0.391846 0.15625 
vt 0.364014 0.566406 
vt 0.375732 0.156738 
vt 0.364014 0.566406 
vt 0.391846 0.15625 
vt 0.381592 0.568604 
vt 0.494385 0.155762 
vt 0.509766 0.556885 
vt 0.492432 0.561279 
vt 0.509766 0.556885 
vt 0.494385 0.155762 
vt 0.510254 0.155762 
vt 0.391846 0.15625 
vt 0.399658 0.56958 
vt 0.381592 0.568604 
vt 0.399658 0.56958 
vt 0.391846 0.15625 
vt 0.408447 0.15625 
vt 0.399658 0.56958 
vt 0.408447 0.15625 
vt 0.419189 0.56958 
vt 0.419189 0.56958 
vt 0.408447 0.15625 
vt 0.426514 0.15625 
vt 0.419189 0.56958 
vt 0.426514 0.15625 
vt 0.437012 0.568604 
vt 0.437012 0.568604 
vt 0.426514 0.15625 
vt 0.443115 0.15625 
vt 0.443115 0.15625 
vt 0.455078 0.567139 
vt 0.437012 0.568604 
vt 0.455078 0.567139 
vt 0.443115 0.15625 
vt 0.459717 0.15625 
vt 0.459717 0.15625 
vt 0.474365 0.564453 
vt 0.455078 0.567139 
vt 0.474365 0.564453 
vt 0.459717 0.15625 
vt 0.477783 0.155762 
vt 0.477783 0.155762 
vt 0.492432 0.561279 
vt 0.474365 0.564453 
vt 0.492432 0.561279 
vt 0.477783 0.155762 
vt 0.494385 0.155762 
vt 0.977051 0.277832 
vt 0.972168 0.211914 
vt 0.976562 0.211914 
vt 0.972168 0.211914 
vt 0.977051 0.277832 
vt 0.973145 0.277832 
vt 0.384033 0.844971 
vt 0.456787 0.857422 
vt 0.383789 0.859009 
vt 0.456787 0.857422 
vt 0.384033 0.844971 
vt 0.456299 0.843384 
vt 0.38623 0.690674 
vt 0.453125 0.701904 
vt 0.385986 0.70459 
vt 0.453125 0.701904 
vt 0.38623 0.690674 
vt 0.452637 0.687744 
vt 0.977051 0.277832 
vt 0.972656 0.321777 
vt 0.973145 0.277832 
vt 0.977051 0.277832 
vt 0.977051 0.321777 
vt 0.972656 0.321777 
vt 0.978516 0.453613 
vt 0.980957 0.553955 
vt 0.978516 0.553955 
vt 0.980957 0.553955 
vt 0.978516 0.453613 
vt 0.980957 0.453613 
vt 0.961426 0.775269 
vt 0.958496 0.674805 
vt 0.960938 0.674805 
vt 0.456299 0.843384 
vt 0.384277 0.828369 
vt 0.456055 0.826538 
vt 0.385986 0.70459 
vt 0.453369 0.718506 
vt 0.385742 0.721436 
vt 0.453369 0.718506 
vt 0.385986 0.70459 
vt 0.453125 0.701904 
vt 0.384277 0.828369 
vt 0.456299 0.843384 
vt 0.384033 0.844971 
vt 0.384521 0.810913 
vt 0.456055 0.826538 
vt 0.384277 0.828369 
vt 0.456055 0.826538 
vt 0.384521 0.810913 
vt 0.455566 0.80896 
vt 0.385742 0.721436 
vt 0.453857 0.736084 
vt 0.385498 0.73877 
vt 0.453857 0.736084 
vt 0.385742 0.721436 
vt 0.453369 0.718506 
vt 0.384766 0.792236 
vt 0.455566 0.80896 
vt 0.384521 0.810913 
vt 0.455566 0.80896 
vt 0.384766 0.792236 
vt 0.455078 0.790039 
vt 0.385498 0.73877 
vt 0.454346 0.755005 
vt 0.385254 0.757446 
vt 0.454346 0.755005 
vt 0.385498 0.73877 
vt 0.453857 0.736084 
vt 0.38501 0.77478 
vt 0.455078 0.790039 
vt 0.384766 0.792236 
vt 0.455078 0.790039 
vt 0.38501 0.77478 
vt 0.454834 0.772461 
vt 0.385254 0.757446 
vt 0.454834 0.772461 
vt 0.38501 0.77478 
vt 0.454834 0.772461 
vt 0.385254 0.757446 
vt 0.454346 0.755005 
vt 0.906738 0.178711 
vt 0.942871 0.173828 
vt 0.922852 0.191406 
vt 0.907227 0.191406 
vt 0.906738 0.178711 
vt 0.922852 0.191406 
vt 0.958496 0.674805 
vt 0.961426 0.775269 
vt 0.958008 0.775146 
vt 0.942871 0.173828 
vt 0.944824 0.186523 
vt 0.922852 0.191406 
vt 0.927734 0.331543 
vt 0.901367 0.34375 
vt 0.902832 0.330566 
vt 0.943359 0.348633 
vt 0.927734 0.331543 
vt 0.945801 0.335449 
vt 0.943359 0.348633 
vt 0.901367 0.34375 
vt 0.927734 0.331543 
vt 0.905762 0.212891 
vt 0.921875 0.213379 
vt 0.922363 0.22998 
vt 0.907227 0.191406 
vt 0.922852 0.191406 
vt 0.921875 0.213379 
vt 0.905762 0.212891 
vt 0.907227 0.191406 
vt 0.921875 0.213379 
vt 0.904785 0.22998 
vt 0.905762 0.212891 
vt 0.922363 0.22998 
vt 0.925293 0.30957 
vt 0.90332 0.293457 
vt 0.924316 0.292969 
vt 0.90332 0.293457 
vt 0.925293 0.30957 
vt 0.90332 0.310059 
vt 0.904785 0.22998 
vt 0.922363 0.22998 
vt 0.922852 0.248047 
vt 0.904297 0.248047 
vt 0.904785 0.22998 
vt 0.922852 0.248047 
vt 0.904297 0.248047 
vt 0.922852 0.248047 
vt 0.922852 0.26123 
vt 0.903809 0.261719 
vt 0.904297 0.248047 
vt 0.922852 0.26123 
vt 0.927734 0.331543 
vt 0.90332 0.310059 
vt 0.925293 0.30957 
vt 0.90332 0.310059 
vt 0.927734 0.331543 
vt 0.902832 0.330566 
vt 0.923828 0.274902 
vt 0.903809 0.261719 
vt 0.922852 0.26123 
vt 0.903809 0.261719 
vt 0.923828 0.274902 
vt 0.903809 0.275391 
vt 0.924316 0.292969 
vt 0.903809 0.275391 
vt 0.923828 0.274902 
vt 0.903809 0.275391 
vt 0.924316 0.292969 
vt 0.90332 0.293457 
vt 0.981445 0.674561 
vt 0.983887 0.776001 
vt 0.980957 0.776001 
vt 0.947266 0.212402 
vt 0.930664 0.229492 
vt 0.930176 0.212891 
vt 0.930664 0.229492 
vt 0.947266 0.212402 
vt 0.947266 0.229004 
vt 0.946289 0.195801 
vt 0.930176 0.212891 
vt 0.930176 0.197754 
vt 0.930176 0.212891 
vt 0.946289 0.195801 
vt 0.947266 0.212402 
vt 0.947266 0.24707 
vt 0.931152 0.260742 
vt 0.931152 0.247559 
vt 0.932617 0.29248 
vt 0.947754 0.29248 
vt 0.933594 0.309082 
vt 0.933594 0.309082 
vt 0.947754 0.29248 
vt 0.947754 0.309082 
vt 0.947266 0.229004 
vt 0.931152 0.247559 
vt 0.930664 0.229492 
vt 0.931152 0.247559 
vt 0.947266 0.229004 
vt 0.947266 0.24707 
vt 0.931152 0.260742 
vt 0.947266 0.24707 
vt 0.947754 0.260742 
vt 0.931152 0.260742 
vt 0.947754 0.260742 
vt 0.932129 0.274414 
vt 0.932129 0.274414 
vt 0.947754 0.260742 
vt 0.947754 0.273926 
vt 0.932129 0.274414 
vt 0.947754 0.273926 
vt 0.932617 0.29248 
vt 0.932617 0.29248 
vt 0.947754 0.273926 
vt 0.947754 0.29248 
vt 0.947266 0.326172 
vt 0.933594 0.309082 
vt 0.947754 0.309082 
vt 0.933594 0.309082 
vt 0.947266 0.326172 
vt 0.93457 0.324707 
vt 0.983887 0.776001 
vt 0.981445 0.674561 
vt 0.983887 0.674561 
vt 0.96582 0.664795 
vt 0.965332 0.565186 
vt 0.967773 0.565186 
vt 0.965332 0.565186 
vt 0.96582 0.664795 
vt 0.963379 0.664795 
vt 0.983398 0.564697 
vt 0.983398 0.665039 
vt 0.980469 0.665039 
vt 0.980469 0.665039 
vt 0.980469 0.564697 
vt 0.983398 0.564697 
vt 0.954102 0.781982 
vt 0.955566 0.881958 
vt 0.953125 0.881897 
vt 0.955566 0.881958 
vt 0.954102 0.781982 
vt 0.956543 0.782104 
vt 0.718262 0.58252 
vt 0.717773 0.571045 
vt 0.73584 0.581543 
vt 0.73584 0.569336 
vt 0.753418 0.57959 
vt 0.699219 0.582764 
vt 0.717773 0.571045 
vt 0.718262 0.58252 
vt 0.717773 0.571045 
vt 0.699219 0.582764 
vt 0.69873 0.571533 
vt 0.681152 0.582275 
vt 0.69873 0.571533 
vt 0.699219 0.582764 
vt 0.753418 0.57959 
vt 0.73584 0.569336 
vt 0.75293 0.56665 
vt 0.69873 0.571533 
vt 0.681152 0.582275 
vt 0.680664 0.571533 
vt 0.758789 0.564941 
vt 0.753418 0.57959 
vt 0.75293 0.56665 
vt 0.681152 0.582275 
vt 0.663086 0.581055 
vt 0.680664 0.571533 
vt 0.753418 0.57959 
vt 0.758789 0.564941 
vt 0.768066 0.57666 
vt 0.663086 0.570068 
vt 0.680664 0.571533 
vt 0.663086 0.581055 
vt 0.763184 0.562988 
vt 0.768066 0.57666 
vt 0.758789 0.564941 
vt 0.663086 0.581055 
vt 0.644043 0.579102 
vt 0.663086 0.570068 
vt 0.768066 0.57666 
vt 0.763184 0.562988 
vt 0.773926 0.574463 
vt 0.643555 0.567627 
vt 0.663086 0.570068 
vt 0.644043 0.579102 
vt 0.766113 0.561035 
vt 0.773926 0.574463 
vt 0.763184 0.562988 
vt 0.644043 0.579102 
vt 0.625488 0.576904 
vt 0.643555 0.567627 
vt 0.773926 0.574463 
vt 0.766113 0.561035 
vt 0.778809 0.571533 
vt 0.625 0.564209 
vt 0.643555 0.567627 
vt 0.625488 0.576904 
vt 0.769531 0.557617 
vt 0.778809 0.571533 
vt 0.766113 0.561035 
vt 0.625488 0.576904 
vt 0.606934 0.573975 
vt 0.625 0.564209 
vt 0.778809 0.571533 
vt 0.769531 0.557617 
vt 0.782227 0.568115 
vt 0.606934 0.560059 
vt 0.625 0.564209 
vt 0.606934 0.573975 
vt 0.785156 0.563721 
vt 0.782227 0.568115 
vt 0.769531 0.557617 
vt 0.772461 0.553467 
vt 0.786621 0.555664 
vt 0.773926 0.548584 
vt 0.606934 0.573975 
vt 0.600098 0.557617 
vt 0.606934 0.560059 
vt 0.600098 0.557617 
vt 0.606934 0.573975 
vt 0.589844 0.56958 
vt 0.589844 0.56958 
vt 0.594727 0.554688 
vt 0.600098 0.557617 
vt 0.594727 0.554688 
vt 0.589844 0.56958 
vt 0.583008 0.566162 
vt 0.76709 0.259277 
vt 0.786621 0.555664 
vt 0.773926 0.548584 
vt 0.583008 0.566162 
vt 0.59082 0.552002 
vt 0.594727 0.554688 
vt 0.776367 0.177246 
vt 0.786621 0.555664 
vt 0.76709 0.259277 
vt 0.59082 0.552002 
vt 0.583008 0.566162 
vt 0.577637 0.5625 
vt 0.580078 0.254395 
vt 0.776367 0.177246 
vt 0.76709 0.259277 
vt 0.577637 0.5625 
vt 0.586914 0.54834 
vt 0.59082 0.552002 
vt 0.776367 0.177246 
vt 0.580078 0.254395 
vt 0.568848 0.169922 
vt 0.586914 0.54834 
vt 0.577637 0.5625 
vt 0.57373 0.558105 
vt 0.568848 0.544922 
vt 0.568848 0.169922 
vt 0.580078 0.254395 
vt 0.570801 0.553223 
vt 0.586914 0.54834 
vt 0.57373 0.558105 
vt 0.568848 0.544922 
vt 0.583984 0.543701 
vt 0.582031 0.538574 
vt 0.568848 0.544922 
vt 0.580078 0.254395 
vt 0.582031 0.538574 
vt 0.586914 0.54834 
vt 0.570801 0.553223 
vt 0.583984 0.543701 
vt 0.919434 0.96701 
vt 0.880859 0.97316 
vt 0.880859 0.966553 
vt 0.800781 0.972183 
vt 0.748047 0.963989 
vt 0.800781 0.963989 
vt 0.929199 0.940399 
vt 0.808105 0.935974 
vt 0.929199 0.935974 
vt 0.929199 0.940399 
vt 0.808105 0.941315 
vt 0.808105 0.935974 
vt 0.800781 0.972183 
vt 0.880859 0.966553 
vt 0.880859 0.97316 
vt 0.880859 0.966553 
vt 0.800781 0.972183 
vt 0.800781 0.963989 
vt 0.748047 0.963989 
vt 0.800781 0.972183 
vt 0.739258 0.973251 
vt 0.929199 0.940399 
vt 0.808105 0.935974 
vt 0.929199 0.935974 
vt 0.929199 0.940399 
vt 0.808105 0.941315 
vt 0.808105 0.935974 
vt 0.972168 0.333008 
vt 0.97168 0.380371 
vt 0.963379 0.342285 
vt 0.966309 0.436523 
vt 0.97168 0.380371 
vt 0.973145 0.441895 
vt 0.808105 0.941315 
vt 0.739258 0.936951 
vt 0.808105 0.935974 
vt 0.808105 0.941315 
vt 0.73877 0.941559 
vt 0.739258 0.936951 
vt 0.808105 0.941315 
vt 0.739258 0.936951 
vt 0.808105 0.935974 
vt 0.808105 0.941315 
vt 0.73877 0.941559 
vt 0.739258 0.936951 
vt 0.929199 0.935974 
vt 0.808105 0.935974 
vt 0.922363 0.93042 
vt 0.97168 0.380371 
vt 0.966309 0.436523 
vt 0.963379 0.380371 
vt 0.953613 0.890381 
vt 0.953125 0.990616 
vt 0.950684 0.890259 
vt 0.881348 0.977707 
vt 0.929199 0.973053 
vt 0.929199 0.977631 
vt 0.929199 0.973053 
vt 0.881348 0.977707 
vt 0.880859 0.97316 
vt 0.929199 0.973053 
vt 0.880859 0.97316 
vt 0.919434 0.96701 
vt 0.881348 0.977707 
vt 0.929199 0.973053 
vt 0.929199 0.977631 
vt 0.929199 0.973053 
vt 0.881348 0.977707 
vt 0.880859 0.97316 
vt 0.963379 0.342285 
vt 0.97168 0.380371 
vt 0.963379 0.380371 
vt 0.963867 0.314941 
vt 0.973145 0.277832 
vt 0.972656 0.321777 
vt 0.973145 0.277832 
vt 0.963867 0.314941 
vt 0.96582 0.277832 
vt 0.96582 0.277832 
vt 0.964844 0.221191 
vt 0.973145 0.277832 
vt 0.972168 0.211914 
vt 0.973145 0.277832 
vt 0.964844 0.221191 
vt 0.959473 0.565186 
vt 0.956543 0.664795 
vt 0.953125 0.565186 
vt 0.956543 0.664795 
vt 0.959473 0.565186 
vt 0.959473 0.664795 
vt 0.960449 0.782104 
vt 0.96582 0.881897 
vt 0.960449 0.881958 
vt 0.96582 0.881897 
vt 0.960449 0.782104 
vt 0.963867 0.781982 
vt 0.953613 0.890381 
vt 0.956055 0.990631 
vt 0.953125 0.990616 
vt 0.746582 0.928345 
vt 0.808105 0.935974 
vt 0.739258 0.936951 
vt 0.809082 0.928345 
vt 0.922363 0.93042 
vt 0.808105 0.935974 
vt 0.808105 0.935974 
vt 0.746582 0.928345 
vt 0.809082 0.928345 
vt 0.961426 0.775269 
vt 0.96582 0.674805 
vt 0.969238 0.775146 
vt 0.96582 0.674805 
vt 0.961426 0.775269 
vt 0.960938 0.674805 
vt 0.960938 0.45459 
vt 0.963867 0.554688 
vt 0.960449 0.554932 
vt 0.960449 0.990746 
vt 0.960449 0.890442 
vt 0.96582 0.990608 
vt 0.96582 0.990608 
vt 0.960449 0.890442 
vt 0.96875 0.890259 
vt 0.981934 0.882202 
vt 0.986328 0.781738 
vt 0.986328 0.882202 
vt 0.986328 0.781738 
vt 0.981934 0.882202 
vt 0.981934 0.781738 
vt 0.98291 0.891785 
vt 0.977539 0.992142 
vt 0.974609 0.891663 
vt 0.977539 0.992142 
vt 0.98291 0.891785 
vt 0.98291 0.992207 
vt 0.960938 0.45459 
vt 0.960449 0.554932 
vt 0.957031 0.45459 
vt 0.957031 0.45459 
vt 0.960449 0.554932 
vt 0.952637 0.554688 
vt 0.983398 0.564697 
vt 0.991699 0.665039 
vt 0.983398 0.665039 
vt 0.991699 0.665039 
vt 0.983398 0.564697 
vt 0.991699 0.564697 
vt 0.983887 0.776001 
vt 0.983887 0.674561 
vt 0.98877 0.775879 
vt 0.98877 0.775879 
vt 0.983887 0.674561 
vt 0.98877 0.674561 
vt 0.985352 0.553955 
vt 0.985352 0.453613 
vt 0.990234 0.553955 
vt 0.990234 0.553955 
vt 0.985352 0.453613 
vt 0.989746 0.453613 
vt 0.80127 0.978073 
vt 0.880859 0.97316 
vt 0.881348 0.977707 
vt 0.880859 0.97316 
vt 0.80127 0.978073 
vt 0.800781 0.972183 
vt 0.80127 0.978073 
vt 0.880859 0.97316 
vt 0.881348 0.977707 
vt 0.880859 0.97316 
vt 0.80127 0.978073 
vt 0.800781 0.972183 
vt 0.74707 0.950104 
vt 0.808105 0.941315 
vt 0.808594 0.948944 
vt 0.739258 0.977692 
vt 0.800781 0.972183 
vt 0.80127 0.978073 
vt 0.800781 0.972183 
vt 0.739258 0.977692 
vt 0.739258 0.973251 
vt 0.739258 0.977692 
vt 0.800781 0.972183 
vt 0.80127 0.978073 
vt 0.800781 0.972183 
vt 0.739258 0.977692 
vt 0.739258 0.973251 
vt 0.977051 0.380371 
vt 0.985352 0.342285 
vt 0.985352 0.380371 
vt 0.808105 0.941315 
vt 0.74707 0.950104 
vt 0.73877 0.941559 
vt 0.808105 0.941315 
vt 0.921875 0.946075 
vt 0.808594 0.948944 
vt 0.984375 0.436035 
vt 0.977051 0.380371 
vt 0.985352 0.380371 
vt 0.977051 0.277832 
vt 0.976562 0.211914 
vt 0.983887 0.220703 
vt 0.748047 0.9869 
vt 0.80127 0.978073 
vt 0.80127 0.986198 
vt 0.977051 0.277832 
vt 0.986328 0.31543 
vt 0.977051 0.321777 
vt 0.80127 0.978073 
vt 0.748047 0.9869 
vt 0.739258 0.977692 
vt 0.881348 0.977707 
vt 0.929199 0.977631 
vt 0.919922 0.983673 
vt 0.808105 0.941315 
vt 0.929199 0.940399 
vt 0.921875 0.946075 
vt 0.881348 0.98436 
vt 0.80127 0.978073 
vt 0.881348 0.977707 
vt 0.881348 0.98436 
vt 0.80127 0.986198 
vt 0.80127 0.978073 
vt 0.983887 0.220703 
vt 0.984863 0.277832 
vt 0.977051 0.277832 
vt 0.956055 0.990631 
vt 0.957031 0.890381 
vt 0.958008 0.990639 
vt 0.957031 0.890381 
vt 0.956055 0.990631 
vt 0.953613 0.890381 
vt 0.977539 0.781738 
vt 0.979492 0.882202 
vt 0.977539 0.882202 
vt 0.979492 0.882202 
vt 0.977539 0.781738 
vt 0.979492 0.781738 
vt 0.98584 0.891724 
vt 0.98877 0.992157 
vt 0.986328 0.99218 
vt 0.98877 0.992157 
vt 0.98584 0.891724 
vt 0.989258 0.891724 
vt 0.977051 0.380371 
vt 0.984375 0.436035 
vt 0.977539 0.441895 
vt 0.986328 0.31543 
vt 0.977051 0.277832 
vt 0.984863 0.277832 
vt 0.980957 0.553955 
vt 0.98291 0.453613 
vt 0.98291 0.553955 
vt 0.98291 0.453613 
vt 0.980957 0.553955 
vt 0.980957 0.453613 
vt 0.963867 0.554688 
vt 0.964844 0.45459 
vt 0.967285 0.554688 
vt 0.964844 0.45459 
vt 0.963867 0.554688 
vt 0.963379 0.45459 
vt 0.977051 0.665039 
vt 0.980469 0.564697 
vt 0.980469 0.665039 
vt 0.980469 0.564697 
vt 0.977051 0.665039 
vt 0.977051 0.564697 
vt 0.981445 0.674561 
vt 0.979004 0.776001 
vt 0.979492 0.674561 
vt 0.979004 0.776001 
vt 0.981445 0.674561 
vt 0.980957 0.776001 
vt 0.956543 0.674805 
vt 0.958008 0.775146 
vt 0.95459 0.775146 
vt 0.958008 0.775146 
vt 0.956543 0.674805 
vt 0.958496 0.674805 
vt 0.963379 0.664795 
vt 0.962402 0.565186 
vt 0.965332 0.565186 
vt 0.962402 0.565186 
vt 0.963379 0.664795 
vt 0.961914 0.664795 
vt 0.956543 0.782104 
vt 0.95752 0.881958 
vt 0.955566 0.881958 
vt 0.95752 0.881958 
vt 0.956543 0.782104 
vt 0.958008 0.782104 
vt 0.977051 0.380371 
vt 0.976562 0.333008 
vt 0.985352 0.342285 
vt 0.963867 0.554688 
vt 0.960938 0.45459 
vt 0.963379 0.45459 
vt 0.919922 0.983673 
vt 0.881348 0.98436 
vt 0.881348 0.977707 
vt 0.98291 0.891785 
vt 0.986328 0.99218 
vt 0.98291 0.992207 
vt 0.980957 0.553955 
vt 0.978516 0.453613 
vt 0.980957 0.453613 
vt 0.965332 0.565186 
vt 0.96582 0.664795 
vt 0.963379 0.664795 
vt 0.986328 0.99218 
vt 0.98291 0.891785 
vt 0.98584 0.891724 
vt 0.978516 0.453613 
vt 0.980957 0.553955 
vt 0.978516 0.553955 
vt 0.731934 0.269531 
vt 0.739746 0.272949 
vt 0.735352 0.274902 
vt 0.626953 0.27002 
vt 0.624023 0.275391 
vt 0.619141 0.272949 
vt 0.98877 0.992157 
vt 0.989258 0.891724 
vt 0.992676 0.891663 
vt 0.739258 0.307129 
vt 0.731445 0.310547 
vt 0.734375 0.305176 
vt 0.961426 0.775269 
vt 0.958496 0.674805 
vt 0.960938 0.674805 
vt 0.623047 0.305176 
vt 0.626465 0.310547 
vt 0.618652 0.307129 
vt 0.975098 0.781738 
vt 0.977539 0.882202 
vt 0.975098 0.882202 
vt 0.977539 0.882202 
vt 0.975098 0.781738 
vt 0.977539 0.781738 
vt 0.624023 0.275391 
vt 0.626953 0.27002 
vt 0.629395 0.274902 
vt 0.72998 0.274414 
vt 0.731934 0.269531 
vt 0.735352 0.274902 
vt 0.646973 0.269043 
vt 0.629395 0.274902 
vt 0.626953 0.27002 
vt 0.712402 0.269043 
vt 0.731934 0.269531 
vt 0.72998 0.274414 
vt 0.729004 0.305664 
vt 0.734375 0.305176 
vt 0.731445 0.310547 
vt 0.626465 0.310547 
vt 0.623047 0.305176 
vt 0.628418 0.305664 
vt 0.628418 0.305664 
vt 0.645996 0.311035 
vt 0.626465 0.310547 
vt 0.711426 0.311035 
vt 0.729004 0.305664 
vt 0.731445 0.310547 
vt 0.629395 0.274902 
vt 0.646973 0.269043 
vt 0.646973 0.274414 
vt 0.679688 0.269043 
vt 0.646973 0.274414 
vt 0.646973 0.269043 
vt 0.646973 0.274414 
vt 0.679688 0.269043 
vt 0.679688 0.274414 
vt 0.712402 0.274414 
vt 0.679688 0.274414 
vt 0.679688 0.269043 
vt 0.679688 0.269043 
vt 0.712402 0.269043 
vt 0.712402 0.274414 
vt 0.72998 0.274414 
vt 0.712402 0.274414 
vt 0.712402 0.269043 
vt 0.983887 0.776001 
vt 0.981445 0.674561 
vt 0.983887 0.674561 
vt 0.645996 0.311035 
vt 0.628418 0.305664 
vt 0.646484 0.305664 
vt 0.646484 0.305664 
vt 0.678711 0.311035 
vt 0.645996 0.311035 
vt 0.678711 0.311035 
vt 0.711426 0.306152 
vt 0.711426 0.311035 
vt 0.711426 0.306152 
vt 0.729004 0.305664 
vt 0.711426 0.311035 
vt 0.678711 0.311035 
vt 0.646484 0.305664 
vt 0.678711 0.306152 
vt 0.678711 0.306152 
vt 0.711426 0.306152 
vt 0.678711 0.311035 
vt 0.958008 0.990639 
vt 0.957031 0.890381 
vt 0.960449 0.890442 
vt 0.739258 0.29834 
vt 0.734375 0.300293 
vt 0.731445 0.294922 
vt 0.964844 0.45459 
vt 0.970215 0.554688 
vt 0.967285 0.554688 
vt 0.618652 0.297852 
vt 0.626465 0.294922 
vt 0.623047 0.300293 
vt 0.739746 0.281738 
vt 0.731934 0.285156 
vt 0.735352 0.279785 
vt 0.626953 0.285156 
vt 0.619141 0.281738 
vt 0.624023 0.279785 
vt 0.979492 0.882202 
vt 0.979492 0.781738 
vt 0.981934 0.781738 
vt 0.979492 0.882202 
vt 0.981934 0.781738 
vt 0.981934 0.882202 
vt 0.742188 0.274902 
vt 0.73584 0.275879 
vt 0.739746 0.272949 
vt 0.619141 0.272949 
vt 0.623535 0.276367 
vt 0.616699 0.275391 
vt 0.734863 0.304199 
vt 0.741699 0.305176 
vt 0.739258 0.307129 
vt 0.955566 0.881958 
vt 0.954102 0.781982 
vt 0.956543 0.782104 
vt 0.734375 0.300293 
vt 0.729004 0.299805 
vt 0.731445 0.294922 
vt 0.628418 0.299805 
vt 0.623047 0.300293 
vt 0.626465 0.294922 
vt 0.739746 0.272949 
vt 0.73584 0.275879 
vt 0.735352 0.274902 
vt 0.729004 0.299805 
vt 0.711426 0.294434 
vt 0.731445 0.294922 
vt 0.645996 0.294434 
vt 0.628418 0.299805 
vt 0.626465 0.294922 
vt 0.622559 0.304199 
vt 0.618652 0.307129 
vt 0.616211 0.304688 
vt 0.735352 0.279785 
vt 0.731934 0.285156 
vt 0.72998 0.280273 
vt 0.629395 0.280273 
vt 0.626953 0.285156 
vt 0.624023 0.279785 
vt 0.712402 0.285645 
vt 0.72998 0.280273 
vt 0.731934 0.285156 
vt 0.646973 0.285645 
vt 0.626953 0.285156 
vt 0.629395 0.280273 
vt 0.711426 0.294434 
vt 0.729004 0.299805 
vt 0.711426 0.299805 
vt 0.623535 0.276367 
vt 0.619141 0.272949 
vt 0.624023 0.275391 
vt 0.711426 0.299805 
vt 0.678711 0.294434 
vt 0.711426 0.294434 
vt 0.678711 0.294434 
vt 0.711426 0.299805 
vt 0.678711 0.299316 
vt 0.678711 0.299316 
vt 0.646484 0.299316 
vt 0.678711 0.294434 
vt 0.678711 0.294434 
vt 0.646484 0.299316 
vt 0.645996 0.294434 
vt 0.646484 0.299316 
vt 0.628418 0.299805 
vt 0.645996 0.294434 
vt 0.739258 0.307129 
vt 0.734375 0.305176 
vt 0.734863 0.304199 
vt 0.981445 0.674561 
vt 0.983887 0.776001 
vt 0.980957 0.776001 
vt 0.958496 0.674805 
vt 0.961426 0.775269 
vt 0.958008 0.775146 
vt 0.72998 0.280273 
vt 0.712402 0.285645 
vt 0.712402 0.280273 
vt 0.629395 0.280273 
vt 0.646973 0.280762 
vt 0.646973 0.285645 
vt 0.98877 0.992157 
vt 0.992676 0.891663 
vt 0.990723 0.992157 
vt 0.679688 0.285645 
vt 0.712402 0.280273 
vt 0.712402 0.285645 
vt 0.712402 0.280273 
vt 0.679688 0.285645 
vt 0.679688 0.280762 
vt 0.646973 0.280762 
vt 0.679688 0.280762 
vt 0.679688 0.285645 
vt 0.679688 0.285645 
vt 0.646973 0.285645 
vt 0.646973 0.280762 
vt 0.618652 0.307129 
vt 0.622559 0.304199 
vt 0.623047 0.305176 
vt 0.973633 0.665039 
vt 0.977051 0.564697 
vt 0.977051 0.665039 
vt 0.977051 0.564697 
vt 0.973633 0.665039 
vt 0.973633 0.564697 
vt 0.954102 0.781982 
vt 0.955566 0.881958 
vt 0.953125 0.881897 
vt 0.960449 0.890442 
vt 0.960449 0.990746 
vt 0.958008 0.990639 
vt 0.734863 0.301758 
vt 0.739258 0.29834 
vt 0.741699 0.300781 
vt 0.739258 0.29834 
vt 0.734863 0.301758 
vt 0.734375 0.300293 
vt 0.96582 0.664795 
vt 0.965332 0.565186 
vt 0.967773 0.565186 
vt 0.618652 0.297852 
vt 0.622559 0.30127 
vt 0.616211 0.300293 
vt 0.970215 0.554688 
vt 0.964844 0.45459 
vt 0.967285 0.45459 
vt 0.739746 0.281738 
vt 0.73584 0.278809 
vt 0.742188 0.279297 
vt 0.622559 0.30127 
vt 0.618652 0.297852 
vt 0.623047 0.300293 
vt 0.73584 0.278809 
vt 0.739746 0.281738 
vt 0.735352 0.279785 
vt 0.623535 0.278809 
vt 0.619141 0.281738 
vt 0.616699 0.279785 
vt 0.619141 0.281738 
vt 0.623535 0.278809 
vt 0.624023 0.279785 
vt 0.95752 0.881958 
vt 0.960449 0.782104 
vt 0.960449 0.881958 
vt 0.963867 0.554688 
vt 0.960938 0.45459 
vt 0.963379 0.45459 
vt 0.983398 0.564697 
vt 0.983398 0.665039 
vt 0.980469 0.665039 
vt 0.980469 0.665039 
vt 0.980469 0.564697 
vt 0.983398 0.564697 
vt 0.961914 0.664795 
vt 0.959473 0.565186 
vt 0.962402 0.565186 
vt 0.953613 0.890381 
vt 0.956055 0.990631 
vt 0.953125 0.990616 
vt 0.979492 0.674561 
vt 0.976562 0.775879 
vt 0.976562 0.674561 
vt 0.95459 0.674805 
vt 0.95459 0.775146 
vt 0.95166 0.775146 
vt 0.953613 0.890381 
vt 0.953125 0.990616 
vt 0.950684 0.890259 
vt 0.95752 0.881958 
vt 0.958008 0.782104 
vt 0.960449 0.782104 
vt 0.977539 0.781738 
vt 0.975098 0.882202 
vt 0.975098 0.781738 
vt 0.977539 0.781738 
vt 0.977539 0.882202 
vt 0.975098 0.882202 
vt 0.73584 0.277344 
vt 0.742188 0.274902 
vt 0.743164 0.277344 
vt 0.945801 0.335449 
vt 0.93457 0.324707 
vt 0.947266 0.326172 
vt 0.93457 0.324707 
vt 0.945801 0.335449 
vt 0.927734 0.331543 
vt 0.960938 0.45459 
vt 0.963867 0.554688 
vt 0.960449 0.554932 
vt 0.742188 0.274902 
vt 0.73584 0.277344 
vt 0.73584 0.275879 
vt 0.616699 0.275391 
vt 0.623047 0.277344 
vt 0.616211 0.277344 
vt 0.986328 0.99218 
vt 0.98291 0.891785 
vt 0.98584 0.891724 
vt 0.959473 0.565186 
vt 0.961914 0.664795 
vt 0.959473 0.664795 
vt 0.679688 0.276367 
vt 0.646973 0.276367 
vt 0.679688 0.274414 
vt 0.679688 0.274414 
vt 0.711914 0.275879 
vt 0.679688 0.276367 
vt 0.735352 0.302734 
vt 0.742188 0.302734 
vt 0.741699 0.305176 
vt 0.735352 0.302734 
vt 0.741699 0.300781 
vt 0.742188 0.302734 
vt 0.623047 0.277344 
vt 0.616699 0.275391 
vt 0.623535 0.276367 
vt 0.646973 0.276367 
vt 0.629883 0.276367 
vt 0.646973 0.274414 
vt 0.712402 0.274414 
vt 0.729492 0.275879 
vt 0.711914 0.275879 
vt 0.646973 0.274414 
vt 0.679688 0.274414 
vt 0.646973 0.276367 
vt 0.711914 0.275879 
vt 0.679688 0.274414 
vt 0.712402 0.274414 
vt 0.741699 0.305176 
vt 0.734863 0.304199 
vt 0.735352 0.302734 
vt 0.741699 0.300781 
vt 0.735352 0.302734 
vt 0.734863 0.301758 
vt 0.922852 0.191406 
vt 0.944824 0.186523 
vt 0.930176 0.197754 
vt 0.98877 0.992157 
vt 0.992676 0.891663 
vt 0.990723 0.992157 
vt 0.622559 0.302734 
vt 0.616211 0.304688 
vt 0.615234 0.302734 
vt 0.930176 0.197754 
vt 0.944824 0.186523 
vt 0.946289 0.195801 
vt 0.616211 0.300293 
vt 0.622559 0.302734 
vt 0.615234 0.302734 
vt 0.616211 0.304688 
vt 0.622559 0.302734 
vt 0.622559 0.304199 
vt 0.622559 0.302734 
vt 0.616211 0.300293 
vt 0.622559 0.30127 
vt 0.742188 0.279297 
vt 0.73584 0.277344 
vt 0.743164 0.277344 
vt 0.646484 0.304199 
vt 0.678711 0.304199 
vt 0.678711 0.306152 
vt 0.711426 0.304199 
vt 0.678711 0.306152 
vt 0.678711 0.304199 
vt 0.72998 0.274414 
vt 0.735352 0.274902 
vt 0.729492 0.275879 
vt 0.629883 0.276367 
vt 0.624023 0.275391 
vt 0.629395 0.274902 
vt 0.73584 0.277344 
vt 0.742188 0.279297 
vt 0.73584 0.278809 
vt 0.979492 0.674561 
vt 0.979004 0.776001 
vt 0.976562 0.775879 
vt 0.628906 0.304199 
vt 0.646484 0.304199 
vt 0.646484 0.305664 
vt 0.728516 0.304199 
vt 0.711426 0.306152 
vt 0.711426 0.304199 
vt 0.646484 0.304199 
vt 0.678711 0.306152 
vt 0.646484 0.305664 
vt 0.678711 0.306152 
vt 0.711426 0.304199 
vt 0.711426 0.306152 
vt 0.729492 0.275879 
vt 0.712402 0.274414 
vt 0.72998 0.274414 
vt 0.616211 0.277344 
vt 0.623047 0.277344 
vt 0.616699 0.279785 
vt 0.629395 0.274902 
vt 0.646973 0.274414 
vt 0.629883 0.276367 
vt 0.623535 0.278809 
vt 0.616699 0.279785 
vt 0.623047 0.277344 
vt 0.98291 0.891785 
vt 0.986328 0.99218 
vt 0.98291 0.992207 
vt 0.98291 0.453613 
vt 0.985352 0.553955 
vt 0.98291 0.553955 
vt 0.623047 0.305176 
vt 0.628906 0.304199 
vt 0.628418 0.305664 
vt 0.728516 0.304199 
vt 0.734375 0.305176 
vt 0.729004 0.305664 
vt 0.678711 0.299316 
vt 0.711426 0.301758 
vt 0.678711 0.30127 
vt 0.646484 0.30127 
vt 0.678711 0.299316 
vt 0.678711 0.30127 
vt 0.628906 0.304199 
vt 0.646484 0.305664 
vt 0.628418 0.305664 
vt 0.711426 0.306152 
vt 0.728516 0.304199 
vt 0.729004 0.305664 
vt 0.979492 0.882202 
vt 0.979492 0.781738 
vt 0.981934 0.781738 
vt 0.979492 0.882202 
vt 0.981934 0.781738 
vt 0.981934 0.882202 
vt 0.711426 0.299805 
vt 0.728516 0.301758 
vt 0.711426 0.301758 
vt 0.628906 0.30127 
vt 0.646484 0.299316 
vt 0.646484 0.30127 
vt 0.711426 0.301758 
vt 0.678711 0.299316 
vt 0.711426 0.299805 
vt 0.678711 0.299316 
vt 0.646484 0.30127 
vt 0.646484 0.299316 
vt 0.985352 0.553955 
vt 0.98291 0.453613 
vt 0.985352 0.453613 
vt 0.95459 0.775146 
vt 0.95459 0.674805 
vt 0.956543 0.674805 
vt 0.734375 0.300293 
vt 0.728516 0.301758 
vt 0.729004 0.299805 
vt 0.623047 0.300293 
vt 0.628418 0.299805 
vt 0.628906 0.30127 
vt 0.679688 0.278809 
vt 0.711914 0.278809 
vt 0.679688 0.280762 
vt 0.679688 0.280762 
vt 0.646973 0.278809 
vt 0.679688 0.278809 
vt 0.711914 0.278809 
vt 0.729492 0.278809 
vt 0.712402 0.280273 
vt 0.646973 0.280762 
vt 0.629883 0.278809 
vt 0.646973 0.278809 
vt 0.728516 0.301758 
vt 0.711426 0.299805 
vt 0.729004 0.299805 
vt 0.646484 0.299316 
vt 0.628906 0.30127 
vt 0.628418 0.299805 
vt 0.712402 0.280273 
vt 0.679688 0.280762 
vt 0.711914 0.278809 
vt 0.646973 0.278809 
vt 0.679688 0.280762 
vt 0.646973 0.280762 
vt 0.729492 0.278809 
vt 0.735352 0.279785 
vt 0.72998 0.280273 
vt 0.629395 0.280273 
vt 0.624023 0.279785 
vt 0.629883 0.278809 
vt 0.919434 0.96701 
vt 0.880859 0.97316 
vt 0.880859 0.966553 
vt 0.748047 0.9869 
vt 0.800781 0.992058 
vt 0.748047 0.991356 
vt 0.748047 0.9869 
vt 0.80127 0.986198 
vt 0.800781 0.992058 
vt 0.748047 0.9869 
vt 0.800781 0.992058 
vt 0.748047 0.991356 
vt 0.748047 0.9869 
vt 0.80127 0.986198 
vt 0.800781 0.992058 
vt 0.72998 0.280273 
vt 0.712402 0.280273 
vt 0.729492 0.278809 
vt 0.629883 0.278809 
vt 0.646973 0.280762 
vt 0.629395 0.280273 
vt 0.800781 0.972183 
vt 0.748047 0.963989 
vt 0.800781 0.963989 
vt 0.800781 0.972183 
vt 0.880859 0.966553 
vt 0.880859 0.97316 
vt 0.880859 0.966553 
vt 0.800781 0.972183 
vt 0.800781 0.963989 
vt 0.972168 0.333008 
vt 0.97168 0.380371 
vt 0.963379 0.342285 
vt 0.748047 0.963989 
vt 0.800781 0.972183 
vt 0.739258 0.973251 
vt 0.741699 0.305176 
vt 0.734863 0.304199 
vt 0.735352 0.302734 
vt 0.966309 0.436523 
vt 0.97168 0.380371 
vt 0.973145 0.441895 
vt 0.929199 0.935974 
vt 0.808105 0.935974 
vt 0.922363 0.93042 
vt 0.80127 0.986198 
vt 0.881348 0.988953 
vt 0.800781 0.992058 
vt 0.80127 0.986198 
vt 0.881348 0.98436 
vt 0.881348 0.988953 
vt 0.80127 0.986198 
vt 0.881348 0.988953 
vt 0.800781 0.992058 
vt 0.80127 0.986198 
vt 0.881348 0.98436 
vt 0.881348 0.988953 
vt 0.929199 0.973053 
vt 0.880859 0.97316 
vt 0.919434 0.96701 
vt 0.970215 0.554688 
vt 0.964844 0.45459 
vt 0.967285 0.45459 
vt 0.97168 0.380371 
vt 0.966309 0.436523 
vt 0.963379 0.380371 
vt 0.963379 0.342285 
vt 0.97168 0.380371 
vt 0.963379 0.380371 
vt 0.963867 0.314941 
vt 0.973145 0.277832 
vt 0.972656 0.321777 
vt 0.973145 0.277832 
vt 0.963867 0.314941 
vt 0.96582 0.277832 
vt 0.96582 0.277832 
vt 0.964844 0.221191 
vt 0.973145 0.277832 
vt 0.972168 0.211914 
vt 0.973145 0.277832 
vt 0.964844 0.221191 
vt 0.959473 0.565186 
vt 0.956543 0.664795 
vt 0.953125 0.565186 
vt 0.956543 0.664795 
vt 0.959473 0.565186 
vt 0.959473 0.664795 
vt 0.960449 0.782104 
vt 0.96582 0.881897 
vt 0.960449 0.881958 
vt 0.96582 0.881897 
vt 0.960449 0.782104 
vt 0.963867 0.781982 
vt 0.809082 0.928345 
vt 0.922363 0.93042 
vt 0.808105 0.935974 
vt 0.746582 0.928345 
vt 0.808105 0.935974 
vt 0.739258 0.936951 
vt 0.808105 0.935974 
vt 0.746582 0.928345 
vt 0.809082 0.928345 
vt 0.960449 0.990746 
vt 0.960449 0.890442 
vt 0.96582 0.990608 
vt 0.96582 0.990608 
vt 0.960449 0.890442 
vt 0.96875 0.890259 
vt 0.981934 0.882202 
vt 0.986328 0.781738 
vt 0.986328 0.882202 
vt 0.986328 0.781738 
vt 0.981934 0.882202 
vt 0.981934 0.781738 
vt 0.98291 0.891785 
vt 0.977539 0.992142 
vt 0.974609 0.891663 
vt 0.977539 0.992142 
vt 0.98291 0.891785 
vt 0.98291 0.992207 
vt 0.960938 0.45459 
vt 0.960449 0.554932 
vt 0.957031 0.45459 
vt 0.957031 0.45459 
vt 0.960449 0.554932 
vt 0.952637 0.554688 
vt 0.983398 0.665039 
vt 0.983398 0.564697 
vt 0.991699 0.665039 
vt 0.991699 0.665039 
vt 0.983398 0.564697 
vt 0.991699 0.564697 
vt 0.983887 0.776001 
vt 0.983887 0.674561 
vt 0.98877 0.775879 
vt 0.98877 0.775879 
vt 0.983887 0.674561 
vt 0.98877 0.674561 
vt 0.961426 0.775269 
vt 0.96582 0.674805 
vt 0.969238 0.775146 
vt 0.96582 0.674805 
vt 0.961426 0.775269 
vt 0.960938 0.674805 
vt 0.616211 0.304688 
vt 0.622559 0.302734 
vt 0.622559 0.304199 
vt 0.985352 0.553955 
vt 0.985352 0.453613 
vt 0.990234 0.553955 
vt 0.990234 0.553955 
vt 0.985352 0.453613 
vt 0.989746 0.453613 
vt 0.742188 0.274902 
vt 0.73584 0.277344 
vt 0.73584 0.275879 
vt 0.958008 0.990639 
vt 0.960449 0.890442 
vt 0.960449 0.990746 
vt 0.735352 0.302734 
vt 0.742188 0.302734 
vt 0.741699 0.305176 
vt 0.881348 0.98436 
vt 0.919434 0.98819 
vt 0.881348 0.988953 
vt 0.881348 0.98436 
vt 0.919922 0.983673 
vt 0.919434 0.98819 
vt 0.881348 0.98436 
vt 0.919434 0.98819 
vt 0.881348 0.988953 
vt 0.881348 0.98436 
vt 0.919922 0.983673 
vt 0.919434 0.98819 
vt 0.808594 0.948944 
vt 0.74707 0.954742 
vt 0.74707 0.950104 
vt 0.74707 0.954742 
vt 0.808594 0.948944 
vt 0.809082 0.954254 
vt 0.98877 0.992157 
vt 0.989258 0.891724 
vt 0.992676 0.891663 
vt 0.808594 0.948944 
vt 0.74707 0.954742 
vt 0.74707 0.950104 
vt 0.74707 0.954742 
vt 0.808594 0.948944 
vt 0.809082 0.954254 
vt 0.73584 0.275879 
vt 0.729492 0.275879 
vt 0.735352 0.274902 
vt 0.624023 0.275391 
vt 0.629883 0.276367 
vt 0.623535 0.276367 
vt 0.739258 0.307129 
vt 0.734375 0.305176 
vt 0.734863 0.304199 
vt 0.74707 0.950104 
vt 0.808105 0.941315 
vt 0.808594 0.948944 
vt 0.739746 0.272949 
vt 0.73584 0.275879 
vt 0.735352 0.274902 
vt 0.921875 0.946075 
vt 0.809082 0.954254 
vt 0.808594 0.948944 
vt 0.809082 0.954254 
vt 0.921875 0.946075 
vt 0.922363 0.950531 
vt 0.921875 0.946075 
vt 0.809082 0.954254 
vt 0.808594 0.948944 
vt 0.809082 0.954254 
vt 0.921875 0.946075 
vt 0.922363 0.950531 
vt 0.977051 0.380371 
vt 0.985352 0.342285 
vt 0.985352 0.380371 
vt 0.808105 0.941315 
vt 0.74707 0.950104 
vt 0.73877 0.941559 
vt 0.808105 0.941315 
vt 0.921875 0.946075 
vt 0.808594 0.948944 
vt 0.623047 0.277344 
vt 0.616699 0.275391 
vt 0.623535 0.276367 
vt 0.748047 0.9869 
vt 0.80127 0.978073 
vt 0.80127 0.986198 
vt 0.984375 0.436035 
vt 0.977051 0.380371 
vt 0.985352 0.380371 
vt 0.977051 0.277832 
vt 0.976562 0.211914 
vt 0.983887 0.220703 
vt 0.622559 0.302734 
vt 0.616211 0.304688 
vt 0.615234 0.302734 
vt 0.73584 0.277344 
vt 0.742188 0.274902 
vt 0.743164 0.277344 
vt 0.977051 0.277832 
vt 0.986328 0.31543 
vt 0.977051 0.321777 
vt 0.618652 0.307129 
vt 0.622559 0.304199 
vt 0.623047 0.305176 
vt 0.80127 0.978073 
vt 0.748047 0.9869 
vt 0.739258 0.977692 
vt 0.73584 0.277344 
vt 0.742188 0.279297 
vt 0.73584 0.278809 
vt 0.623535 0.276367 
vt 0.619141 0.272949 
vt 0.624023 0.275391 
vt 0.881348 0.977707 
vt 0.929199 0.977631 
vt 0.919922 0.983673 
vt 0.808105 0.941315 
vt 0.929199 0.940399 
vt 0.921875 0.946075 
vt 0.741699 0.300781 
vt 0.735352 0.302734 
vt 0.734863 0.301758 
vt 0.881348 0.98436 
vt 0.80127 0.978073 
vt 0.881348 0.977707 
vt 0.881348 0.98436 
vt 0.80127 0.986198 
vt 0.80127 0.978073 
vt 0.983887 0.220703 
vt 0.984863 0.277832 
vt 0.977051 0.277832 
vt 0.986328 0.31543 
vt 0.977051 0.277832 
vt 0.984863 0.277832 
vt 0.980957 0.553955 
vt 0.98291 0.453613 
vt 0.98291 0.553955 
vt 0.98291 0.453613 
vt 0.980957 0.553955 
vt 0.980957 0.453613 
vt 0.616699 0.275391 
vt 0.623047 0.277344 
vt 0.616211 0.277344 
vt 0.977051 0.665039 
vt 0.980469 0.564697 
vt 0.980469 0.665039 
vt 0.980469 0.564697 
vt 0.977051 0.665039 
vt 0.977051 0.564697 
vt 0.981445 0.674561 
vt 0.979004 0.776001 
vt 0.979492 0.674561 
vt 0.979004 0.776001 
vt 0.981445 0.674561 
vt 0.980957 0.776001 
vt 0.957031 0.890381 
vt 0.956055 0.990631 
vt 0.953613 0.890381 
vt 0.956055 0.990631 
vt 0.957031 0.890381 
vt 0.958008 0.990639 
vt 0.98584 0.891724 
vt 0.98877 0.992157 
vt 0.986328 0.99218 
vt 0.98877 0.992157 
vt 0.98584 0.891724 
vt 0.989258 0.891724 
vt 0.977051 0.380371 
vt 0.984375 0.436035 
vt 0.977539 0.441895 
vt 0.977539 0.781738 
vt 0.979492 0.882202 
vt 0.977539 0.882202 
vt 0.979492 0.882202 
vt 0.977539 0.781738 
vt 0.979492 0.781738 
vt 0.963867 0.554688 
vt 0.964844 0.45459 
vt 0.967285 0.554688 
vt 0.964844 0.45459 
vt 0.963867 0.554688 
vt 0.963379 0.45459 
vt 0.956543 0.674805 
vt 0.958008 0.775146 
vt 0.95459 0.775146 
vt 0.958008 0.775146 
vt 0.956543 0.674805 
vt 0.958496 0.674805 
vt 0.623535 0.278809 
vt 0.616699 0.279785 
vt 0.623047 0.277344 
vt 0.963379 0.664795 
vt 0.962402 0.565186 
vt 0.965332 0.565186 
vt 0.962402 0.565186 
vt 0.963379 0.664795 
vt 0.961914 0.664795 
vt 0.956543 0.782104 
vt 0.95752 0.881958 
vt 0.955566 0.881958 
vt 0.622559 0.302734 
vt 0.616211 0.300293 
vt 0.622559 0.30127 
vt 0.95752 0.881958 
vt 0.956543 0.782104 
vt 0.958008 0.782104 
vt 0.977051 0.380371 
vt 0.976562 0.333008 
vt 0.985352 0.342285 
vt 0.734375 0.305176 
vt 0.728516 0.304199 
vt 0.734863 0.304199 
vt 0.628906 0.304199 
vt 0.623047 0.305176 
vt 0.622559 0.304199 
vt 0.919922 0.983673 
vt 0.881348 0.98436 
vt 0.881348 0.977707 
vt 0.735352 0.302734 
vt 0.741699 0.300781 
vt 0.742188 0.302734 
vt 0.742188 0.279297 
vt 0.73584 0.277344 
vt 0.743164 0.277344 
vt 0.728516 0.301758 
vt 0.734375 0.300293 
vt 0.734863 0.301758 
vt 0.623047 0.300293 
vt 0.628906 0.30127 
vt 0.622559 0.30127 
vt 0.964844 0.45459 
vt 0.970215 0.554688 
vt 0.967285 0.554688 
vt 0.616211 0.300293 
vt 0.622559 0.302734 
vt 0.615234 0.302734 
vt 0.616211 0.277344 
vt 0.623047 0.277344 
vt 0.616699 0.279785 
vt 0.958008 0.990639 
vt 0.957031 0.890381 
vt 0.960449 0.890442 
vt 0.718262 0.609131 
vt 0.727051 0.949646 
vt 0.619629 0.957184 
vt 0.718262 0.609131 
vt 0.619629 0.957184 
vt 0.511719 0.604492 
vt 0.619629 0.957184 
vt 0.511719 0.935913 
vt 0.511719 0.604492 
vt 0.739258 0.29834 
vt 0.734863 0.301758 
vt 0.734375 0.300293 
vt 0.95752 0.881958 
vt 0.958008 0.782104 
vt 0.960449 0.782104 
vt 0.731934 0.269531 
vt 0.739746 0.272949 
vt 0.735352 0.274902 
vt 0.735352 0.279785 
vt 0.729492 0.278809 
vt 0.73584 0.278809 
vt 0.626953 0.27002 
vt 0.624023 0.275391 
vt 0.619141 0.272949 
vt 0.73584 0.278809 
vt 0.739746 0.281738 
vt 0.735352 0.279785 
vt 0.623535 0.278809 
vt 0.629883 0.278809 
vt 0.624023 0.279785 
vt 0.622559 0.30127 
vt 0.618652 0.297852 
vt 0.623047 0.300293 
vt 0.742188 0.274902 
vt 0.73584 0.275879 
vt 0.739746 0.272949 
vt 0.739258 0.307129 
vt 0.731445 0.310547 
vt 0.734375 0.305176 
vt 0.623047 0.305176 
vt 0.626465 0.310547 
vt 0.618652 0.307129 
vt 0.734863 0.304199 
vt 0.741699 0.305176 
vt 0.739258 0.307129 
vt 0.619141 0.272949 
vt 0.623535 0.276367 
vt 0.616699 0.275391 
vt 0.619141 0.281738 
vt 0.623535 0.278809 
vt 0.624023 0.279785 
vt 0.622559 0.304199 
vt 0.618652 0.307129 
vt 0.616211 0.304688 
vt 0.95752 0.881958 
vt 0.960449 0.782104 
vt 0.960449 0.881958 
vt 0.72998 0.274414 
vt 0.731934 0.269531 
vt 0.735352 0.274902 
vt 0.624023 0.275391 
vt 0.626953 0.27002 
vt 0.629395 0.274902 
vt 0.646973 0.269043 
vt 0.629395 0.274902 
vt 0.626953 0.27002 
vt 0.712402 0.269043 
vt 0.731934 0.269531 
vt 0.72998 0.274414 
vt 0.973633 0.665039 
vt 0.977051 0.564697 
vt 0.977051 0.665039 
vt 0.977051 0.564697 
vt 0.973633 0.665039 
vt 0.973633 0.564697 
vt 0.626465 0.310547 
vt 0.623047 0.305176 
vt 0.628418 0.305664 
vt 0.729004 0.305664 
vt 0.734375 0.305176 
vt 0.731445 0.310547 
vt 0.629395 0.274902 
vt 0.646973 0.269043 
vt 0.646973 0.274414 
vt 0.679688 0.269043 
vt 0.646973 0.274414 
vt 0.646973 0.269043 
vt 0.646973 0.274414 
vt 0.679688 0.269043 
vt 0.679688 0.274414 
vt 0.712402 0.274414 
vt 0.679688 0.274414 
vt 0.679688 0.269043 
vt 0.679688 0.269043 
vt 0.712402 0.269043 
vt 0.712402 0.274414 
vt 0.72998 0.274414 
vt 0.712402 0.274414 
vt 0.712402 0.269043 
vt 0.711426 0.311035 
vt 0.729004 0.305664 
vt 0.731445 0.310547 
vt 0.628418 0.305664 
vt 0.645996 0.311035 
vt 0.626465 0.310547 
vt 0.645996 0.311035 
vt 0.628418 0.305664 
vt 0.646484 0.305664 
vt 0.646484 0.305664 
vt 0.678711 0.311035 
vt 0.645996 0.311035 
vt 0.678711 0.311035 
vt 0.646484 0.305664 
vt 0.678711 0.306152 
vt 0.678711 0.306152 
vt 0.711426 0.306152 
vt 0.678711 0.311035 
vt 0.678711 0.311035 
vt 0.711426 0.306152 
vt 0.711426 0.311035 
vt 0.711426 0.306152 
vt 0.729004 0.305664 
vt 0.711426 0.311035 
vt 0.729492 0.275879 
vt 0.73584 0.275879 
vt 0.729492 0.277344 
vt 0.629883 0.277344 
vt 0.623535 0.276367 
vt 0.629883 0.276367 
vt 0.734863 0.301758 
vt 0.739258 0.29834 
vt 0.741699 0.300781 
vt 0.959473 0.565186 
vt 0.961914 0.664795 
vt 0.959473 0.664795 
vt 0.734863 0.301758 
vt 0.729004 0.302734 
vt 0.728516 0.301758 
vt 0.628906 0.302734 
vt 0.622559 0.30127 
vt 0.628906 0.30127 
vt 0.618652 0.297852 
vt 0.622559 0.30127 
vt 0.616211 0.300293 
vt 0.739746 0.281738 
vt 0.73584 0.278809 
vt 0.742188 0.279297 
vt 0.679688 0.277344 
vt 0.646973 0.276367 
vt 0.679688 0.276367 
vt 0.679688 0.276367 
vt 0.711914 0.275879 
vt 0.679688 0.277344 
vt 0.729004 0.302734 
vt 0.734863 0.304199 
vt 0.728516 0.304199 
vt 0.961914 0.664795 
vt 0.959473 0.565186 
vt 0.962402 0.565186 
vt 0.979492 0.674561 
vt 0.979004 0.776001 
vt 0.976562 0.775879 
vt 0.622559 0.304199 
vt 0.628906 0.302734 
vt 0.628906 0.304199 
vt 0.646973 0.277344 
vt 0.629883 0.276367 
vt 0.646973 0.276367 
vt 0.711914 0.275879 
vt 0.729492 0.275879 
vt 0.711914 0.277344 
vt 0.73584 0.277344 
vt 0.729492 0.277344 
vt 0.73584 0.275879 
vt 0.739258 0.29834 
vt 0.734375 0.300293 
vt 0.731445 0.294922 
vt 0.618652 0.297852 
vt 0.626465 0.294922 
vt 0.623047 0.300293 
vt 0.623535 0.278809 
vt 0.619141 0.281738 
vt 0.616699 0.279785 
vt 0.623535 0.276367 
vt 0.629883 0.277344 
vt 0.623047 0.277344 
vt 0.646973 0.276367 
vt 0.679688 0.277344 
vt 0.646973 0.277344 
vt 0.711914 0.277344 
vt 0.679688 0.277344 
vt 0.711914 0.275879 
vt 0.729004 0.302734 
vt 0.734863 0.301758 
vt 0.735352 0.302734 
vt 0.622559 0.30127 
vt 0.628906 0.302734 
vt 0.622559 0.302734 
vt 0.646484 0.30127 
vt 0.678711 0.30127 
vt 0.678711 0.302734 
vt 0.711426 0.301758 
vt 0.678711 0.302734 
vt 0.678711 0.30127 
vt 0.739746 0.281738 
vt 0.731934 0.285156 
vt 0.735352 0.279785 
vt 0.626953 0.285156 
vt 0.619141 0.281738 
vt 0.624023 0.279785 
vt 0.728516 0.301758 
vt 0.711426 0.302734 
vt 0.711426 0.301758 
vt 0.628906 0.30127 
vt 0.646484 0.30127 
vt 0.646484 0.302734 
vt 0.646484 0.30127 
vt 0.678711 0.302734 
vt 0.646484 0.302734 
vt 0.678711 0.302734 
vt 0.711426 0.301758 
vt 0.711426 0.302734 
vt 0.729492 0.277344 
vt 0.73584 0.278809 
vt 0.729492 0.278809 
vt 0.979492 0.674561 
vt 0.976562 0.775879 
vt 0.976562 0.674561 
vt 0.729004 0.302734 
vt 0.735352 0.302734 
vt 0.734863 0.304199 
vt 0.629883 0.278809 
vt 0.623535 0.278809 
vt 0.629883 0.277344 
vt 0.646484 0.304199 
vt 0.678711 0.302734 
vt 0.678711 0.304199 
vt 0.678711 0.302734 
vt 0.711426 0.304199 
vt 0.678711 0.304199 
vt 0.729492 0.277344 
vt 0.711914 0.277344 
vt 0.729492 0.275879 
vt 0.628906 0.302734 
vt 0.622559 0.304199 
vt 0.622559 0.302734 
vt 0.629883 0.276367 
vt 0.646973 0.277344 
vt 0.629883 0.277344 
vt 0.628906 0.304199 
vt 0.646484 0.302734 
vt 0.646484 0.304199 
vt 0.711426 0.302734 
vt 0.728516 0.304199 
vt 0.711426 0.304199 
vt 0.678711 0.302734 
vt 0.646484 0.304199 
vt 0.646484 0.302734 
vt 0.711426 0.304199 
vt 0.678711 0.302734 
vt 0.711426 0.302734 
vt 0.711426 0.302734 
vt 0.728516 0.301758 
vt 0.729004 0.302734 
vt 0.628906 0.30127 
vt 0.646484 0.302734 
vt 0.628906 0.302734 
vt 0.73584 0.278809 
vt 0.729492 0.277344 
vt 0.73584 0.277344 
vt 0.734375 0.300293 
vt 0.729004 0.299805 
vt 0.731445 0.294922 
vt 0.628418 0.299805 
vt 0.623047 0.300293 
vt 0.626465 0.294922 
vt 0.623047 0.277344 
vt 0.629883 0.277344 
vt 0.623535 0.278809 
vt 0.729004 0.299805 
vt 0.711426 0.294434 
vt 0.731445 0.294922 
vt 0.645996 0.294434 
vt 0.628418 0.299805 
vt 0.626465 0.294922 
vt 0.711426 0.302734 
vt 0.729004 0.302734 
vt 0.728516 0.304199 
vt 0.646484 0.302734 
vt 0.628906 0.304199 
vt 0.628906 0.302734 
vt 0.679688 0.278809 
vt 0.646973 0.278809 
vt 0.679688 0.277344 
vt 0.679688 0.277344 
vt 0.711914 0.278809 
vt 0.679688 0.278809 
vt 0.735352 0.279785 
vt 0.731934 0.285156 
vt 0.72998 0.280273 
vt 0.711426 0.294434 
vt 0.729004 0.299805 
vt 0.711426 0.299805 
vt 0.711426 0.299805 
vt 0.678711 0.294434 
vt 0.711426 0.294434 
vt 0.678711 0.294434 
vt 0.711426 0.299805 
vt 0.678711 0.299316 
vt 0.678711 0.299316 
vt 0.646484 0.299316 
vt 0.678711 0.294434 
vt 0.678711 0.294434 
vt 0.646484 0.299316 
vt 0.645996 0.294434 
vt 0.646484 0.299316 
vt 0.628418 0.299805 
vt 0.645996 0.294434 
vt 0.629395 0.280273 
vt 0.626953 0.285156 
vt 0.624023 0.279785 
vt 0.711914 0.277344 
vt 0.729492 0.278809 
vt 0.711914 0.278809 
vt 0.646973 0.278809 
vt 0.629883 0.278809 
vt 0.646973 0.277344 
vt 0.712402 0.285645 
vt 0.72998 0.280273 
vt 0.731934 0.285156 
vt 0.646973 0.285645 
vt 0.626953 0.285156 
vt 0.629395 0.280273 
vt 0.646973 0.277344 
vt 0.679688 0.277344 
vt 0.646973 0.278809 
vt 0.711914 0.278809 
vt 0.679688 0.277344 
vt 0.711914 0.277344 
vt 0.72998 0.280273 
vt 0.712402 0.285645 
vt 0.712402 0.280273 
vt 0.679688 0.285645 
vt 0.712402 0.280273 
vt 0.712402 0.285645 
vt 0.679688 0.285645 
vt 0.646973 0.285645 
vt 0.646973 0.280762 
vt 0.629395 0.280273 
vt 0.646973 0.280762 
vt 0.646973 0.285645 
vt 0.712402 0.280273 
vt 0.679688 0.285645 
vt 0.679688 0.280762 
vt 0.646973 0.280762 
vt 0.679688 0.280762 
vt 0.679688 0.285645 
vt 0.984863 0.277832 
vt 0.990723 0.314941 
vt 0.986328 0.31543 
vt 0.990723 0.314941 
vt 0.984863 0.277832 
vt 0.988281 0.277832 
vt 0.729492 0.278809 
vt 0.711914 0.277344 
vt 0.729492 0.277344 
vt 0.629883 0.277344 
vt 0.646973 0.277344 
vt 0.629883 0.278809 
vt 0.984863 0.277832 
vt 0.988281 0.220703 
vt 0.988281 0.277832 
vt 0.984863 0.277832 
vt 0.983887 0.220703 
vt 0.988281 0.220703 
vt 0.729004 0.302734 
vt 0.735352 0.302734 
vt 0.734863 0.304199 
vt 0.628906 0.302734 
vt 0.622559 0.304199 
vt 0.622559 0.302734 
vt 0.984375 0.436035 
vt 0.990723 0.380371 
vt 0.98877 0.436035 
vt 0.984375 0.436035 
vt 0.985352 0.380371 
vt 0.990723 0.380371 
vt 0.985352 0.342285 
vt 0.990723 0.380371 
vt 0.985352 0.380371 
vt 0.990723 0.380371 
vt 0.985352 0.342285 
vt 0.989746 0.342285 
vt 0.984863 0.277832 
vt 0.990723 0.314941 
vt 0.986328 0.31543 
vt 0.990723 0.314941 
vt 0.984863 0.277832 
vt 0.988281 0.277832 
vt 0.984863 0.277832 
vt 0.988281 0.220703 
vt 0.988281 0.277832 
vt 0.984863 0.277832 
vt 0.983887 0.220703 
vt 0.988281 0.220703 
vt 0.985352 0.553955 
vt 0.98291 0.453613 
vt 0.985352 0.453613 
vt 0.98291 0.453613 
vt 0.985352 0.553955 
vt 0.98291 0.553955 
vt 0.73584 0.278809 
vt 0.729492 0.277344 
vt 0.73584 0.277344 
vt 0.729004 0.302734 
vt 0.734863 0.304199 
vt 0.728516 0.304199 
vt 0.95459 0.674805 
vt 0.95459 0.775146 
vt 0.95166 0.775146 
vt 0.73584 0.277344 
vt 0.729492 0.277344 
vt 0.73584 0.275879 
vt 0.623047 0.277344 
vt 0.629883 0.277344 
vt 0.623535 0.278809 
vt 0.622559 0.304199 
vt 0.628906 0.302734 
vt 0.628906 0.304199 
vt 0.985352 0.342285 
vt 0.990723 0.380371 
vt 0.985352 0.380371 
vt 0.990723 0.380371 
vt 0.985352 0.342285 
vt 0.989746 0.342285 
vt 0.729004 0.302734 
vt 0.734863 0.301758 
vt 0.735352 0.302734 
vt 0.623535 0.276367 
vt 0.629883 0.277344 
vt 0.623047 0.277344 
vt 0.984375 0.436035 
vt 0.990723 0.380371 
vt 0.98877 0.436035 
vt 0.984375 0.436035 
vt 0.985352 0.380371 
vt 0.990723 0.380371 
vt 0.622559 0.30127 
vt 0.628906 0.302734 
vt 0.622559 0.302734 
vt 0.95459 0.775146 
vt 0.95459 0.674805 
vt 0.956543 0.674805 
vt 0.729492 0.275879 
vt 0.73584 0.275879 
vt 0.729492 0.277344 
vt 0.629883 0.277344 
vt 0.623535 0.276367 
vt 0.629883 0.276367 
vt 0.734863 0.301758 
vt 0.729004 0.302734 
vt 0.728516 0.301758 
vt 0.729492 0.277344 
vt 0.73584 0.278809 
vt 0.729492 0.278809 
vt 0.72998 0.274414 
vt 0.735352 0.274902 
vt 0.729492 0.275879 
vt 0.628906 0.302734 
vt 0.622559 0.30127 
vt 0.628906 0.30127 
vt 0.629883 0.278809 
vt 0.623535 0.278809 
vt 0.629883 0.277344 
vt 0.629883 0.276367 
vt 0.624023 0.275391 
vt 0.629395 0.274902 
vt 0.679688 0.276367 
vt 0.646973 0.276367 
vt 0.679688 0.274414 
vt 0.679688 0.274414 
vt 0.711914 0.275879 
vt 0.679688 0.276367 
vt 0.646973 0.276367 
vt 0.629883 0.276367 
vt 0.646973 0.274414 
vt 0.712402 0.274414 
vt 0.729492 0.275879 
vt 0.711914 0.275879 
vt 0.734375 0.305176 
vt 0.728516 0.304199 
vt 0.734863 0.304199 
vt 0.646973 0.274414 
vt 0.679688 0.274414 
vt 0.646973 0.276367 
vt 0.711914 0.275879 
vt 0.679688 0.274414 
vt 0.712402 0.274414 
vt 0.73584 0.275879 
vt 0.729492 0.275879 
vt 0.735352 0.274902 
vt 0.628906 0.304199 
vt 0.623047 0.305176 
vt 0.622559 0.304199 
vt 0.624023 0.275391 
vt 0.629883 0.276367 
vt 0.623535 0.276367 
vt 0.728516 0.304199 
vt 0.734375 0.305176 
vt 0.729004 0.305664 
vt 0.711426 0.302734 
vt 0.729004 0.302734 
vt 0.728516 0.304199 
vt 0.623047 0.305176 
vt 0.628906 0.304199 
vt 0.628418 0.305664 
vt 0.646484 0.302734 
vt 0.628906 0.304199 
vt 0.628906 0.302734 
vt 0.629395 0.274902 
vt 0.646973 0.274414 
vt 0.629883 0.276367 
vt 0.729492 0.275879 
vt 0.712402 0.274414 
vt 0.72998 0.274414 
vt 0.808105 0.12793 
vt 0.518555 0.0126953 
vt 0.808105 0.0126953 
vt 0.518555 0.0126953 
vt 0.808105 0.12793 
vt 0.518555 0.12793 
vt 0.628906 0.304199 
vt 0.646484 0.304199 
vt 0.646484 0.305664 
vt 0.646484 0.304199 
vt 0.678711 0.304199 
vt 0.678711 0.306152 
vt 0.711426 0.304199 
vt 0.678711 0.306152 
vt 0.678711 0.304199 
vt 0.728516 0.304199 
vt 0.711426 0.306152 
vt 0.711426 0.304199 
vt 0.646484 0.304199 
vt 0.678711 0.306152 
vt 0.646484 0.305664 
vt 0.678711 0.306152 
vt 0.711426 0.304199 
vt 0.711426 0.306152 
vt 0.628906 0.304199 
vt 0.646484 0.302734 
vt 0.646484 0.304199 
vt 0.711426 0.302734 
vt 0.728516 0.304199 
vt 0.711426 0.304199 
vt 0.306396 0.12793 
vt 0.0244446 0.12793 
vt 0.306396 0.0126953 
vt 0.306396 0.0126953 
vt 0.0244446 0.12793 
vt 0.0244446 0.0126953 
vt 0.678711 0.302734 
vt 0.646484 0.304199 
vt 0.646484 0.302734 
vt 0.711426 0.304199 
vt 0.678711 0.302734 
vt 0.711426 0.302734 
vt 0.646484 0.304199 
vt 0.678711 0.302734 
vt 0.678711 0.304199 
vt 0.678711 0.302734 
vt 0.711426 0.304199 
vt 0.678711 0.304199 
vt 0.628906 0.304199 
vt 0.646484 0.305664 
vt 0.628418 0.305664 
vt 0.711426 0.306152 
vt 0.728516 0.304199 
vt 0.729004 0.305664 
vt 0.629883 0.276367 
vt 0.646973 0.277344 
vt 0.629883 0.277344 
vt 0.729492 0.277344 
vt 0.711914 0.277344 
vt 0.729492 0.275879 
vt 0.711426 0.302734 
vt 0.728516 0.301758 
vt 0.729004 0.302734 
vt 0.729492 0.278809 
vt 0.711914 0.277344 
vt 0.729492 0.277344 
vt 0.629883 0.277344 
vt 0.646973 0.277344 
vt 0.629883 0.278809 
vt 0.646973 0.277344 
vt 0.629883 0.276367 
vt 0.646973 0.276367 
vt 0.711914 0.275879 
vt 0.729492 0.275879 
vt 0.711914 0.277344 
vt 0.628906 0.30127 
vt 0.646484 0.302734 
vt 0.628906 0.302734 
vt 0.646973 0.276367 
vt 0.679688 0.277344 
vt 0.646973 0.277344 
vt 0.711914 0.277344 
vt 0.679688 0.277344 
vt 0.711914 0.275879 
vt 0.679688 0.277344 
vt 0.646973 0.276367 
vt 0.679688 0.276367 
vt 0.679688 0.276367 
vt 0.711914 0.275879 
vt 0.679688 0.277344 
vt 0.728516 0.301758 
vt 0.734375 0.300293 
vt 0.734863 0.301758 
vt 0.623047 0.300293 
vt 0.628906 0.30127 
vt 0.622559 0.30127 
vt 0.728516 0.301758 
vt 0.711426 0.302734 
vt 0.711426 0.301758 
vt 0.628906 0.30127 
vt 0.646484 0.30127 
vt 0.646484 0.302734 
vt 0.646484 0.30127 
vt 0.678711 0.302734 
vt 0.646484 0.302734 
vt 0.678711 0.302734 
vt 0.711426 0.301758 
vt 0.711426 0.302734 
vt 0.711914 0.277344 
vt 0.729492 0.278809 
vt 0.711914 0.278809 
vt 0.646973 0.278809 
vt 0.629883 0.278809 
vt 0.646973 0.277344 
vt 0.646484 0.30127 
vt 0.678711 0.30127 
vt 0.678711 0.302734 
vt 0.711426 0.301758 
vt 0.678711 0.302734 
vt 0.678711 0.30127 
vt 0.646973 0.277344 
vt 0.679688 0.277344 
vt 0.646973 0.278809 
vt 0.711914 0.278809 
vt 0.679688 0.277344 
vt 0.711914 0.277344 
vt 0.735352 0.279785 
vt 0.729492 0.278809 
vt 0.73584 0.278809 
vt 0.679688 0.278809 
vt 0.646973 0.278809 
vt 0.679688 0.277344 
vt 0.679688 0.277344 
vt 0.711914 0.278809 
vt 0.679688 0.278809 
vt 0.734375 0.300293 
vt 0.728516 0.301758 
vt 0.729004 0.299805 
vt 0.623047 0.300293 
vt 0.628418 0.299805 
vt 0.628906 0.30127 
vt 0.623535 0.278809 
vt 0.629883 0.278809 
vt 0.624023 0.279785 
vt 0.711426 0.299805 
vt 0.728516 0.301758 
vt 0.711426 0.301758 
vt 0.678711 0.299316 
vt 0.711426 0.301758 
vt 0.678711 0.30127 
vt 0.646484 0.30127 
vt 0.678711 0.299316 
vt 0.678711 0.30127 
vt 0.628906 0.30127 
vt 0.646484 0.299316 
vt 0.646484 0.30127 
vt 0.711426 0.301758 
vt 0.678711 0.299316 
vt 0.711426 0.299805 
vt 0.678711 0.299316 
vt 0.646484 0.30127 
vt 0.646484 0.299316 
vt 0.728516 0.301758 
vt 0.711426 0.299805 
vt 0.729004 0.299805 
vt 0.646484 0.299316 
vt 0.628906 0.30127 
vt 0.628418 0.299805 
vt 0.729492 0.278809 
vt 0.735352 0.279785 
vt 0.72998 0.280273 
vt 0.629395 0.280273 
vt 0.624023 0.279785 
vt 0.629883 0.278809 
vt 0.711914 0.278809 
vt 0.729492 0.278809 
vt 0.712402 0.280273 
vt 0.679688 0.278809 
vt 0.711914 0.278809 
vt 0.679688 0.280762 
vt 0.679688 0.280762 
vt 0.646973 0.278809 
vt 0.679688 0.278809 
vt 0.646973 0.280762 
vt 0.629883 0.278809 
vt 0.646973 0.278809 
vt 0.712402 0.280273 
vt 0.679688 0.280762 
vt 0.711914 0.278809 
vt 0.646973 0.278809 
vt 0.679688 0.280762 
vt 0.646973 0.280762 
vt 0.72998 0.280273 
vt 0.712402 0.280273 
vt 0.729492 0.278809 
vt 0.629883 0.278809 
vt 0.646973 0.280762 
vt 0.629395 0.280273 
vt 0.312012 0.12793 
vt 0.306396 0.0126953 
vt 0.312012 0.0126953 
vt 0.306396 0.0126953 
vt 0.312012 0.12793 
vt 0.306396 0.12793 
vt 0.804199 0.391113 
vt 0.930664 0.597412 
vt 0.804199 0.597412 
vt 0.930664 0.597412 
vt 0.804199 0.391113 
vt 0.930664 0.391113 
vt 0.518555 0.12793 
vt 0.513184 0.0126953 
vt 0.518555 0.0126953 
vt 0.513184 0.0126953 
vt 0.518555 0.12793 
vt 0.513184 0.12793 
vt 0.844238 0.36084 
vt 0.839844 0.36377 
vt 0.832031 0.366211 
vt 0.855957 0.242676 
vt 0.832031 0.154297 
vt 0.85498 0.223633 
vt 0.85498 0.223633 
vt 0.832031 0.154297 
vt 0.854004 0.206055 
vt 0.847656 0.356445 
vt 0.844238 0.36084 
vt 0.832031 0.366211 
vt 0.850098 0.351074 
vt 0.847656 0.356445 
vt 0.832031 0.366211 
vt 0.851562 0.344727 
vt 0.850098 0.351074 
vt 0.832031 0.366211 
vt 0.855957 0.242676 
vt 0.832031 0.260254 
vt 0.832031 0.154297 
vt 0.854004 0.206055 
vt 0.832031 0.154297 
vt 0.853027 0.189453 
vt 0.853027 0.331055 
vt 0.851562 0.344727 
vt 0.832031 0.366211 
vt 0.832031 0.366211 
vt 0.832031 0.260254 
vt 0.855957 0.277832 
vt 0.855957 0.277832 
vt 0.832031 0.260254 
vt 0.856445 0.260254 
vt 0.832031 0.260254 
vt 0.855957 0.242676 
vt 0.856445 0.260254 
vt 0.853027 0.189453 
vt 0.832031 0.154297 
vt 0.851562 0.175293 
vt 0.851562 0.175293 
vt 0.832031 0.154297 
vt 0.850098 0.168945 
vt 0.850098 0.168945 
vt 0.832031 0.154297 
vt 0.847656 0.164062 
vt 0.847656 0.164062 
vt 0.832031 0.154297 
vt 0.844238 0.159668 
vt 0.854004 0.313965 
vt 0.853027 0.331055 
vt 0.832031 0.366211 
vt 0.85498 0.296387 
vt 0.854004 0.313965 
vt 0.832031 0.366211 
vt 0.844238 0.159668 
vt 0.832031 0.154297 
vt 0.839844 0.15625 
vt 0.855957 0.277832 
vt 0.85498 0.296387 
vt 0.832031 0.366211 
vt 0.317139 0.0126953 
vt 0.317139 0.12793 
vt 0.312012 0.12793 
vt 0.317139 0.0126953 
vt 0.312012 0.12793 
vt 0.312012 0.0126953 
vt 0.513184 0.12793 
vt 0.507812 0.0126953 
vt 0.513184 0.0126953 
vt 0.507812 0.0126953 
vt 0.513184 0.12793 
vt 0.507812 0.12793 
vt 0.322266 0.0126953 
vt 0.322266 0.12793 
vt 0.317139 0.12793 
vt 0.317139 0.12793 
vt 0.317139 0.0126953 
vt 0.322266 0.0126953 
vt 0.395264 0.12793 
vt 0.375244 0.0126953 
vt 0.395264 0.0126953 
vt 0.375244 0.0126953 
vt 0.395264 0.12793 
vt 0.375244 0.12793 
vt 0.413818 0.0126953 
vt 0.413818 0.12793 
vt 0.395264 0.12793 
vt 0.395264 0.12793 
vt 0.395264 0.0126953 
vt 0.413818 0.0126953 
vt 0.375244 0.0126953 
vt 0.375244 0.12793 
vt 0.356201 0.12793 
vt 0.356201 0.12793 
vt 0.356201 0.0126953 
vt 0.375244 0.0126953 
vt 0.356201 0.0126953 
vt 0.356201 0.12793 
vt 0.337891 0.12793 
vt 0.337891 0.12793 
vt 0.337891 0.0126953 
vt 0.356201 0.0126953 
vt 0.432129 0.12793 
vt 0.413818 0.0126953 
vt 0.432129 0.0126953 
vt 0.413818 0.12793 
vt 0.413818 0.0126953 
vt 0.432129 0.12793 
vt 0.432129 0.12793 
vt 0.451904 0.0126953 
vt 0.451904 0.12793 
vt 0.451904 0.0126953 
vt 0.432129 0.12793 
vt 0.432129 0.0126953 
vt 0.337891 0.0126953 
vt 0.337891 0.12793 
vt 0.331543 0.12793 
vt 0.331543 0.12793 
vt 0.331543 0.0126953 
vt 0.337891 0.0126953 
vt 0.326416 0.0126953 
vt 0.326416 0.12793 
vt 0.322266 0.12793 
vt 0.322266 0.12793 
vt 0.322266 0.0126953 
vt 0.326416 0.0126953 
vt 0.451904 0.12793 
vt 0.470459 0.0126953 
vt 0.470459 0.12793 
vt 0.470459 0.0126953 
vt 0.451904 0.12793 
vt 0.451904 0.0126953 
vt 0.331543 0.0126953 
vt 0.331543 0.12793 
vt 0.326416 0.12793 
vt 0.326416 0.12793 
vt 0.326416 0.0126953 
vt 0.331543 0.0126953 
vt 0.470459 0.12793 
vt 0.488281 0.0126953 
vt 0.488281 0.12793 
vt 0.488281 0.0126953 
vt 0.470459 0.12793 
vt 0.470459 0.0126953 
vt 0.507812 0.12793 
vt 0.50293 0.0126953 
vt 0.507812 0.0126953 
vt 0.50293 0.12793 
vt 0.50293 0.0126953 
vt 0.507812 0.12793 
vt 0.494385 0.12793 
vt 0.488281 0.0126953 
vt 0.494385 0.0126953 
vt 0.488281 0.12793 
vt 0.488281 0.0126953 
vt 0.494385 0.12793 
vt 0.499268 0.12793 
vt 0.494385 0.0126953 
vt 0.499268 0.0126953 
vt 0.494385 0.12793 
vt 0.494385 0.0126953 
vt 0.499268 0.12793 
vt 0.50293 0.12793 
vt 0.499268 0.0126953 
vt 0.50293 0.0126953 
vt 0.499268 0.12793 
vt 0.499268 0.0126953 
vt 0.50293 0.12793 
vt 0.641602 0.150391 
vt 0.568848 0.169922 
vt 0.624512 0.150879 
vt 0.659668 0.150391 
vt 0.568848 0.169922 
vt 0.641602 0.150391 
vt 0.659668 0.150391 
vt 0.776367 0.177246 
vt 0.568848 0.169922 
vt 0.574219 0.158691 
vt 0.568848 0.169922 
vt 0.571289 0.162598 
vt 0.578125 0.155273 
vt 0.568848 0.169922 
vt 0.574219 0.158691 
vt 0.583008 0.15332 
vt 0.568848 0.169922 
vt 0.578125 0.155273 
vt 0.589355 0.151855 
vt 0.568848 0.169922 
vt 0.583008 0.15332 
vt 0.603516 0.151367 
vt 0.568848 0.169922 
vt 0.589355 0.151855 
vt 0.624512 0.150879 
vt 0.568848 0.169922 
vt 0.603516 0.151367 
vt 0.776367 0.177246 
vt 0.659668 0.150391 
vt 0.67334 0.150391 
vt 0.67334 0.150391 
vt 0.687012 0.151367 
vt 0.776367 0.177246 
vt 0.687012 0.151367 
vt 0.705078 0.152832 
vt 0.776367 0.177246 
vt 0.705078 0.152832 
vt 0.72168 0.154297 
vt 0.776367 0.177246 
vt 0.72168 0.154297 
vt 0.743164 0.15625 
vt 0.776367 0.177246 
vt 0.743164 0.15625 
vt 0.756836 0.158203 
vt 0.776367 0.177246 
vt 0.756836 0.158203 
vt 0.763184 0.159668 
vt 0.776367 0.177246 
vt 0.763184 0.159668 
vt 0.768066 0.162109 
vt 0.776367 0.177246 
vt 0.768066 0.162109 
vt 0.771973 0.165527 
vt 0.776367 0.177246 
vt 0.771973 0.165527 
vt 0.774414 0.169922 
vt 0.776367 0.177246 

usemtl Frame1Mtl

f 1/1/1 2/2/2 3/3/3 
f 4/4/4 5/5/5 6/6/6 
f 7/7/7 8/8/8 9/9/9 
f 10/10/10 11/11/11 12/12/12 
f 13/13/13 14/14/14 15/15/15 
f 16/16/16 17/17/17 18/18/18 
f 19/19/19 20/20/20 21/21/21 
f 22/22/22 23/23/23 24/24/24 
f 25/25/25 26/26/26 27/27/27 
f 28/28/28 29/29/29 30/30/30 
f 31/31/31 32/32/32 33/33/33 
f 34/34/34 35/35/35 36/36/36 
f 37/37/37 38/38/38 39/39/39 
f 40/40/40 41/41/41 42/42/42 
f 43/43/43 44/44/44 45/45/45 
f 46/46/46 47/47/47 48/48/48 
f 49/49/49 50/50/50 51/51/51 
f 52/52/52 53/53/53 54/54/54 
f 55/55/55 56/56/56 57/57/57 
f 58/58/58 59/59/59 60/60/60 
f 61/61/61 62/62/62 63/63/63 
f 64/64/64 65/65/65 66/66/66 
f 67/67/67 68/68/68 69/69/69 
f 70/70/70 71/71/71 72/72/72 
f 73/73/73 74/74/74 75/75/75 
f 76/76/76 77/77/77 78/78/78 
f 79/79/79 80/80/80 81/81/81 
f 82/82/82 83/83/83 84/84/84 
f 85/85/85 86/86/86 87/87/87 
f 88/88/88 89/89/89 90/90/90 
f 91/91/91 92/92/92 93/93/93 
f 94/94/94 95/95/95 96/96/96 
f 97/97/97 98/98/98 99/99/99 
f 100/100/100 101/101/101 102/102/102 
f 103/103/103 104/104/104 105/105/105 
f 106/106/106 107/107/107 108/108/108 
f 109/109/109 110/110/110 111/111/111 
f 112/112/112 113/113/113 114/114/114 
f 115/115/115 116/116/116 117/117/117 
f 118/118/118 119/119/119 120/120/120 
f 121/121/121 122/122/122 123/123/123 
f 124/124/124 125/125/125 126/126/126 
f 127/127/127 128/128/128 129/129/129 
f 130/130/130 131/131/131 132/132/132 
f 133/133/133 134/134/134 135/135/135 
f 136/136/136 137/137/137 138/138/138 
f 139/139/139 140/140/140 141/141/141 
f 142/142/142 143/143/143 144/144/144 
f 145/145/145 146/146/146 147/147/147 
f 148/148/148 149/149/149 150/150/150 
f 151/151/151 152/152/152 153/153/153 
f 154/154/154 155/155/155 156/156/156 
f 157/157/157 158/158/158 159/159/159 
f 160/160/160 161/161/161 162/162/162 
f 163/163/163 164/164/164 165/165/165 
f 166/166/166 167/167/167 168/168/168 
f 169/169/169 170/170/170 171/171/171 
f 172/172/172 173/173/173 174/174/174 
f 175/175/175 176/176/176 177/177/177 
f 178/178/178 179/179/179 180/180/180 
f 181/181/181 182/182/182 183/183/183 
f 184/184/184 185/185/185 186/186/186 
f 187/187/187 188/188/188 189/189/189 
f 190/190/190 191/191/191 192/192/192 
f 193/193/193 194/194/194 195/195/195 
f 196/196/196 197/197/197 198/198/198 
f 199/199/199 200/200/200 201/201/201 
f 202/202/202 203/203/203 204/204/204 
f 205/205/205 206/206/206 207/207/207 
f 208/208/208 209/209/209 210/210/210 
f 211/211/211 212/212/212 213/213/213 
f 214/214/214 215/215/215 216/216/216 
f 217/217/217 218/218/218 219/219/219 
f 220/220/220 221/221/221 222/222/222 
f 223/223/223 224/224/224 225/225/225 
f 226/226/226 227/227/227 228/228/228 
f 229/229/229 230/230/230 231/231/231 
f 232/232/232 233/233/233 234/234/234 
f 235/235/235 236/236/236 237/237/237 
f 238/238/238 239/239/239 240/240/240 
f 241/241/241 242/242/242 243/243/243 
f 244/244/244 245/245/245 246/246/246 
f 247/247/247 248/248/248 249/249/249 
f 250/250/250 251/251/251 252/252/252 
f 253/253/253 254/254/254 255/255/255 
f 256/256/256 257/257/257 258/258/258 
f 259/259/259 260/260/260 261/261/261 
f 262/262/262 263/263/263 264/264/264 
f 265/265/265 266/266/266 267/267/267 
f 268/268/268 269/269/269 270/270/270 
f 271/271/271 272/272/272 273/273/273 
f 274/274/274 275/275/275 276/276/276 
f 277/277/277 278/278/278 279/279/279 
f 280/280/280 281/281/281 282/282/282 
f 283/283/283 284/284/284 285/285/285 
f 286/286/286 287/287/287 288/288/288 
f 289/289/289 290/290/290 291/291/291 
f 292/292/292 293/293/293 294/294/294 
f 295/295/295 296/296/296 297/297/297 
f 298/298/298 299/299/299 300/300/300 
f 301/301/301 302/302/302 303/303/303 
f 304/304/304 305/305/305 306/306/306 
f 307/307/307 308/308/308 309/309/309 
f 310/310/310 311/311/311 312/312/312 
f 313/313/313 314/314/314 315/315/315 
f 316/316/316 317/317/317 318/318/318 
f 319/319/319 320/320/320 321/321/321 
f 322/322/322 323/323/323 324/324/324 
f 325/325/325 326/326/326 327/327/327 
f 328/328/328 329/329/329 330/330/330 
f 331/331/331 332/332/332 333/333/333 
f 334/334/334 335/335/335 336/336/336 
f 337/337/337 338/338/338 339/339/339 
f 340/340/340 341/341/341 342/342/342 
f 343/343/343 344/344/344 345/345/345 
f 346/346/346 347/347/347 348/348/348 
f 349/349/349 350/350/350 351/351/351 
f 352/352/352 353/353/353 354/354/354 
f 355/355/355 356/356/356 357/357/357 
f 358/358/358 359/359/359 360/360/360 
f 361/361/361 362/362/362 363/363/363 
f 364/364/364 365/365/365 366/366/366 
f 367/367/367 368/368/368 369/369/369 
f 370/370/370 371/371/371 372/372/372 
f 373/373/373 374/374/374 375/375/375 
f 376/376/376 377/377/377 378/378/378 
f 379/379/379 380/380/380 381/381/381 
f 382/382/382 383/383/383 384/384/384 
f 385/385/385 386/386/386 387/387/387 
f 388/388/388 389/389/389 390/390/390 
f 391/391/391 392/392/392 393/393/393 
f 394/394/394 395/395/395 396/396/396 
f 397/397/397 398/398/398 399/399/399 
f 400/400/400 401/401/401 402/402/402 
f 403/403/403 404/404/404 405/405/405 
f 406/406/406 407/407/407 408/408/408 
f 409/409/409 410/410/410 411/411/411 
f 412/412/412 413/413/413 414/414/414 
f 415/415/415 416/416/416 417/417/417 
f 418/418/418 419/419/419 420/420/420 
f 421/421/421 422/422/422 423/423/423 
f 424/424/424 425/425/425 426/426/426 
f 427/427/427 428/428/428 429/429/429 
f 430/430/430 431/431/431 432/432/432 
f 433/433/433 434/434/434 435/435/435 
f 436/436/436 437/437/437 438/438/438 
f 439/439/439 440/440/440 441/441/441 
f 442/442/442 443/443/443 444/444/444 
f 445/445/445 446/446/446 447/447/447 
f 448/448/448 449/449/449 450/450/450 
f 451/451/451 452/452/452 453/453/453 
f 454/454/454 455/455/455 456/456/456 
f 457/457/457 458/458/458 459/459/459 
f 460/460/460 461/461/461 462/462/462 
f 463/463/463 464/464/464 465/465/465 
f 466/466/466 467/467/467 468/468/468 
f 469/469/469 470/470/470 471/471/471 
f 472/472/472 473/473/473 474/474/474 
f 475/475/475 476/476/476 477/477/477 
f 478/478/478 479/479/479 480/480/480 
f 481/481/481 482/482/482 483/483/483 
f 484/484/484 485/485/485 486/486/486 
f 487/487/487 488/488/488 489/489/489 
f 490/490/490 491/491/491 492/492/492 
f 493/493/493 494/494/494 495/495/495 
f 496/496/496 497/497/497 498/498/498 
f 499/499/499 500/500/500 501/501/501 
f 502/502/502 503/503/503 504/504/504 
f 505/505/505 506/506/506 507/507/507 
f 508/508/508 509/509/509 510/510/510 
f 511/511/511 512/512/512 513/513/513 
f 514/514/514 515/515/515 516/516/516 
f 517/517/517 518/518/518 519/519/519 
f 520/520/520 521/521/521 522/522/522 
f 523/523/523 524/524/524 525/525/525 
f 526/526/526 527/527/527 528/528/528 
f 529/529/529 530/530/530 531/531/531 
f 532/532/532 533/533/533 534/534/534 
f 535/535/535 536/536/536 537/537/537 
f 538/538/538 539/539/539 540/540/540 
f 541/541/541 542/542/542 543/543/543 
f 544/544/544 545/545/545 546/546/546 
f 547/547/547 548/548/548 549/549/549 
f 550/550/550 551/551/551 552/552/552 
f 553/553/553 554/554/554 555/555/555 
f 556/556/556 557/557/557 558/558/558 
f 559/559/559 560/560/560 561/561/561 
f 562/562/562 563/563/563 564/564/564 
f 565/565/565 566/566/566 567/567/567 
f 568/568/568 569/569/569 570/570/570 
f 571/571/571 572/572/572 573/573/573 
f 574/574/574 575/575/575 576/576/576 
f 577/577/577 578/578/578 579/579/579 
f 580/580/580 581/581/581 582/582/582 
f 583/583/583 584/584/584 585/585/585 
f 586/586/586 587/587/587 588/588/588 
f 589/589/589 590/590/590 591/591/591 
f 592/592/592 593/593/593 594/594/594 
f 595/595/595 596/596/596 597/597/597 
f 598/598/598 599/599/599 600/600/600 
f 601/601/601 602/602/602 603/603/603 
f 604/604/604 605/605/605 606/606/606 
f 607/607/607 608/608/608 609/609/609 
f 610/610/610 611/611/611 612/612/612 
f 613/613/613 614/614/614 615/615/615 
f 616/616/616 617/617/617 618/618/618 
f 619/619/619 620/620/620 621/621/621 
f 622/622/622 623/623/623 624/624/624 
f 625/625/625 626/626/626 627/627/627 
f 628/628/628 629/629/629 630/630/630 
f 631/631/631 632/632/632 633/633/633 
f 634/634/634 635/635/635 636/636/636 
f 637/637/637 638/638/638 639/639/639 
f 640/640/640 641/641/641 642/642/642 
f 643/643/643 644/644/644 645/645/645 
f 646/646/646 647/647/647 648/648/648 
f 649/649/649 650/650/650 651/651/651 
f 652/652/652 653/653/653 654/654/654 
f 655/655/655 656/656/656 657/657/657 
f 658/658/658 659/659/659 660/660/660 
f 661/661/661 662/662/662 663/663/663 
f 664/664/664 665/665/665 666/666/666 
f 667/667/667 668/668/668 669/669/669 
f 670/670/670 671/671/671 672/672/672 
f 673/673/673 674/674/674 675/675/675 
f 676/676/676 677/677/677 678/678/678 
f 679/679/679 680/680/680 681/681/681 
f 682/682/682 683/683/683 684/684/684 
f 685/685/685 686/686/686 687/687/687 
f 688/688/688 689/689/689 690/690/690 
f 691/691/691 692/692/692 693/693/693 
f 694/694/694 695/695/695 696/696/696 
f 697/697/697 698/698/698 699/699/699 
f 700/700/700 701/701/701 702/702/702 
f 703/703/703 704/704/704 705/705/705 
f 706/706/706 707/707/707 708/708/708 
f 709/709/709 710/710/710 711/711/711 
f 712/712/712 713/713/713 714/714/714 
f 715/715/715 716/716/716 717/717/717 
f 718/718/718 719/719/719 720/720/720 
f 721/721/721 722/722/722 723/723/723 
f 724/724/724 725/725/725 726/726/726 
f 727/727/727 728/728/728 729/729/729 
f 730/730/730 731/731/731 732/732/732 
f 733/733/733 734/734/734 735/735/735 
f 736/736/736 737/737/737 738/738/738 
f 739/739/739 740/740/740 741/741/741 
f 742/742/742 743/743/743 744/744/744 
f 745/745/745 746/746/746 747/747/747 
f 748/748/748 749/749/749 750/750/750 
f 751/751/751 752/752/752 753/753/753 
f 754/754/754 755/755/755 756/756/756 
f 757/757/757 758/758/758 759/759/759 
f 760/760/760 761/761/761 762/762/762 
f 763/763/763 764/764/764 765/765/765 
f 766/766/766 767/767/767 768/768/768 
f 769/769/769 770/770/770 771/771/771 
f 772/772/772 773/773/773 774/774/774 
f 775/775/775 776/776/776 777/777/777 
f 778/778/778 779/779/779 780/780/780 
f 781/781/781 782/782/782 783/783/783 
f 784/784/784 785/785/785 786/786/786 
f 787/787/787 788/788/788 789/789/789 
f 790/790/790 791/791/791 792/792/792 
f 793/793/793 794/794/794 795/795/795 
f 796/796/796 797/797/797 798/798/798 
f 799/799/799 800/800/800 801/801/801 
f 802/802/802 803/803/803 804/804/804 
f 805/805/805 806/806/806 807/807/807 
f 808/808/808 809/809/809 810/810/810 
f 811/811/811 812/812/812 813/813/813 
f 814/814/814 815/815/815 816/816/816 
f 817/817/817 818/818/818 819/819/819 
f 820/820/820 821/821/821 822/822/822 
f 823/823/823 824/824/824 825/825/825 
f 826/826/826 827/827/827 828/828/828 
f 829/829/829 830/830/830 831/831/831 
f 832/832/832 833/833/833 834/834/834 
f 835/835/835 836/836/836 837/837/837 
f 838/838/838 839/839/839 840/840/840 
f 841/841/841 842/842/842 843/843/843 
f 844/844/844 845/845/845 846/846/846 
f 847/847/847 848/848/848 849/849/849 
f 850/850/850 851/851/851 852/852/852 
f 853/853/853 854/854/854 855/855/855 
f 856/856/856 857/857/857 858/858/858 
f 859/859/859 860/860/860 861/861/861 
f 862/862/862 863/863/863 864/864/864 
f 865/865/865 866/866/866 867/867/867 
f 868/868/868 869/869/869 870/870/870 
f 871/871/871 872/872/872 873/873/873 
f 874/874/874 875/875/875 876/876/876 
f 877/877/877 878/878/878 879/879/879 
f 880/880/880 881/881/881 882/882/882 
f 883/883/883 884/884/884 885/885/885 
f 886/886/886 887/887/887 888/888/888 
f 889/889/889 890/890/890 891/891/891 
f 892/892/892 893/893/893 894/894/894 
f 895/895/895 896/896/896 897/897/897 
f 898/898/898 899/899/899 900/900/900 
f 901/901/901 902/902/902 903/903/903 
f 904/904/904 905/905/905 906/906/906 
f 907/907/907 908/908/908 909/909/909 
f 910/910/910 911/911/911 912/912/912 
f 913/913/913 914/914/914 915/915/915 
f 916/916/916 917/917/917 918/918/918 
f 919/919/919 920/920/920 921/921/921 
f 922/922/922 923/923/923 924/924/924 
f 925/925/925 926/926/926 927/927/927 
f 928/928/928 929/929/929 930/930/930 
f 931/931/931 932/932/932 933/933/933 
f 934/934/934 935/935/935 936/936/936 
f 937/937/937 938/938/938 939/939/939 
f 940/940/940 941/941/941 942/942/942 
f 943/943/943 944/944/944 945/945/945 
f 946/946/946 947/947/947 948/948/948 
f 949/949/949 950/950/950 951/951/951 
f 952/952/952 953/953/953 954/954/954 
f 955/955/955 956/956/956 957/957/957 
f 958/958/958 959/959/959 960/960/960 
f 961/961/961 962/962/962 963/963/963 
f 964/964/964 965/965/965 966/966/966 
f 967/967/967 968/968/968 969/969/969 
f 970/970/970 971/971/971 972/972/972 
f 973/973/973 974/974/974 975/975/975 
f 976/976/976 977/977/977 978/978/978 
f 979/979/979 980/980/980 981/981/981 
f 982/982/982 983/983/983 984/984/984 
f 985/985/985 986/986/986 987/987/987 
f 988/988/988 989/989/989 990/990/990 
f 991/991/991 992/992/992 993/993/993 
f 994/994/994 995/995/995 996/996/996 
f 997/997/997 998/998/998 999/999/999 
f 1000/1000/1000 1001/1001/1001 1002/1002/1002 
f 1003/1003/1003 1004/1004/1004 1005/1005/1005 
f 1006/1006/1006 1007/1007/1007 1008/1008/1008 
f 1009/1009/1009 1010/1010/1010 1011/1011/1011 
f 1012/1012/1012 1013/1013/1013 1014/1014/1014 
f 1015/1015/1015 1016/1016/1016 1017/1017/1017 
f 1018/1018/1018 1019/1019/1019 1020/1020/1020 
f 1021/1021/1021 1022/1022/1022 1023/1023/1023 
f 1024/1024/1024 1025/1025/1025 1026/1026/1026 
f 1027/1027/1027 1028/1028/1028 1029/1029/1029 
f 1030/1030/1030 1031/1031/1031 1032/1032/1032 
f 1033/1033/1033 1034/1034/1034 1035/1035/1035 
f 1036/1036/1036 1037/1037/1037 1038/1038/1038 
f 1039/1039/1039 1040/1040/1040 1041/1041/1041 
f 1042/1042/1042 1043/1043/1043 1044/1044/1044 
f 1045/1045/1045 1046/1046/1046 1047/1047/1047 
f 1048/1048/1048 1049/1049/1049 1050/1050/1050 
f 1051/1051/1051 1052/1052/1052 1053/1053/1053 
f 1054/1054/1054 1055/1055/1055 1056/1056/1056 
f 1057/1057/1057 1058/1058/1058 1059/1059/1059 
f 1060/1060/1060 1061/1061/1061 1062/1062/1062 
f 1063/1063/1063 1064/1064/1064 1065/1065/1065 
f 1066/1066/1066 1067/1067/1067 1068/1068/1068 
f 1069/1069/1069 1070/1070/1070 1071/1071/1071 
f 1072/1072/1072 1073/1073/1073 1074/1074/1074 
f 1075/1075/1075 1076/1076/1076 1077/1077/1077 
f 1078/1078/1078 1079/1079/1079 1080/1080/1080 
f 1081/1081/1081 1082/1082/1082 1083/1083/1083 
f 1084/1084/1084 1085/1085/1085 1086/1086/1086 
f 1087/1087/1087 1088/1088/1088 1089/1089/1089 
f 1090/1090/1090 1091/1091/1091 1092/1092/1092 
f 1093/1093/1093 1094/1094/1094 1095/1095/1095 
f 1096/1096/1096 1097/1097/1097 1098/1098/1098 
f 1099/1099/1099 1100/1100/1100 1101/1101/1101 
f 1102/1102/1102 1103/1103/1103 1104/1104/1104 
f 1105/1105/1105 1106/1106/1106 1107/1107/1107 
f 1108/1108/1108 1109/1109/1109 1110/1110/1110 
f 1111/1111/1111 1112/1112/1112 1113/1113/1113 
f 1114/1114/1114 1115/1115/1115 1116/1116/1116 
f 1117/1117/1117 1118/1118/1118 1119/1119/1119 
f 1120/1120/1120 1121/1121/1121 1122/1122/1122 
f 1123/1123/1123 1124/1124/1124 1125/1125/1125 
f 1126/1126/1126 1127/1127/1127 1128/1128/1128 
f 1129/1129/1129 1130/1130/1130 1131/1131/1131 
f 1132/1132/1132 1133/1133/1133 1134/1134/1134 
f 1135/1135/1135 1136/1136/1136 1137/1137/1137 
f 1138/1138/1138 1139/1139/1139 1140/1140/1140 
f 1141/1141/1141 1142/1142/1142 1143/1143/1143 
f 1144/1144/1144 1145/1145/1145 1146/1146/1146 
f 1147/1147/1147 1148/1148/1148 1149/1149/1149 
f 1150/1150/1150 1151/1151/1151 1152/1152/1152 
f 1153/1153/1153 1154/1154/1154 1155/1155/1155 
f 1156/1156/1156 1157/1157/1157 1158/1158/1158 
f 1159/1159/1159 1160/1160/1160 1161/1161/1161 
f 1162/1162/1162 1163/1163/1163 1164/1164/1164 
f 1165/1165/1165 1166/1166/1166 1167/1167/1167 
f 1168/1168/1168 1169/1169/1169 1170/1170/1170 
f 1171/1171/1171 1172/1172/1172 1173/1173/1173 
f 1174/1174/1174 1175/1175/1175 1176/1176/1176 
f 1177/1177/1177 1178/1178/1178 1179/1179/1179 
f 1179/1179/1179 1178/1178/1178 1180/1180/1180 
f 1179/1179/1179 1180/1180/1180 1181/1181/1181 
f 1182/1182/1182 1183/1183/1183 1184/1184/1184 
f 1185/1185/1185 1186/1186/1186 1187/1187/1187 
f 1188/1188/1188 1189/1189/1189 1190/1190/1190 
f 1191/1191/1191 1192/1192/1192 1193/1193/1193 
f 1194/1194/1194 1195/1195/1195 1196/1196/1196 
f 1197/1197/1197 1198/1198/1198 1199/1199/1199 
f 1200/1200/1200 1201/1201/1201 1202/1202/1202 
f 1203/1203/1203 1204/1204/1204 1205/1205/1205 
f 1206/1206/1206 1207/1207/1207 1208/1208/1208 
f 1209/1209/1209 1210/1210/1210 1211/1211/1211 
f 1212/1212/1212 1213/1213/1213 1214/1214/1214 
f 1215/1215/1215 1216/1216/1216 1217/1217/1217 
f 1218/1218/1218 1219/1219/1219 1220/1220/1220 
f 1221/1221/1221 1222/1222/1222 1223/1223/1223 
f 1224/1224/1224 1225/1225/1225 1226/1226/1226 
f 1227/1227/1227 1228/1228/1228 1229/1229/1229 
f 1230/1230/1230 1231/1231/1231 1232/1232/1232 
f 1233/1233/1233 1234/1234/1234 1235/1235/1235 
f 1236/1236/1236 1237/1237/1237 1238/1238/1238 
f 1239/1239/1239 1240/1240/1240 1241/1241/1241 
f 1242/1242/1242 1243/1243/1243 1244/1244/1244 
f 1245/1245/1245 1246/1246/1246 1247/1247/1247 
f 1248/1248/1248 1245/1245/1245 1247/1247/1247 
f 1249/1249/1249 1245/1245/1245 1248/1248/1248 
f 1250/1250/1250 1249/1249/1249 1248/1248/1248 
f 1251/1251/1251 1252/1252/1252 1253/1253/1253 
f 1254/1254/1254 1255/1255/1255 1256/1256/1256 
f 1257/1257/1257 1258/1258/1258 1259/1259/1259 
f 1260/1260/1260 1261/1261/1261 1262/1262/1262 
f 1263/1263/1263 1264/1264/1264 1265/1265/1265 
f 1266/1266/1266 1267/1267/1267 1268/1268/1268 
f 1269/1269/1269 1270/1270/1270 1271/1271/1271 
f 1272/1272/1272 1273/1273/1273 1274/1274/1274 
f 1275/1275/1275 1276/1276/1276 1277/1277/1277 
f 1278/1278/1278 1279/1279/1279 1280/1280/1280 
f 1281/1281/1281 1282/1282/1282 1283/1283/1283 
f 1284/1284/1284 1285/1285/1285 1286/1286/1286 
f 1287/1287/1287 1288/1288/1288 1289/1289/1289 
f 1290/1290/1290 1291/1291/1291 1292/1292/1292 
f 1293/1293/1293 1294/1294/1294 1290/1290/1290 
f 1294/1294/1294 1293/1293/1293 1295/1295/1295 
f 1296/1296/1296 1297/1297/1297 1298/1298/1298 
f 1299/1299/1299 1300/1300/1300 1301/1301/1301 
f 1302/1302/1302 1303/1303/1303 1304/1304/1304 
f 1305/1305/1305 1306/1306/1306 1307/1307/1307 
f 1308/1308/1308 1309/1309/1309 1310/1310/1310 
f 1311/1311/1311 1312/1312/1312 1313/1313/1313 
f 1314/1314/1314 1315/1315/1315 1316/1316/1316 
f 1317/1317/1317 1318/1318/1318 1319/1319/1319 
f 1320/1320/1320 1321/1321/1321 1322/1322/1322 
f 1323/1323/1323 1324/1324/1324 1325/1325/1325 
f 1326/1326/1326 1327/1327/1327 1328/1328/1328 
f 1329/1329/1329 1330/1330/1330 1331/1331/1331 
f 1332/1332/1332 1333/1333/1333 1334/1334/1334 
f 1335/1335/1335 1336/1336/1336 1337/1337/1337 
f 1338/1338/1338 1339/1339/1339 1340/1340/1340 
f 1341/1341/1341 1342/1342/1342 1343/1343/1343 
f 1344/1344/1344 1345/1345/1345 1346/1346/1346 
f 1347/1347/1347 1348/1348/1348 1349/1349/1349 
f 1350/1350/1350 1351/1351/1351 1352/1352/1352 
f 1353/1353/1353 1354/1354/1354 1355/1355/1355 
f 1356/1356/1356 1357/1357/1357 1358/1358/1358 
f 1359/1359/1359 1360/1360/1360 1361/1361/1361 
f 1362/1362/1362 1363/1363/1363 1364/1364/1364 
f 1365/1365/1365 1366/1366/1366 1367/1367/1367 
f 1368/1368/1368 1369/1369/1369 1370/1370/1370 
f 1371/1371/1371 1372/1372/1372 1373/1373/1373 
f 1374/1374/1374 1375/1375/1375 1376/1376/1376 
f 1377/1377/1377 1378/1378/1378 1379/1379/1379 
f 1380/1380/1380 1381/1381/1381 1382/1382/1382 
f 1383/1383/1383 1384/1384/1384 1385/1385/1385 
f 1386/1386/1386 1387/1387/1387 1388/1388/1388 
f 1389/1389/1389 1390/1390/1390 1391/1391/1391 
f 1392/1392/1392 1393/1393/1393 1394/1394/1394 
f 1395/1395/1395 1396/1396/1396 1397/1397/1397 
f 1398/1398/1398 1399/1399/1399 1400/1400/1400 
f 1401/1401/1401 1402/1402/1402 1403/1403/1403 
f 1404/1404/1404 1405/1405/1405 1406/1406/1406 
f 1407/1407/1407 1408/1408/1408 1409/1409/1409 
f 1410/1410/1410 1411/1411/1411 1412/1412/1412 
f 1413/1413/1413 1414/1414/1414 1415/1415/1415 
f 1416/1416/1416 1417/1417/1417 1418/1418/1418 
f 1419/1419/1419 1420/1420/1420 1421/1421/1421 
f 1422/1422/1422 1423/1423/1423 1424/1424/1424 
f 1425/1425/1425 1426/1426/1426 1427/1427/1427 
f 1428/1428/1428 1429/1429/1429 1430/1430/1430 
f 1431/1431/1431 1432/1432/1432 1433/1433/1433 
f 1434/1434/1434 1435/1435/1435 1436/1436/1436 
f 1437/1437/1437 1438/1438/1438 1439/1439/1439 
f 1440/1440/1440 1441/1441/1441 1442/1442/1442 
f 1443/1443/1443 1444/1444/1444 1445/1445/1445 
f 1446/1446/1446 1447/1447/1447 1448/1448/1448 
f 1449/1449/1449 1450/1450/1450 1451/1451/1451 
f 1452/1452/1452 1453/1453/1453 1454/1454/1454 
f 1455/1455/1455 1456/1456/1456 1457/1457/1457 
f 1458/1458/1458 1459/1459/1459 1460/1460/1460 
f 1461/1461/1461 1462/1462/1462 1463/1463/1463 
f 1464/1464/1464 1465/1465/1465 1466/1466/1466 
f 1467/1467/1467 1468/1468/1468 1469/1469/1469 
f 1470/1470/1470 1471/1471/1471 1472/1472/1472 
f 1473/1473/1473 1474/1474/1474 1475/1475/1475 
f 1476/1476/1476 1477/1477/1477 1478/1478/1478 
f 1479/1479/1479 1480/1480/1480 1481/1481/1481 
f 1482/1482/1482 1483/1483/1483 1484/1484/1484 
f 1485/1485/1485 1486/1486/1486 1487/1487/1487 
f 1488/1488/1488 1489/1489/1489 1490/1490/1490 
f 1491/1491/1491 1492/1492/1492 1493/1493/1493 
f 1494/1494/1494 1495/1495/1495 1496/1496/1496 
f 1497/1497/1497 1498/1498/1498 1499/1499/1499 
f 1500/1500/1500 1501/1501/1501 1502/1502/1502 
f 1503/1503/1503 1504/1504/1504 1505/1505/1505 
f 1506/1506/1506 1507/1507/1507 1508/1508/1508 
f 1509/1509/1509 1510/1510/1510 1511/1511/1511 
f 1512/1512/1512 1513/1513/1513 1514/1514/1514 
f 1515/1515/1515 1516/1516/1516 1517/1517/1517 
f 1518/1518/1518 1519/1519/1519 1520/1520/1520 
f 1521/1521/1521 1522/1522/1522 1523/1523/1523 
f 1524/1524/1524 1525/1525/1525 1526/1526/1526 
f 1527/1527/1527 1528/1528/1528 1529/1529/1529 
f 1530/1530/1530 1531/1531/1531 1532/1532/1532 
f 1533/1533/1533 1534/1534/1534 1535/1535/1535 
f 1536/1536/1536 1537/1537/1537 1538/1538/1538 
f 1539/1539/1539 1540/1540/1540 1541/1541/1541 
f 1542/1542/1542 1543/1543/1543 1544/1544/1544 
f 1545/1545/1545 1546/1546/1546 1547/1547/1547 
f 1548/1548/1548 1549/1549/1549 1550/1550/1550 
f 1551/1551/1551 1552/1552/1552 1553/1553/1553 
f 1554/1554/1554 1555/1555/1555 1556/1556/1556 
f 1557/1557/1557 1558/1558/1558 1559/1559/1559 
f 1560/1560/1560 1561/1561/1561 1562/1562/1562 
f 1563/1563/1563 1564/1564/1564 1565/1565/1565 
f 1566/1566/1566 1567/1567/1567 1568/1568/1568 
f 1569/1569/1569 1570/1570/1570 1571/1571/1571 
f 1572/1572/1572 1573/1573/1573 1574/1574/1574 
f 1575/1575/1575 1576/1576/1576 1577/1577/1577 
f 1578/1578/1578 1579/1579/1579 1580/1580/1580 
f 1581/1581/1581 1582/1582/1582 1583/1583/1583 
f 1584/1584/1584 1585/1585/1585 1586/1586/1586 
f 1587/1587/1587 1588/1588/1588 1589/1589/1589 
f 1590/1590/1590 1591/1591/1591 1592/1592/1592 
f 1593/1593/1593 1594/1594/1594 1595/1595/1595 
f 1596/1596/1596 1597/1597/1597 1598/1598/1598 
f 1599/1599/1599 1600/1600/1600 1601/1601/1601 
f 1602/1602/1602 1603/1603/1603 1604/1604/1604 
f 1605/1605/1605 1606/1606/1606 1607/1607/1607 
f 1608/1608/1608 1609/1609/1609 1610/1610/1610 
f 1611/1611/1611 1612/1612/1612 1613/1613/1613 
f 1614/1614/1614 1615/1615/1615 1616/1616/1616 
f 1617/1617/1617 1618/1618/1618 1619/1619/1619 
f 1620/1620/1620 1621/1621/1621 1622/1622/1622 
f 1623/1623/1623 1624/1624/1624 1625/1625/1625 
f 1626/1626/1626 1627/1627/1627 1628/1628/1628 
f 1629/1629/1629 1630/1630/1630 1631/1631/1631 
f 1632/1632/1632 1633/1633/1633 1634/1634/1634 
f 1635/1635/1635 1636/1636/1636 1637/1637/1637 
f 1638/1638/1638 1639/1639/1639 1640/1640/1640 
f 1641/1641/1641 1642/1642/1642 1643/1643/1643 
f 1644/1644/1644 1645/1645/1645 1646/1646/1646 
f 1647/1647/1647 1648/1648/1648 1649/1649/1649 
f 1650/1650/1650 1651/1651/1651 1652/1652/1652 
f 1653/1653/1653 1654/1654/1654 1655/1655/1655 
f 1656/1656/1656 1657/1657/1657 1658/1658/1658 
f 1659/1659/1659 1660/1660/1660 1661/1661/1661 
f 1662/1662/1662 1663/1663/1663 1664/1664/1664 
f 1665/1665/1665 1666/1666/1666 1667/1667/1667 
f 1668/1668/1668 1669/1669/1669 1670/1670/1670 
f 1671/1671/1671 1672/1672/1672 1673/1673/1673 
f 1674/1674/1674 1675/1675/1675 1676/1676/1676 
f 1677/1677/1677 1678/1678/1678 1679/1679/1679 
f 1680/1680/1680 1681/1681/1681 1682/1682/1682 
f 1683/1683/1683 1684/1684/1684 1685/1685/1685 
f 1686/1686/1686 1687/1687/1687 1688/1688/1688 
f 1689/1689/1689 1690/1690/1690 1691/1691/1691 
f 1692/1692/1692 1693/1693/1693 1694/1694/1694 
f 1695/1695/1695 1696/1696/1696 1697/1697/1697 
f 1698/1698/1698 1699/1699/1699 1700/1700/1700 
f 1701/1701/1701 1702/1702/1702 1703/1703/1703 
f 1704/1704/1704 1705/1705/1705 1706/1706/1706 
f 1707/1707/1707 1708/1708/1708 1709/1709/1709 
f 1710/1710/1710 1711/1711/1711 1712/1712/1712 
f 1713/1713/1713 1714/1714/1714 1715/1715/1715 
f 1716/1716/1716 1717/1717/1717 1718/1718/1718 
f 1719/1719/1719 1720/1720/1720 1721/1721/1721 
f 1722/1722/1722 1723/1723/1723 1724/1724/1724 
f 1725/1725/1725 1726/1726/1726 1727/1727/1727 
f 1728/1728/1728 1729/1729/1729 1730/1730/1730 
f 1731/1731/1731 1732/1732/1732 1733/1733/1733 
f 1734/1734/1734 1735/1735/1735 1736/1736/1736 
f 1737/1737/1737 1738/1738/1738 1739/1739/1739 
f 1740/1740/1740 1741/1741/1741 1742/1742/1742 
f 1743/1743/1743 1744/1744/1744 1745/1745/1745 
f 1746/1746/1746 1747/1747/1747 1748/1748/1748 
f 1749/1749/1749 1750/1750/1750 1751/1751/1751 
f 1752/1752/1752 1753/1753/1753 1754/1754/1754 
f 1755/1755/1755 1756/1756/1756 1757/1757/1757 
f 1758/1758/1758 1759/1759/1759 1760/1760/1760 
f 1761/1761/1761 1762/1762/1762 1763/1763/1763 
f 1764/1764/1764 1765/1765/1765 1766/1766/1766 
f 1767/1767/1767 1768/1768/1768 1769/1769/1769 
f 1770/1770/1770 1771/1771/1771 1772/1772/1772 
f 1773/1773/1773 1774/1774/1774 1775/1775/1775 
f 1776/1776/1776 1777/1777/1777 1778/1778/1778 
f 1779/1779/1779 1780/1780/1780 1781/1781/1781 
f 1782/1782/1782 1783/1783/1783 1784/1784/1784 
f 1785/1785/1785 1786/1786/1786 1787/1787/1787 
f 1788/1788/1788 1789/1789/1789 1790/1790/1790 
f 1791/1791/1791 1792/1792/1792 1793/1793/1793 
f 1794/1794/1794 1795/1795/1795 1796/1796/1796 
f 1797/1797/1797 1798/1798/1798 1799/1799/1799 
f 1800/1800/1800 1801/1801/1801 1802/1802/1802 
f 1803/1803/1803 1804/1804/1804 1805/1805/1805 
f 1806/1806/1806 1807/1807/1807 1808/1808/1808 
f 1809/1809/1809 1810/1810/1810 1811/1811/1811 
f 1812/1812/1812 1813/1813/1813 1814/1814/1814 
f 1815/1815/1815 1816/1816/1816 1817/1817/1817 
f 1818/1818/1818 1819/1819/1819 1820/1820/1820 
f 1821/1821/1821 1822/1822/1822 1823/1823/1823 
f 1824/1824/1824 1825/1825/1825 1826/1826/1826 
f 1827/1827/1827 1828/1828/1828 1829/1829/1829 
f 1830/1830/1830 1831/1831/1831 1832/1832/1832 
f 1833/1833/1833 1834/1834/1834 1835/1835/1835 
f 1836/1836/1836 1837/1837/1837 1838/1838/1838 
f 1839/1839/1839 1840/1840/1840 1841/1841/1841 
f 1842/1842/1842 1843/1843/1843 1844/1844/1844 
f 1845/1845/1845 1846/1846/1846 1847/1847/1847 
f 1848/1848/1848 1849/1849/1849 1850/1850/1850 
f 1851/1851/1851 1852/1852/1852 1853/1853/1853 
f 1854/1854/1854 1855/1855/1855 1856/1856/1856 
f 1857/1857/1857 1858/1858/1858 1859/1859/1859 
f 1860/1860/1860 1861/1861/1861 1862/1862/1862 
f 1863/1863/1863 1864/1864/1864 1865/1865/1865 
f 1866/1866/1866 1867/1867/1867 1868/1868/1868 
f 1869/1869/1869 1870/1870/1870 1871/1871/1871 
f 1872/1872/1872 1873/1873/1873 1874/1874/1874 
f 1875/1875/1875 1876/1876/1876 1877/1877/1877 
f 1878/1878/1878 1879/1879/1879 1880/1880/1880 
f 1881/1881/1881 1882/1882/1882 1883/1883/1883 
f 1884/1884/1884 1885/1885/1885 1886/1886/1886 
f 1887/1887/1887 1888/1888/1888 1889/1889/1889 
f 1890/1890/1890 1891/1891/1891 1892/1892/1892 
f 1893/1893/1893 1894/1894/1894 1895/1895/1895 
f 1896/1896/1896 1897/1897/1897 1898/1898/1898 
f 1899/1899/1899 1900/1900/1900 1901/1901/1901 
f 1902/1902/1902 1903/1903/1903 1904/1904/1904 
f 1905/1905/1905 1906/1906/1906 1907/1907/1907 
f 1908/1908/1908 1909/1909/1909 1910/1910/1910 
f 1911/1911/1911 1912/1912/1912 1913/1913/1913 
f 1914/1914/1914 1915/1915/1915 1916/1916/1916 
f 1917/1917/1917 1918/1918/1918 1919/1919/1919 
f 1920/1920/1920 1921/1921/1921 1922/1922/1922 
f 1923/1923/1923 1924/1924/1924 1925/1925/1925 
f 1926/1926/1926 1927/1927/1927 1928/1928/1928 
f 1929/1929/1929 1930/1930/1930 1931/1931/1931 
f 1932/1932/1932 1933/1933/1933 1934/1934/1934 
f 1935/1935/1935 1936/1936/1936 1937/1937/1937 
f 1938/1938/1938 1939/1939/1939 1940/1940/1940 
f 1941/1941/1941 1942/1942/1942 1943/1943/1943 
f 1944/1944/1944 1945/1945/1945 1946/1946/1946 
f 1947/1947/1947 1948/1948/1948 1949/1949/1949 
f 1950/1950/1950 1951/1951/1951 1952/1952/1952 
f 1953/1953/1953 1954/1954/1954 1955/1955/1955 
f 1956/1956/1956 1957/1957/1957 1958/1958/1958 
f 1959/1959/1959 1960/1960/1960 1961/1961/1961 
f 1962/1962/1962 1963/1963/1963 1964/1964/1964 
f 1965/1965/1965 1966/1966/1966 1967/1967/1967 
f 1968/1968/1968 1969/1969/1969 1970/1970/1970 
f 1971/1971/1971 1972/1972/1972 1973/1973/1973 
f 1974/1974/1974 1975/1975/1975 1976/1976/1976 
f 1977/1977/1977 1978/1978/1978 1979/1979/1979 
f 1980/1980/1980 1981/1981/1981 1982/1982/1982 
f 1983/1983/1983 1984/1984/1984 1985/1985/1985 
f 1986/1986/1986 1987/1987/1987 1988/1988/1988 
f 1989/1989/1989 1990/1990/1990 1991/1991/1991 
f 1992/1992/1992 1993/1993/1993 1994/1994/1994 
f 1995/1995/1995 1996/1996/1996 1997/1997/1997 
f 1998/1998/1998 1999/1999/1999 2000/2000/2000 
f 2001/2001/2001 2002/2002/2002 2003/2003/2003 
f 2004/2004/2004 2005/2005/2005 2006/2006/2006 
f 2007/2007/2007 2008/2008/2008 2009/2009/2009 
f 2010/2010/2010 2011/2011/2011 2012/2012/2012 
f 2013/2013/2013 2014/2014/2014 2015/2015/2015 
f 2016/2016/2016 2017/2017/2017 2018/2018/2018 
f 2019/2019/2019 2020/2020/2020 2021/2021/2021 
f 2022/2022/2022 2023/2023/2023 2024/2024/2024 
f 2025/2025/2025 2026/2026/2026 2027/2027/2027 
f 2028/2028/2028 2029/2029/2029 2030/2030/2030 
f 2031/2031/2031 2032/2032/2032 2033/2033/2033 
f 2034/2034/2034 2035/2035/2035 2036/2036/2036 
f 2037/2037/2037 2038/2038/2038 2039/2039/2039 
f 2040/2040/2040 2041/2041/2041 2042/2042/2042 
f 2043/2043/2043 2044/2044/2044 2045/2045/2045 
f 2046/2046/2046 2047/2047/2047 2048/2048/2048 
f 2049/2049/2049 2050/2050/2050 2051/2051/2051 
f 2052/2052/2052 2053/2053/2053 2054/2054/2054 
f 2055/2055/2055 2056/2056/2056 2057/2057/2057 
f 2058/2058/2058 2059/2059/2059 2060/2060/2060 
f 2061/2061/2061 2062/2062/2062 2063/2063/2063 
f 2064/2064/2064 2065/2065/2065 2066/2066/2066 
f 2067/2067/2067 2068/2068/2068 2069/2069/2069 
f 2070/2070/2070 2071/2071/2071 2072/2072/2072 
f 2073/2073/2073 2074/2074/2074 2075/2075/2075 
f 2076/2076/2076 2077/2077/2077 2078/2078/2078 
f 2079/2079/2079 2080/2080/2080 2081/2081/2081 
f 2082/2082/2082 2083/2083/2083 2084/2084/2084 
f 2085/2085/2085 2086/2086/2086 2087/2087/2087 
f 2088/2088/2088 2089/2089/2089 2090/2090/2090 
f 2091/2091/2091 2092/2092/2092 2093/2093/2093 
f 2094/2094/2094 2095/2095/2095 2096/2096/2096 
f 2097/2097/2097 2098/2098/2098 2099/2099/2099 
f 2100/2100/2100 2101/2101/2101 2102/2102/2102 
f 2103/2103/2103 2104/2104/2104 2105/2105/2105 
f 2106/2106/2106 2107/2107/2107 2108/2108/2108 
f 2109/2109/2109 2110/2110/2110 2111/2111/2111 
f 2112/2112/2112 2113/2113/2113 2114/2114/2114 
f 2115/2115/2115 2116/2116/2116 2117/2117/2117 
f 2118/2118/2118 2119/2119/2119 2120/2120/2120 
f 2121/2121/2121 2122/2122/2122 2123/2123/2123 
f 2124/2124/2124 2125/2125/2125 2126/2126/2126 
f 2127/2127/2127 2128/2128/2128 2129/2129/2129 
f 2130/2130/2130 2131/2131/2131 2132/2132/2132 
f 2133/2133/2133 2134/2134/2134 2135/2135/2135 
f 2136/2136/2136 2137/2137/2137 2138/2138/2138 
f 2139/2139/2139 2140/2140/2140 2141/2141/2141 
f 2142/2142/2142 2143/2143/2143 2144/2144/2144 
f 2145/2145/2145 2146/2146/2146 2147/2147/2147 
f 2148/2148/2148 2149/2149/2149 2150/2150/2150 
f 2151/2151/2151 2152/2152/2152 2153/2153/2153 
f 2154/2154/2154 2155/2155/2155 2156/2156/2156 
f 2157/2157/2157 2158/2158/2158 2159/2159/2159 
f 2160/2160/2160 2161/2161/2161 2162/2162/2162 
f 2163/2163/2163 2164/2164/2164 2165/2165/2165 
f 2166/2166/2166 2167/2167/2167 2168/2168/2168 
f 2169/2169/2169 2170/2170/2170 2171/2171/2171 
f 2172/2172/2172 2173/2173/2173 2174/2174/2174 
f 2175/2175/2175 2176/2176/2176 2177/2177/2177 
f 2178/2178/2178 2179/2179/2179 2180/2180/2180 
f 2181/2181/2181 2182/2182/2182 2183/2183/2183 
f 2184/2184/2184 2185/2185/2185 2186/2186/2186 
f 2187/2187/2187 2188/2188/2188 2189/2189/2189 
f 2190/2190/2190 2191/2191/2191 2192/2192/2192 
f 2193/2193/2193 2194/2194/2194 2195/2195/2195 
f 2196/2196/2196 2197/2197/2197 2198/2198/2198 
f 2199/2199/2199 2200/2200/2200 2201/2201/2201 
f 2202/2202/2202 2203/2203/2203 2204/2204/2204 
f 2205/2205/2205 2206/2206/2206 2207/2207/2207 
f 2208/2208/2208 2209/2209/2209 2210/2210/2210 
f 2211/2211/2211 2212/2212/2212 2213/2213/2213 
f 2214/2214/2214 2215/2215/2215 2216/2216/2216 
f 2217/2217/2217 2218/2218/2218 2219/2219/2219 
f 2220/2220/2220 2221/2221/2221 2222/2222/2222 
f 2223/2223/2223 2224/2224/2224 2225/2225/2225 
f 2226/2226/2226 2227/2227/2227 2228/2228/2228 
f 2229/2229/2229 2230/2230/2230 2231/2231/2231 
f 2232/2232/2232 2233/2233/2233 2234/2234/2234 
f 2235/2235/2235 2236/2236/2236 2237/2237/2237 
f 2238/2238/2238 2239/2239/2239 2240/2240/2240 
f 2241/2241/2241 2242/2242/2242 2243/2243/2243 
f 2244/2244/2244 2245/2245/2245 2246/2246/2246 
f 2247/2247/2247 2248/2248/2248 2249/2249/2249 
f 2250/2250/2250 2251/2251/2251 2252/2252/2252 
f 2253/2253/2253 2254/2254/2254 2255/2255/2255 
f 2256/2256/2256 2257/2257/2257 2258/2258/2258 
f 2259/2259/2259 2260/2260/2260 2261/2261/2261 
f 2262/2262/2262 2263/2263/2263 2264/2264/2264 
f 2265/2265/2265 2266/2266/2266 2267/2267/2267 
f 2268/2268/2268 2269/2269/2269 2270/2270/2270 
f 2271/2271/2271 2272/2272/2272 2273/2273/2273 
f 2274/2274/2274 2275/2275/2275 2276/2276/2276 
f 2277/2277/2277 2278/2278/2278 2279/2279/2279 
f 2280/2280/2280 2281/2281/2281 2282/2282/2282 
f 2283/2283/2283 2284/2284/2284 2285/2285/2285 
f 2286/2286/2286 2287/2287/2287 2288/2288/2288 
f 2289/2289/2289 2290/2290/2290 2291/2291/2291 
f 2292/2292/2292 2293/2293/2293 2294/2294/2294 
f 2295/2295/2295 2296/2296/2296 2297/2297/2297 
f 2298/2298/2298 2299/2299/2299 2300/2300/2300 
f 2301/2301/2301 2302/2302/2302 2303/2303/2303 
f 2304/2304/2304 2305/2305/2305 2306/2306/2306 
f 2307/2307/2307 2308/2308/2308 2309/2309/2309 
f 2310/2310/2310 2311/2311/2311 2312/2312/2312 
f 2313/2313/2313 2314/2314/2314 2315/2315/2315 
f 2316/2316/2316 2317/2317/2317 2318/2318/2318 
f 2319/2319/2319 2320/2320/2320 2321/2321/2321 
f 2322/2322/2322 2323/2323/2323 2324/2324/2324 
f 2325/2325/2325 2326/2326/2326 2327/2327/2327 
f 2328/2328/2328 2329/2329/2329 2330/2330/2330 
f 2331/2331/2331 2332/2332/2332 2333/2333/2333 
f 2334/2334/2334 2335/2335/2335 2336/2336/2336 
f 2337/2337/2337 2338/2338/2338 2339/2339/2339 
f 2340/2340/2340 2341/2341/2341 2342/2342/2342 
f 2343/2343/2343 2344/2344/2344 2345/2345/2345 
f 2346/2346/2346 2347/2347/2347 2348/2348/2348 
f 2349/2349/2349 2350/2350/2350 2351/2351/2351 
f 2352/2352/2352 2353/2353/2353 2354/2354/2354 
f 2355/2355/2355 2356/2356/2356 2357/2357/2357 
f 2358/2358/2358 2359/2359/2359 2360/2360/2360 
f 2361/2361/2361 2362/2362/2362 2363/2363/2363 
f 2364/2364/2364 2365/2365/2365 2366/2366/2366 
f 2367/2367/2367 2368/2368/2368 2369/2369/2369 
f 2370/2370/2370 2371/2371/2371 2372/2372/2372 
f 2373/2373/2373 2374/2374/2374 2375/2375/2375 
f 2376/2376/2376 2377/2377/2377 2378/2378/2378 
f 2379/2379/2379 2380/2380/2380 2381/2381/2381 
f 2382/2382/2382 2383/2383/2383 2384/2384/2384 
f 2385/2385/2385 2386/2386/2386 2387/2387/2387 
f 2388/2388/2388 2389/2389/2389 2390/2390/2390 
f 2391/2391/2391 2392/2392/2392 2393/2393/2393 
f 2394/2394/2394 2395/2395/2395 2396/2396/2396 
f 2397/2397/2397 2398/2398/2398 2399/2399/2399 
f 2400/2400/2400 2401/2401/2401 2402/2402/2402 
f 2403/2403/2403 2404/2404/2404 2405/2405/2405 
f 2406/2406/2406 2407/2407/2407 2408/2408/2408 
f 2409/2409/2409 2410/2410/2410 2411/2411/2411 
f 2412/2412/2412 2413/2413/2413 2414/2414/2414 
f 2415/2415/2415 2416/2416/2416 2417/2417/2417 
f 2418/2418/2418 2419/2419/2419 2420/2420/2420 
f 2421/2421/2421 2422/2422/2422 2423/2423/2423 
f 2424/2424/2424 2425/2425/2425 2426/2426/2426 
f 2427/2427/2427 2428/2428/2428 2429/2429/2429 
f 2430/2430/2430 2431/2431/2431 2432/2432/2432 
f 2433/2433/2433 2434/2434/2434 2435/2435/2435 
f 2436/2436/2436 2437/2437/2437 2438/2438/2438 
f 2439/2439/2439 2440/2440/2440 2441/2441/2441 
f 2442/2442/2442 2443/2443/2443 2444/2444/2444 
f 2445/2445/2445 2446/2446/2446 2447/2447/2447 
f 2448/2448/2448 2449/2449/2449 2450/2450/2450 
f 2451/2451/2451 2452/2452/2452 2453/2453/2453 
f 2454/2454/2454 2455/2455/2455 2456/2456/2456 
f 2457/2457/2457 2458/2458/2458 2459/2459/2459 
f 2460/2460/2460 2461/2461/2461 2462/2462/2462 
f 2463/2463/2463 2464/2464/2464 2465/2465/2465 
f 2466/2466/2466 2467/2467/2467 2468/2468/2468 
f 2469/2469/2469 2470/2470/2470 2471/2471/2471 
f 2472/2472/2472 2473/2473/2473 2474/2474/2474 
f 2475/2475/2475 2476/2476/2476 2477/2477/2477 
f 2478/2478/2478 2479/2479/2479 2480/2480/2480 
f 2481/2481/2481 2482/2482/2482 2483/2483/2483 
f 2484/2484/2484 2485/2485/2485 2486/2486/2486 
f 2487/2487/2487 2488/2488/2488 2489/2489/2489 
f 2490/2490/2490 2491/2491/2491 2492/2492/2492 
f 2493/2493/2493 2494/2494/2494 2495/2495/2495 
f 2496/2496/2496 2497/2497/2497 2498/2498/2498 
f 2499/2499/2499 2500/2500/2500 2501/2501/2501 
f 2502/2502/2502 2503/2503/2503 2504/2504/2504 
f 2505/2505/2505 2506/2506/2506 2507/2507/2507 
f 2508/2508/2508 2509/2509/2509 2510/2510/2510 
f 2511/2511/2511 2512/2512/2512 2513/2513/2513 
f 2514/2514/2514 2515/2515/2515 2516/2516/2516 
f 2517/2517/2517 2518/2518/2518 2519/2519/2519 
f 2520/2520/2520 2521/2521/2521 2522/2522/2522 
f 2523/2523/2523 2524/2524/2524 2525/2525/2525 
f 2526/2526/2526 2527/2527/2527 2528/2528/2528 
f 2529/2529/2529 2530/2530/2530 2531/2531/2531 
f 2532/2532/2532 2533/2533/2533 2534/2534/2534 
f 2535/2535/2535 2536/2536/2536 2537/2537/2537 
f 2538/2538/2538 2539/2539/2539 2540/2540/2540 
f 2541/2541/2541 2542/2542/2542 2543/2543/2543 
f 2544/2544/2544 2545/2545/2545 2546/2546/2546 
f 2547/2547/2547 2548/2548/2548 2549/2549/2549 
f 2550/2550/2550 2551/2551/2551 2552/2552/2552 
f 2553/2553/2553 2554/2554/2554 2555/2555/2555 
f 2556/2556/2556 2557/2557/2557 2558/2558/2558 
f 2559/2559/2559 2560/2560/2560 2561/2561/2561 
f 2562/2562/2562 2563/2563/2563 2564/2564/2564 
f 2565/2565/2565 2566/2566/2566 2567/2567/2567 
f 2568/2568/2568 2569/2569/2569 2570/2570/2570 
f 2571/2571/2571 2572/2572/2572 2573/2573/2573 
f 2574/2574/2574 2575/2575/2575 2576/2576/2576 
f 2577/2577/2577 2578/2578/2578 2579/2579/2579 
f 2580/2580/2580 2581/2581/2581 2582/2582/2582 
f 2583/2583/2583 2584/2584/2584 2585/2585/2585 
f 2586/2586/2586 2587/2587/2587 2588/2588/2588 
f 2589/2589/2589 2590/2590/2590 2591/2591/2591 
f 2592/2592/2592 2593/2593/2593 2594/2594/2594 
f 2595/2595/2595 2596/2596/2596 2597/2597/2597 
f 2598/2598/2598 2599/2599/2599 2600/2600/2600 
f 2601/2601/2601 2602/2602/2602 2603/2603/2603 
f 2604/2604/2604 2605/2605/2605 2606/2606/2606 
f 2607/2607/2607 2608/2608/2608 2609/2609/2609 
f 2610/2610/2610 2611/2611/2611 2612/2612/2612 
f 2613/2613/2613 2614/2614/2614 2615/2615/2615 
f 2616/2616/2616 2617/2617/2617 2618/2618/2618 
f 2619/2619/2619 2620/2620/2620 2621/2621/2621 
f 2622/2622/2622 2623/2623/2623 2624/2624/2624 
f 2625/2625/2625 2626/2626/2626 2627/2627/2627 
f 2628/2628/2628 2629/2629/2629 2630/2630/2630 
f 2631/2631/2631 2632/2632/2632 2633/2633/2633 
f 2634/2634/2634 2635/2635/2635 2636/2636/2636 
f 2637/2637/2637 2638/2638/2638 2639/2639/2639 
f 2640/2640/2640 2641/2641/2641 2642/2642/2642 
f 2643/2643/2643 2644/2644/2644 2645/2645/2645 
f 2646/2646/2646 2647/2647/2647 2648/2648/2648 
f 2649/2649/2649 2650/2650/2650 2651/2651/2651 
f 2652/2652/2652 2653/2653/2653 2654/2654/2654 
f 2655/2655/2655 2656/2656/2656 2657/2657/2657 
f 2658/2658/2658 2659/2659/2659 2660/2660/2660 
f 2661/2661/2661 2662/2662/2662 2663/2663/2663 
f 2664/2664/2664 2665/2665/2665 2666/2666/2666 
f 2667/2667/2667 2668/2668/2668 2669/2669/2669 
f 2670/2670/2670 2671/2671/2671 2672/2672/2672 
f 2673/2673/2673 2674/2674/2674 2675/2675/2675 
f 2676/2676/2676 2677/2677/2677 2678/2678/2678 
f 2679/2679/2679 2680/2680/2680 2681/2681/2681 
f 2682/2682/2682 2683/2683/2683 2684/2684/2684 
f 2685/2685/2685 2686/2686/2686 2687/2687/2687 
f 2688/2688/2688 2689/2689/2689 2690/2690/2690 
f 2691/2691/2691 2692/2692/2692 2693/2693/2693 
f 2694/2694/2694 2695/2695/2695 2696/2696/2696 
f 2697/2697/2697 2698/2698/2698 2699/2699/2699 
f 2700/2700/2700 2701/2701/2701 2702/2702/2702 
f 2703/2703/2703 2704/2704/2704 2705/2705/2705 
f 2706/2706/2706 2707/2707/2707 2708/2708/2708 
f 2709/2709/2709 2710/2710/2710 2711/2711/2711 
f 2712/2712/2712 2713/2713/2713 2714/2714/2714 
f 2715/2715/2715 2716/2716/2716 2717/2717/2717 
f 2718/2718/2718 2719/2719/2719 2720/2720/2720 
f 2721/2721/2721 2722/2722/2722 2723/2723/2723 
f 2724/2724/2724 2725/2725/2725 2726/2726/2726 
f 2727/2727/2727 2728/2728/2728 2729/2729/2729 
f 2730/2730/2730 2731/2731/2731 2732/2732/2732 
f 2733/2733/2733 2734/2734/2734 2735/2735/2735 
f 2736/2736/2736 2737/2737/2737 2738/2738/2738 
f 2739/2739/2739 2740/2740/2740 2741/2741/2741 
f 2742/2742/2742 2743/2743/2743 2744/2744/2744 
f 2745/2745/2745 2746/2746/2746 2747/2747/2747 
f 2748/2748/2748 2749/2749/2749 2750/2750/2750 
f 2751/2751/2751 2752/2752/2752 2753/2753/2753 
f 2754/2754/2754 2755/2755/2755 2756/2756/2756 
f 2757/2757/2757 2758/2758/2758 2759/2759/2759 
f 2760/2760/2760 2761/2761/2761 2762/2762/2762 
f 2763/2763/2763 2764/2764/2764 2765/2765/2765 
f 2766/2766/2766 2767/2767/2767 2768/2768/2768 
f 2769/2769/2769 2770/2770/2770 2771/2771/2771 
f 2772/2772/2772 2773/2773/2773 2774/2774/2774 
f 2775/2775/2775 2776/2776/2776 2777/2777/2777 
f 2778/2778/2778 2779/2779/2779 2780/2780/2780 
f 2781/2781/2781 2782/2782/2782 2783/2783/2783 
f 2784/2784/2784 2785/2785/2785 2786/2786/2786 
f 2787/2787/2787 2788/2788/2788 2789/2789/2789 
f 2790/2790/2790 2791/2791/2791 2792/2792/2792 
f 2793/2793/2793 2794/2794/2794 2795/2795/2795 
f 2796/2796/2796 2797/2797/2797 2798/2798/2798 
f 2799/2799/2799 2800/2800/2800 2801/2801/2801 
f 2802/2802/2802 2803/2803/2803 2804/2804/2804 
f 2805/2805/2805 2806/2806/2806 2807/2807/2807 
f 2808/2808/2808 2809/2809/2809 2810/2810/2810 
f 2811/2811/2811 2812/2812/2812 2813/2813/2813 
f 2814/2814/2814 2815/2815/2815 2816/2816/2816 
f 2817/2817/2817 2818/2818/2818 2819/2819/2819 
f 2820/2820/2820 2821/2821/2821 2822/2822/2822 
f 2823/2823/2823 2824/2824/2824 2825/2825/2825 
f 2826/2826/2826 2827/2827/2827 2828/2828/2828 
f 2829/2829/2829 2830/2830/2830 2831/2831/2831 
f 2832/2832/2832 2833/2833/2833 2834/2834/2834 
f 2835/2835/2835 2836/2836/2836 2837/2837/2837 
f 2838/2838/2838 2839/2839/2839 2840/2840/2840 
f 2841/2841/2841 2842/2842/2842 2843/2843/2843 
f 2844/2844/2844 2845/2845/2845 2846/2846/2846 
f 2847/2847/2847 2848/2848/2848 2849/2849/2849 
f 2850/2850/2850 2851/2851/2851 2852/2852/2852 
f 2853/2853/2853 2854/2854/2854 2855/2855/2855 
f 2856/2856/2856 2857/2857/2857 2858/2858/2858 
f 2859/2859/2859 2860/2860/2860 2861/2861/2861 
f 2862/2862/2862 2863/2863/2863 2864/2864/2864 
f 2865/2865/2865 2866/2866/2866 2867/2867/2867 
f 2868/2868/2868 2869/2869/2869 2870/2870/2870 
f 2871/2871/2871 2872/2872/2872 2873/2873/2873 
f 2874/2874/2874 2875/2875/2875 2876/2876/2876 
f 2877/2877/2877 2878/2878/2878 2879/2879/2879 
f 2880/2880/2880 2881/2881/2881 2882/2882/2882 
f 2883/2883/2883 2884/2884/2884 2885/2885/2885 
f 2886/2886/2886 2887/2887/2887 2888/2888/2888 
f 2889/2889/2889 2890/2890/2890 2891/2891/2891 
f 2892/2892/2892 2893/2893/2893 2894/2894/2894 
f 2895/2895/2895 2896/2896/2896 2897/2897/2897 
f 2898/2898/2898 2899/2899/2899 2900/2900/2900 
f 2901/2901/2901 2902/2902/2902 2903/2903/2903 
f 2904/2904/2904 2905/2905/2905 2906/2906/2906 
f 2907/2907/2907 2908/2908/2908 2909/2909/2909 
f 2910/2910/2910 2911/2911/2911 2912/2912/2912 
f 2913/2913/2913 2914/2914/2914 2915/2915/2915 
f 2916/2916/2916 2917/2917/2917 2918/2918/2918 
f 2919/2919/2919 2920/2920/2920 2921/2921/2921 
f 2922/2922/2922 2923/2923/2923 2924/2924/2924 
f 2925/2925/2925 2926/2926/2926 2927/2927/2927 
f 2928/2928/2928 2929/2929/2929 2930/2930/2930 
f 2931/2931/2931 2932/2932/2932 2933/2933/2933 
f 2934/2934/2934 2935/2935/2935 2936/2936/2936 
f 2937/2937/2937 2938/2938/2938 2939/2939/2939 
f 2940/2940/2940 2941/2941/2941 2942/2942/2942 
f 2943/2943/2943 2944/2944/2944 2945/2945/2945 
f 2946/2946/2946 2947/2947/2947 2948/2948/2948 
f 2949/2949/2949 2950/2950/2950 2951/2951/2951 
f 2952/2952/2952 2953/2953/2953 2954/2954/2954 
f 2955/2955/2955 2956/2956/2956 2957/2957/2957 
f 2958/2958/2958 2959/2959/2959 2960/2960/2960 
f 2961/2961/2961 2962/2962/2962 2963/2963/2963 
f 2964/2964/2964 2965/2965/2965 2966/2966/2966 
f 2967/2967/2967 2968/2968/2968 2969/2969/2969 
f 2970/2970/2970 2971/2971/2971 2972/2972/2972 
f 2973/2973/2973 2974/2974/2974 2975/2975/2975 
f 2976/2976/2976 2977/2977/2977 2978/2978/2978 
f 2979/2979/2979 2980/2980/2980 2981/2981/2981 
f 2982/2982/2982 2983/2983/2983 2984/2984/2984 
f 2985/2985/2985 2986/2986/2986 2987/2987/2987 
f 2988/2988/2988 2989/2989/2989 2990/2990/2990 
f 2991/2991/2991 2992/2992/2992 2993/2993/2993 
f 2994/2994/2994 2995/2995/2995 2996/2996/2996 
f 2997/2997/2997 2998/2998/2998 2999/2999/2999 
f 3000/3000/3000 3001/3001/3001 3002/3002/3002 
f 3003/3003/3003 3004/3004/3004 3005/3005/3005 
f 3006/3006/3006 3007/3007/3007 3008/3008/3008 
f 3009/3009/3009 3010/3010/3010 3011/3011/3011 
f 3012/3012/3012 3013/3013/3013 3014/3014/3014 
f 3015/3015/3015 3016/3016/3016 3017/3017/3017 
f 3018/3018/3018 3019/3019/3019 3020/3020/3020 
f 3021/3021/3021 3022/3022/3022 3023/3023/3023 
f 3024/3024/3024 3025/3025/3025 3026/3026/3026 
f 3027/3027/3027 3028/3028/3028 3029/3029/3029 
f 3030/3030/3030 3031/3031/3031 3032/3032/3032 
f 3033/3033/3033 3034/3034/3034 3035/3035/3035 
f 3036/3036/3036 3037/3037/3037 3038/3038/3038 
f 3039/3039/3039 3040/3040/3040 3041/3041/3041 
f 3042/3042/3042 3043/3043/3043 3044/3044/3044 
f 3045/3045/3045 3046/3046/3046 3047/3047/3047 
f 3048/3048/3048 3049/3049/3049 3050/3050/3050 
f 3051/3051/3051 3052/3052/3052 3053/3053/3053 
f 3054/3054/3054 3055/3055/3055 3056/3056/3056 
f 3057/3057/3057 3058/3058/3058 3059/3059/3059 
f 3060/3060/3060 3061/3061/3061 3062/3062/3062 
f 3063/3063/3063 3064/3064/3064 3065/3065/3065 
f 3066/3066/3066 3067/3067/3067 3068/3068/3068 
f 3069/3069/3069 3070/3070/3070 3071/3071/3071 
f 3072/3072/3072 3073/3073/3073 3074/3074/3074 
f 3075/3075/3075 3076/3076/3076 3077/3077/3077 
f 3078/3078/3078 3079/3079/3079 3080/3080/3080 
f 3081/3081/3081 3082/3082/3082 3083/3083/3083 
f 3084/3084/3084 3085/3085/3085 3086/3086/3086 
f 3087/3087/3087 3088/3088/3088 3089/3089/3089 
f 3090/3090/3090 3091/3091/3091 3092/3092/3092 
f 3093/3093/3093 3094/3094/3094 3095/3095/3095 
f 3096/3096/3096 3097/3097/3097 3098/3098/3098 
f 3099/3099/3099 3100/3100/3100 3101/3101/3101 
f 3102/3102/3102 3103/3103/3103 3104/3104/3104 
f 3105/3105/3105 3106/3106/3106 3107/3107/3107 
f 3108/3108/3108 3109/3109/3109 3110/3110/3110 
f 3111/3111/3111 3112/3112/3112 3113/3113/3113 
f 3114/3114/3114 3115/3115/3115 3116/3116/3116 
f 3117/3117/3117 3118/3118/3118 3119/3119/3119 
f 3120/3120/3120 3121/3121/3121 3122/3122/3122 
f 3123/3123/3123 3124/3124/3124 3125/3125/3125 
f 3126/3126/3126 3127/3127/3127 3128/3128/3128 
f 3129/3129/3129 3130/3130/3130 3131/3131/3131 
f 3132/3132/3132 3133/3133/3133 3134/3134/3134 
f 3135/3135/3135 3136/3136/3136 3137/3137/3137 
f 3138/3138/3138 3139/3139/3139 3140/3140/3140 
f 3141/3141/3141 3142/3142/3142 3143/3143/3143 
f 3144/3144/3144 3145/3145/3145 3146/3146/3146 
f 3147/3147/3147 3148/3148/3148 3149/3149/3149 
f 3150/3150/3150 3151/3151/3151 3152/3152/3152 
f 3153/3153/3153 3154/3154/3154 3155/3155/3155 
f 3156/3156/3156 3157/3157/3157 3158/3158/3158 
f 3159/3159/3159 3160/3160/3160 3161/3161/3161 
f 3162/3162/3162 3163/3163/3163 3164/3164/3164 
f 3165/3165/3165 3166/3166/3166 3167/3167/3167 
f 3168/3168/3168 3169/3169/3169 3170/3170/3170 
f 3171/3171/3171 3172/3172/3172 3173/3173/3173 
f 3174/3174/3174 3175/3175/3175 3176/3176/3176 
f 3177/3177/3177 3178/3178/3178 3179/3179/3179 
f 3180/3180/3180 3181/3181/3181 3182/3182/3182 
f 3183/3183/3183 3184/3184/3184 3185/3185/3185 
f 3186/3186/3186 3187/3187/3187 3188/3188/3188 
f 3189/3189/3189 3190/3190/3190 3191/3191/3191 
f 3192/3192/3192 3193/3193/3193 3194/3194/3194 
f 3195/3195/3195 3196/3196/3196 3197/3197/3197 
f 3198/3198/3198 3199/3199/3199 3200/3200/3200 
f 3201/3201/3201 3202/3202/3202 3203/3203/3203 
f 3204/3204/3204 3205/3205/3205 3206/3206/3206 
f 3207/3207/3207 3208/3208/3208 3209/3209/3209 
f 3210/3210/3210 3211/3211/3211 3212/3212/3212 
f 3213/3213/3213 3214/3214/3214 3215/3215/3215 
f 3216/3216/3216 3217/3217/3217 3218/3218/3218 
f 3219/3219/3219 3220/3220/3220 3221/3221/3221 
f 3222/3222/3222 3223/3223/3223 3224/3224/3224 
f 3225/3225/3225 3226/3226/3226 3227/3227/3227 
f 3228/3228/3228 3229/3229/3229 3230/3230/3230 
f 3231/3231/3231 3232/3232/3232 3233/3233/3233 
f 3234/3234/3234 3235/3235/3235 3236/3236/3236 
f 3237/3237/3237 3238/3238/3238 3239/3239/3239 
f 3240/3240/3240 3241/3241/3241 3242/3242/3242 
f 3243/3243/3243 3244/3244/3244 3245/3245/3245 
f 3246/3246/3246 3247/3247/3247 3248/3248/3248 
f 3249/3249/3249 3250/3250/3250 3251/3251/3251 
f 3252/3252/3252 3253/3253/3253 3254/3254/3254 
f 3255/3255/3255 3256/3256/3256 3257/3257/3257 
f 3258/3258/3258 3259/3259/3259 3260/3260/3260 
f 3261/3261/3261 3262/3262/3262 3263/3263/3263 
f 3264/3264/3264 3265/3265/3265 3266/3266/3266 
f 3267/3267/3267 3268/3268/3268 3269/3269/3269 
f 3270/3270/3270 3271/3271/3271 3272/3272/3272 
f 3273/3273/3273 3274/3274/3274 3275/3275/3275 
f 3276/3276/3276 3277/3277/3277 3278/3278/3278 
f 3279/3279/3279 3280/3280/3280 3281/3281/3281 
f 3282/3282/3282 3283/3283/3283 3284/3284/3284 
f 3285/3285/3285 3286/3286/3286 3287/3287/3287 
f 3288/3288/3288 3289/3289/3289 3290/3290/3290 
f 3291/3291/3291 3292/3292/3292 3293/3293/3293 
f 3294/3294/3294 3295/3295/3295 3296/3296/3296 
f 3297/3297/3297 3298/3298/3298 3299/3299/3299 
f 3300/3300/3300 3301/3301/3301 3302/3302/3302 
f 3303/3303/3303 3304/3304/3304 3305/3305/3305 
f 3306/3306/3306 3307/3307/3307 3308/3308/3308 
f 3309/3309/3309 3310/3310/3310 3311/3311/3311 
f 3312/3312/3312 3313/3313/3313 3314/3314/3314 
f 3315/3315/3315 3316/3316/3316 3317/3317/3317 
f 3318/3318/3318 3319/3319/3319 3320/3320/3320 
f 3321/3321/3321 3322/3322/3322 3323/3323/3323 
f 3324/3324/3324 3325/3325/3325 3326/3326/3326 
f 3327/3327/3327 3328/3328/3328 3329/3329/3329 
f 3330/3330/3330 3331/3331/3331 3332/3332/3332 
f 3333/3333/3333 3334/3334/3334 3335/3335/3335 
f 3336/3336/3336 3337/3337/3337 3338/3338/3338 
f 3339/3339/3339 3340/3340/3340 3341/3341/3341 
f 3342/3342/3342 3343/3343/3343 3344/3344/3344 
f 3345/3345/3345 3346/3346/3346 3347/3347/3347 
f 3348/3348/3348 3349/3349/3349 3350/3350/3350 
f 3351/3351/3351 3352/3352/3352 3353/3353/3353 
f 3354/3354/3354 3355/3355/3355 3356/3356/3356 
f 3357/3357/3357 3358/3358/3358 3359/3359/3359 
f 3360/3360/3360 3361/3361/3361 3362/3362/3362 
f 3363/3363/3363 3364/3364/3364 3365/3365/3365 
f 3366/3366/3366 3367/3367/3367 3368/3368/3368 
f 3369/3369/3369 3370/3370/3370 3371/3371/3371 
f 3372/3372/3372 3373/3373/3373 3374/3374/3374 
f 3375/3375/3375 3376/3376/3376 3377/3377/3377 
f 3378/3378/3378 3379/3379/3379 3380/3380/3380 
f 3381/3381/3381 3382/3382/3382 3383/3383/3383 
f 3384/3384/3384 3385/3385/3385 3386/3386/3386 
f 3387/3387/3387 3388/3388/3388 3389/3389/3389 
f 3390/3390/3390 3391/3391/3391 3392/3392/3392 
f 3393/3393/3393 3394/3394/3394 3395/3395/3395 
f 3396/3396/3396 3397/3397/3397 3398/3398/3398 
f 3399/3399/3399 3400/3400/3400 3401/3401/3401 
f 3402/3402/3402 3403/3403/3403 3404/3404/3404 
f 3405/3405/3405 3406/3406/3406 3407/3407/3407 
f 3408/3408/3408 3409/3409/3409 3410/3410/3410 
f 3411/3411/3411 3412/3412/3412 3413/3413/3413 
f 3414/3414/3414 3415/3415/3415 3416/3416/3416 
f 3417/3417/3417 3418/3418/3418 3419/3419/3419 
f 3420/3420/3420 3421/3421/3421 3422/3422/3422 
f 3423/3423/3423 3424/3424/3424 3425/3425/3425 
f 3426/3426/3426 3427/3427/3427 3428/3428/3428 
f 3429/3429/3429 3430/3430/3430 3431/3431/3431 
f 3432/3432/3432 3433/3433/3433 3434/3434/3434 
f 3435/3435/3435 3436/3436/3436 3437/3437/3437 
f 3438/3438/3438 3439/3439/3439 3440/3440/3440 
f 3441/3441/3441 3442/3442/3442 3443/3443/3443 
f 3444/3444/3444 3445/3445/3445 3446/3446/3446 
f 3447/3447/3447 3448/3448/3448 3449/3449/3449 
f 3450/3450/3450 3451/3451/3451 3452/3452/3452 
f 3453/3453/3453 3454/3454/3454 3455/3455/3455 
f 3456/3456/3456 3457/3457/3457 3458/3458/3458 
f 3459/3459/3459 3460/3460/3460 3461/3461/3461 

g Doorpart1

v 7.00236 2.11465 -24.8006 
v 6.95775 2.11476 -25.0025 
v 9.03191 2.11361 -25.0286 
v 9.03191 2.11361 -25.0286 
v 7.06806 2.11448 -24.6798 
v 7.00236 2.11465 -24.8006 
v 7.06806 2.11448 -24.6798 
v 9.03191 2.11361 -25.0286 
v 7.15328 2.11427 -24.5845 
v 7.15328 2.11427 -24.5845 
v 9.03191 2.11361 -25.0286 
v 7.25573 2.11406 -24.5181 
v 7.25573 2.11406 -24.5181 
v 9.03191 2.11361 -25.0286 
v 7.37876 2.11386 -24.4763 
v 7.37876 2.11386 -24.4763 
v 9.03191 2.11361 -25.0286 
v 7.65355 2.1136 -24.4437 
v 7.65355 2.1136 -24.4437 
v 9.03191 2.11361 -25.0286 
v 7.98306 2.11348 -24.4161 
v 7.98306 2.11348 -24.4161 
v 9.03191 2.11361 -25.0286 
v 8.32631 2.11349 -24.3944 
v 8.32631 2.11349 -24.3944 
v 9.03191 2.11361 -25.0286 
v 8.69676 2.11357 -24.3775 
v 8.69676 2.11357 -24.3775 
v 9.03191 2.11361 -25.0286 
v 9.04013 2.11361 -24.3744 
v 9.38326 2.1135 -24.3861 
v 9.04013 2.11361 -24.3744 
v 9.03191 2.11361 -25.0286 
v 9.75301 2.11314 -24.4123 
v 9.38326 2.1135 -24.3861 
v 9.03191 2.11361 -25.0286 
v 10.0954 2.11247 -24.4427 
v 9.75301 2.11314 -24.4123 
v 9.03191 2.11361 -25.0286 
v 10.4238 2.11144 -24.4785 
v 10.0954 2.11247 -24.4427 
v 9.03191 2.11361 -25.0286 
v 10.8191 2.10956 -24.5629 
v 10.6973 2.11021 -24.518 
v 9.03191 2.11361 -25.0286 
v 10.9198 2.10899 -24.6318 
v 10.8191 2.10956 -24.5629 
v 9.03191 2.11361 -25.0286 
v 11.0024 2.10847 -24.7292 
v 10.9198 2.10899 -24.6318 
v 9.03191 2.11361 -25.0286 
v 9.03191 2.11361 -25.0286 
v 11.065 2.10805 -24.8516 
v 11.0024 2.10847 -24.7292 
v 11.065 2.10805 -24.8516 
v 9.03191 2.11361 -25.0286 
v 11.1045 2.10774 -25.0546 
v 10.6973 2.11021 -24.518 
v 10.4238 2.11144 -24.4785 
v 9.03191 2.11361 -25.0286 
v 7.0732 8.24887 -24.8174 
v 7.13199 8.33638 -25.0047 
v 7.05613 8.25769 -25.0037 
v 7.0732 8.24887 -24.8174 
v 7.05613 8.25769 -25.0037 
v 6.99975 8.16556 -25.003 
v 7.13199 8.33638 -25.0047 
v 7.0732 8.24887 -24.8174 
v 7.13836 8.3107 -24.8066 
v 7.0732 8.24887 -24.8174 
v 6.99975 8.16556 -25.003 
v 7.03088 8.17135 -24.8154 
v 7.13836 8.3107 -24.8066 
v 7.22792 8.40218 -25.0059 
v 7.13199 8.33638 -25.0047 
v 7.22792 8.40218 -25.0059 
v 7.13836 8.3107 -24.8066 
v 7.22858 8.36518 -24.7917 
v 7.0732 8.24887 -24.8174 
v 7.09177 8.23718 -24.7428 
v 7.13836 8.3107 -24.8066 
v 7.09177 8.23718 -24.7428 
v 7.0732 8.24887 -24.8174 
v 7.03088 8.17135 -24.8154 
v 7.22858 8.36518 -24.7917 
v 7.35149 8.46014 -25.0074 
v 7.22792 8.40218 -25.0059 
v 7.35149 8.46014 -25.0074 
v 7.22858 8.36518 -24.7917 
v 7.35054 8.41793 -24.7759 
v 7.0038 8.01708 -24.8101 
v 6.99975 8.16556 -25.003 
v 6.96267 8.00322 -25.0026 
v 11.0738 8.59927 -25.0542 
v 11.1361 8.51677 -24.8684 
v 11.1486 8.52742 -25.0552 
v 11.0738 8.59927 -25.0542 
v 10.9786 8.65533 -25.053 
v 11.072 8.57261 -24.856 
v 11.1361 8.51677 -24.8684 
v 11.0738 8.59927 -25.0542 
v 11.072 8.57261 -24.856 
v 6.99975 8.16556 -25.003 
v 7.0038 8.01708 -24.8101 
v 7.03088 8.17135 -24.8154 
v 7.13836 8.3107 -24.8066 
v 7.09177 8.23718 -24.7428 
v 7.14366 8.26931 -24.7141 
v 10.9786 8.65533 -25.053 
v 10.9829 8.61783 -24.8389 
v 11.072 8.57261 -24.856 
v 6.9115 4.04242 -24.9983 
v 6.92552 3.4836 -25.0278 
v 6.92065 3.48338 -24.9986 
v 6.92552 3.4836 -25.0278 
v 6.9115 4.04242 -24.9983 
v 6.91723 4.04269 -25.0324 
v 7.03088 8.17135 -24.8154 
v 7.07577 8.18104 -24.7197 
v 7.09177 8.23718 -24.7428 
v 6.92065 3.48338 -24.9986 
v 6.96362 3.48518 -25.0006 
v 6.92729 3.48364 -24.97 
v 6.92552 3.4836 -25.0278 
v 6.96362 3.48518 -25.0006 
v 6.92065 3.48338 -24.9986 
v 6.92729 3.48364 -24.97 
v 6.96362 3.48518 -25.0006 
v 6.94367 3.48432 -24.9496 
v 6.94059 3.48424 -25.0496 
v 6.96362 3.48518 -25.0006 
v 6.92552 3.4836 -25.0278 
v 6.94367 3.48432 -24.9496 
v 6.96362 3.48518 -25.0006 
v 6.96539 3.48523 -24.9428 
v 6.96184 3.48514 -25.0583 
v 6.96362 3.48518 -25.0006 
v 6.94059 3.48424 -25.0496 
v 6.96539 3.48523 -24.9428 
v 6.96362 3.48518 -25.0006 
v 6.98666 3.48614 -24.9515 
v 6.98358 3.48606 -25.0516 
v 6.96362 3.48518 -25.0006 
v 6.96184 3.48514 -25.0583 
v 6.98666 3.48614 -24.9515 
v 6.96362 3.48518 -25.0006 
v 7.00175 3.48679 -24.9734 
v 6.99998 3.48675 -25.0311 
v 6.96362 3.48518 -25.0006 
v 6.98358 3.48606 -25.0516 
v 7.00175 3.48679 -24.9734 
v 6.96362 3.48518 -25.0006 
v 7.00663 3.48702 -25.0025 
v 7.00663 3.48702 -25.0025 
v 6.96362 3.48518 -25.0006 
v 6.99998 3.48675 -25.0311 
v 10.9786 8.65533 -25.053 
v 10.8556 8.69965 -25.0515 
v 10.9829 8.61783 -24.8389 
v 6.9115 6.5307 -24.9983 
v 6.92552 5.97188 -25.0278 
v 6.92065 5.97166 -24.9986 
v 6.92552 5.97188 -25.0278 
v 6.9115 6.5307 -24.9983 
v 6.91723 6.53097 -25.0324 
v 10.8556 8.69965 -25.0515 
v 10.8619 8.65712 -24.82 
v 10.9829 8.61783 -24.8389 
v 7.64604 8.54875 -25.0111 
v 7.35054 8.41793 -24.7759 
v 7.64773 8.50414 -24.7479 
v 7.13836 8.3107 -24.8066 
v 7.14366 8.26931 -24.7141 
v 7.22858 8.36518 -24.7917 
v 7.35054 8.41793 -24.7759 
v 7.64604 8.54875 -25.0111 
v 7.35149 8.46014 -25.0074 
v 11.1361 8.51677 -24.8684 
v 11.2038 8.4394 -25.0559 
v 11.1486 8.52742 -25.0552 
v 7.99528 8.6276 -25.0155 
v 7.64773 8.50414 -24.7479 
v 7.99875 8.58342 -24.7202 
v 10.8619 8.65712 -24.82 
v 10.5619 8.75277 -25.0478 
v 10.5663 8.70768 -24.7846 
v 7.64773 8.50414 -24.7479 
v 7.99528 8.6276 -25.0155 
v 7.64604 8.54875 -25.0111 
v 8.35538 8.69071 -25.0201 
v 7.99875 8.58342 -24.7202 
v 8.35936 8.6466 -24.698 
v 11.1361 8.51677 -24.8684 
v 11.072 8.57261 -24.856 
v 11.1193 8.50287 -24.7935 
v 10.5619 8.75277 -25.0478 
v 10.8619 8.65712 -24.82 
v 10.8556 8.69965 -25.0515 
v 11.2038 8.4394 -25.0559 
v 11.1361 8.51677 -24.8684 
v 11.1775 8.44221 -24.8675 
v 7.99875 8.58342 -24.7202 
v 8.35538 8.69071 -25.0201 
v 7.99528 8.6276 -25.0155 
v 8.74397 8.743 -25.0249 
v 8.35936 8.6466 -24.698 
v 8.74814 8.69883 -24.681 
v 10.5663 8.70768 -24.7846 
v 10.2133 8.78607 -25.0434 
v 10.2168 8.74139 -24.7481 
v 7.22858 8.36518 -24.7917 
v 7.14366 8.26931 -24.7141 
v 7.2305 8.30892 -24.6857 
v 8.35936 8.6466 -24.698 
v 8.74397 8.743 -25.0249 
v 8.35538 8.69071 -25.0201 
v 9.10467 8.77744 -25.0295 
v 8.74814 8.69883 -24.681 
v 9.10885 8.7332 -24.678 
v 8.74814 8.69883 -24.681 
v 9.10467 8.77744 -25.0295 
v 8.74397 8.743 -25.0249 
v 10.2168 8.74139 -24.7481 
v 9.85362 8.79937 -25.0389 
v 9.85725 8.7549 -24.7168 
v 6.9115 4.04242 -24.9983 
v 6.92729 3.48364 -24.97 
v 6.91931 4.04275 -24.9647 
v 6.92729 3.48364 -24.97 
v 6.9115 4.04242 -24.9983 
v 6.92065 3.48338 -24.9986 
v 9.46929 8.75147 -24.6901 
v 9.10467 8.77744 -25.0295 
v 9.10885 8.7332 -24.678 
v 9.10467 8.77744 -25.0295 
v 9.46929 8.75147 -24.6901 
v 9.46529 8.79581 -25.034 
v 9.85725 8.7549 -24.7168 
v 9.46529 8.79581 -25.034 
v 9.46929 8.75147 -24.6901 
v 10.2133 8.78607 -25.0434 
v 10.5663 8.70768 -24.7846 
v 10.5619 8.75277 -25.0478 
v 9.46529 8.79581 -25.034 
v 9.85725 8.7549 -24.7168 
v 9.85362 8.79937 -25.0389 
v 9.85362 8.79937 -25.0389 
v 10.2168 8.74139 -24.7481 
v 10.2133 8.78607 -25.0434 
v 6.9115 6.5307 -24.9983 
v 6.92729 5.97192 -24.97 
v 6.91931 6.53103 -24.9647 
v 6.92729 5.97192 -24.97 
v 6.9115 6.5307 -24.9983 
v 6.92065 5.97166 -24.9986 
v 6.96267 8.00322 -25.0026 
v 7.00236 2.11465 -24.8006 
v 7.0038 8.01708 -24.8101 
v 11.072 8.57261 -24.856 
v 11.0685 8.52989 -24.7634 
v 11.1193 8.50287 -24.7935 
v 7.00236 2.11465 -24.8006 
v 6.96267 8.00322 -25.0026 
v 6.95775 2.11476 -25.0025 
v 7.35054 8.41793 -24.7759 
v 7.22858 8.36518 -24.7917 
v 7.2305 8.30892 -24.6857 
v 11.072 8.57261 -24.856 
v 10.9829 8.61783 -24.8389 
v 11.0685 8.52989 -24.7634 
v 11.1193 8.50287 -24.7935 
v 11.1775 8.44221 -24.8675 
v 11.1361 8.51677 -24.8684 
v 7.35054 8.41793 -24.7759 
v 7.2305 8.30892 -24.6857 
v 7.35173 8.35378 -24.6612 
v 7.03088 8.17135 -24.8154 
v 7.0632 8.03418 -24.6993 
v 7.07577 8.18104 -24.7197 
v 7.0632 8.03418 -24.6993 
v 7.03088 8.17135 -24.8154 
v 7.0038 8.01708 -24.8101 
v 10.9829 8.61783 -24.8389 
v 10.9829 8.56038 -24.7328 
v 11.0685 8.52989 -24.7634 
v 7.09177 8.23718 -24.7428 
v 7.14271 8.20355 -24.6539 
v 7.14366 8.26931 -24.7141 
v 7.14271 8.20355 -24.6539 
v 7.09177 8.23718 -24.7428 
v 7.07577 8.18104 -24.7197 
v 10.9829 8.61783 -24.8389 
v 10.8619 8.65712 -24.82 
v 10.9829 8.56038 -24.7328 
v 7.64773 8.50414 -24.7479 
v 7.35054 8.41793 -24.7759 
v 7.35173 8.35378 -24.6612 
v 6.91723 4.04269 -25.0324 
v 6.94059 3.48424 -25.0496 
v 6.92552 3.4836 -25.0278 
v 6.94059 3.48424 -25.0496 
v 6.91723 4.04269 -25.0324 
v 6.93495 4.0435 -25.058 
v 7.64773 8.50414 -24.7479 
v 7.35173 8.35378 -24.6612 
v 7.64912 8.43651 -24.6295 
v 10.8628 8.5918 -24.7054 
v 10.9829 8.56038 -24.7328 
v 10.8619 8.65712 -24.82 
v 6.91723 6.53097 -25.0324 
v 6.94059 5.97252 -25.0496 
v 6.92552 5.97188 -25.0278 
v 6.94059 5.97252 -25.0496 
v 6.91723 6.53097 -25.0324 
v 6.93495 6.53178 -25.058 
v 11.1775 8.44221 -24.8675 
v 11.1193 8.50287 -24.7935 
v 11.1351 8.44732 -24.7707 
v 7.99875 8.58342 -24.7202 
v 7.64912 8.43651 -24.6295 
v 8.00023 8.51518 -24.6005 
v 7.64912 8.43651 -24.6295 
v 7.99875 8.58342 -24.7202 
v 7.64773 8.50414 -24.7479 
v 11.2038 8.4394 -25.0559 
v 11.2025 8.28736 -24.8629 
v 11.2386 8.27727 -25.0563 
v 7.14366 8.26931 -24.7141 
v 7.23434 8.2333 -24.6066 
v 7.2305 8.30892 -24.6857 
v 10.8619 8.65712 -24.82 
v 10.5663 8.70768 -24.7846 
v 10.8628 8.5918 -24.7054 
v 8.00023 8.51518 -24.6005 
v 8.35936 8.6466 -24.698 
v 7.99875 8.58342 -24.7202 
v 8.35936 8.6466 -24.698 
v 8.00023 8.51518 -24.6005 
v 8.36075 8.57828 -24.5782 
v 7.23434 8.2333 -24.6066 
v 7.14366 8.26931 -24.7141 
v 7.14271 8.20355 -24.6539 
v 10.5671 8.639 -24.6662 
v 10.8628 8.5918 -24.7054 
v 10.5663 8.70768 -24.7846 
v 11.2025 8.28736 -24.8629 
v 11.2038 8.4394 -25.0559 
v 11.1775 8.44221 -24.8675 
v 8.36075 8.57828 -24.5782 
v 8.74814 8.69883 -24.681 
v 8.35936 8.6466 -24.698 
v 8.74814 8.69883 -24.681 
v 8.36075 8.57828 -24.5782 
v 8.74939 8.63035 -24.5612 
v 10.5671 8.639 -24.6662 
v 10.2168 8.74139 -24.7481 
v 10.2175 8.67232 -24.6284 
v 10.2168 8.74139 -24.7481 
v 10.5671 8.639 -24.6662 
v 10.5663 8.70768 -24.7846 
v 9.03669 2.43528 -24.9032 
v 7.31305 2.38821 -24.8816 
v 7.41632 2.50281 -24.9621 
v 7.0038 8.01708 -24.8101 
v 7.06806 2.11448 -24.6798 
v 7.0632 8.03418 -24.6993 
v 7.06806 2.11448 -24.6798 
v 7.0038 8.01708 -24.8101 
v 7.00236 2.11465 -24.8006 
v 8.74939 8.63035 -24.5612 
v 9.10885 8.7332 -24.678 
v 8.74814 8.69883 -24.681 
v 9.10885 8.7332 -24.678 
v 8.74939 8.63035 -24.5612 
v 9.10998 8.66461 -24.5582 
v 7.41632 2.50281 -24.9621 
v 9.03702 2.54868 -24.9825 
v 9.03669 2.43528 -24.9032 
v 10.6577 2.5918 -25.0029 
v 9.03669 2.43528 -24.9032 
v 9.03702 2.54868 -24.9825 
v 10.2175 8.67232 -24.6284 
v 9.85725 8.7549 -24.7168 
v 9.8581 8.68601 -24.597 
v 9.85725 8.7549 -24.7168 
v 10.2175 8.67232 -24.6284 
v 10.2168 8.74139 -24.7481 
v 9.47028 8.68272 -24.5703 
v 9.10885 8.7332 -24.678 
v 9.10998 8.66461 -24.5582 
v 9.10885 8.7332 -24.678 
v 9.47028 8.68272 -24.5703 
v 9.46929 8.75147 -24.6901 
v 9.8581 8.68601 -24.597 
v 9.46929 8.75147 -24.6901 
v 9.47028 8.68272 -24.5703 
v 9.46929 8.75147 -24.6901 
v 9.8581 8.68601 -24.597 
v 9.85725 8.7549 -24.7168 
v 9.03669 2.43528 -24.9032 
v 10.6577 2.5918 -25.0029 
v 10.7603 2.47948 -24.9249 
v 10.6669 4.75474 -24.4839 
v 10.6608 4.75455 -24.5619 
v 10.6843 4.77606 -24.5649 
v 10.6843 4.77606 -24.5649 
v 10.6904 4.77627 -24.4869 
v 10.6669 4.75474 -24.4839 
v 10.6851 4.77723 -24.4502 
v 10.6685 4.76207 -24.4481 
v 10.6669 4.75474 -24.4839 
v 10.6669 4.75474 -24.4839 
v 10.6904 4.77627 -24.4869 
v 10.6851 4.77723 -24.4502 
v 7.35673 8.2704 -24.5727 
v 7.2305 8.30892 -24.6857 
v 7.23434 8.2333 -24.6066 
v 7.2305 8.30892 -24.6857 
v 7.35673 8.2704 -24.5727 
v 7.35173 8.35378 -24.6612 
v 11.1193 8.50287 -24.7935 
v 11.0685 8.52989 -24.7634 
v 11.0701 8.46293 -24.7032 
v 11.0701 8.46293 -24.7032 
v 11.1351 8.44732 -24.7707 
v 11.1193 8.50287 -24.7935 
v 10.6354 4.746 -24.4797 
v 10.6293 4.7458 -24.5577 
v 10.6608 4.75455 -24.5619 
v 10.6608 4.75455 -24.5619 
v 10.6669 4.75474 -24.4839 
v 10.6354 4.746 -24.4797 
v 10.6685 4.76207 -24.4481 
v 10.6385 4.7536 -24.4426 
v 10.6354 4.746 -24.4797 
v 10.98 8.4829 -24.6537 
v 11.0685 8.52989 -24.7634 
v 10.9829 8.56038 -24.7328 
v 7.14194 8.05523 -24.6141 
v 7.07577 8.18104 -24.7197 
v 7.0632 8.03418 -24.6993 
v 10.6685 4.76207 -24.4481 
v 10.6354 4.746 -24.4797 
v 10.6669 4.75474 -24.4839 
v 7.07577 8.18104 -24.7197 
v 7.14194 8.05523 -24.6141 
v 7.14271 8.20355 -24.6539 
v 11.0685 8.52989 -24.7634 
v 10.98 8.4829 -24.6537 
v 11.0701 8.46293 -24.7032 
v 7.35673 8.2704 -24.5727 
v 7.65191 8.34928 -24.5381 
v 7.35173 8.35378 -24.6612 
v 7.64912 8.43651 -24.6295 
v 7.35173 8.35378 -24.6612 
v 7.65191 8.34928 -24.5381 
v 10.8589 8.50638 -24.6167 
v 10.9829 8.56038 -24.7328 
v 10.8628 8.5918 -24.7054 
v 10.9829 8.56038 -24.7328 
v 10.8589 8.50638 -24.6167 
v 10.98 8.4829 -24.6537 
v 10.6685 4.76207 -24.4481 
v 10.6851 4.77723 -24.4502 
v 10.6704 4.77664 -24.4289 
v 7.65191 8.34928 -24.5381 
v 8.0016 8.42641 -24.5085 
v 7.64912 8.43651 -24.6295 
v 8.00023 8.51518 -24.6005 
v 7.64912 8.43651 -24.6295 
v 8.0016 8.42641 -24.5085 
v 11.1775 8.44221 -24.8675 
v 11.1461 8.2986 -24.7507 
v 11.2025 8.28736 -24.8629 
v 10.6851 4.77723 -24.4502 
v 10.6994 4.80465 -24.488 
v 10.694 4.80442 -24.4497 
v 10.6843 4.77606 -24.5649 
v 10.6994 4.80465 -24.488 
v 10.6904 4.77627 -24.4869 
v 10.6994 4.80465 -24.488 
v 10.6843 4.77606 -24.5649 
v 10.6933 4.80445 -24.566 
v 11.1461 8.2986 -24.7507 
v 11.1775 8.44221 -24.8675 
v 11.1351 8.44732 -24.7707 
v 6.94367 3.48432 -24.9496 
v 6.91931 4.04275 -24.9647 
v 6.92729 3.48364 -24.97 
v 10.6994 4.80465 -24.488 
v 10.6851 4.77723 -24.4502 
v 10.6904 4.77627 -24.4869 
v 6.91931 4.04275 -24.9647 
v 6.94367 3.48432 -24.9496 
v 6.93855 4.04359 -24.9408 
v 11.065 2.10805 -24.8516 
v 11.2386 8.27727 -25.0563 
v 11.2025 8.28736 -24.8629 
v 10.5828 5.09502 -24.2022 
v 10.5794 5.00314 -24.4232 
v 10.6024 5.11703 -24.2157 
v 11.2386 8.27727 -25.0563 
v 11.065 2.10805 -24.8516 
v 11.1045 2.10774 -25.0546 
v 10.6293 4.7458 -24.5577 
v 10.346 4.72883 -24.4418 
v 10.3399 4.72861 -24.5198 
v 10.346 4.72883 -24.4418 
v 10.6293 4.7458 -24.5577 
v 10.6354 4.746 -24.4797 
v 10.6354 4.746 -24.4797 
v 10.3491 4.73642 -24.4047 
v 10.346 4.72883 -24.4418 
v 10.3491 4.73642 -24.4047 
v 10.6354 4.746 -24.4797 
v 10.6385 4.7536 -24.4426 
v 8.0016 8.42641 -24.5085 
v 8.36174 8.48922 -24.4861 
v 8.00023 8.51518 -24.6005 
v 8.36075 8.57828 -24.5782 
v 8.00023 8.51518 -24.6005 
v 8.36174 8.48922 -24.4861 
v 10.5794 5.00314 -24.4232 
v 10.5828 5.09502 -24.2022 
v 10.5572 4.96539 -24.4205 
v 6.94367 5.9726 -24.9496 
v 6.91931 6.53103 -24.9647 
v 6.92729 5.97192 -24.97 
v 6.91931 6.53103 -24.9647 
v 6.94367 5.9726 -24.9496 
v 6.93855 6.53187 -24.9408 
v 10.8628 8.5918 -24.7054 
v 10.5671 8.639 -24.6662 
v 10.5655 8.55016 -24.5748 
v 10.8628 8.5918 -24.7054 
v 10.5655 8.55016 -24.5748 
v 10.8589 8.50638 -24.6167 
v 8.36174 8.48922 -24.4861 
v 8.7502 8.54124 -24.4691 
v 8.36075 8.57828 -24.5782 
v 8.74939 8.63035 -24.5612 
v 8.36075 8.57828 -24.5782 
v 8.7502 8.54124 -24.4691 
v 10.5928 5.15731 -24.1293 
v 10.6024 5.11703 -24.2157 
v 10.6118 5.17429 -24.147 
v 10.6024 5.11703 -24.2157 
v 10.5928 5.15731 -24.1293 
v 10.5828 5.09502 -24.2022 
v 10.5671 8.639 -24.6662 
v 10.2175 8.67232 -24.6284 
v 10.2174 8.58242 -24.5364 
v 10.5671 8.639 -24.6662 
v 10.2174 8.58242 -24.5364 
v 10.5655 8.55016 -24.5748 
v 7.15328 2.11427 -24.5845 
v 7.0632 8.03418 -24.6993 
v 7.06806 2.11448 -24.6798 
v 8.7502 8.54124 -24.4691 
v 9.11061 8.57534 -24.4662 
v 8.74939 8.63035 -24.5612 
v 9.10998 8.66461 -24.5582 
v 8.74939 8.63035 -24.5612 
v 9.11061 8.57534 -24.4662 
v 10.2175 8.67232 -24.6284 
v 9.8581 8.68601 -24.597 
v 9.85835 8.59621 -24.505 
v 10.2175 8.67232 -24.6284 
v 9.85835 8.59621 -24.505 
v 10.2174 8.58242 -24.5364 
v 9.47074 8.59325 -24.4782 
v 9.10998 8.66461 -24.5582 
v 9.11061 8.57534 -24.4662 
v 9.10998 8.66461 -24.5582 
v 9.47074 8.59325 -24.4782 
v 9.47028 8.68272 -24.5703 
v 7.0632 8.03418 -24.6993 
v 7.15328 2.11427 -24.5845 
v 7.14194 8.05523 -24.6141 
v 9.85835 8.59621 -24.505 
v 9.47028 8.68272 -24.5703 
v 9.47074 8.59325 -24.4782 
v 9.47028 8.68272 -24.5703 
v 9.85835 8.59621 -24.505 
v 9.8581 8.68601 -24.597 
v 10.5564 5.08663 -24.1949 
v 10.5298 4.95184 -24.417 
v 10.5572 4.96539 -24.4205 
v 10.6118 5.17429 -24.147 
v 10.6018 5.22749 -24.0715 
v 10.5928 5.15731 -24.1293 
v 10.6018 5.22749 -24.0715 
v 10.6118 5.17429 -24.147 
v 10.6201 5.23904 -24.0925 
v 10.6704 4.77664 -24.4289 
v 10.6385 4.7536 -24.4426 
v 10.6685 4.76207 -24.4481 
v 10.6385 4.7536 -24.4426 
v 10.6704 4.77664 -24.4289 
v 10.6411 4.77429 -24.4153 
v 10.5572 4.96539 -24.4205 
v 10.5828 5.09502 -24.2022 
v 10.5564 5.08663 -24.1949 
v 10.6118 5.17429 -24.147 
v 10.61 5.14662 -24.2314 
v 10.6184 5.19715 -24.1685 
v 10.6024 5.11703 -24.2157 
v 10.59 5.05537 -24.4236 
v 10.61 5.14662 -24.2314 
v 10.61 5.14662 -24.2314 
v 10.6118 5.17429 -24.147 
v 10.6024 5.11703 -24.2157 
v 10.6201 5.23904 -24.0925 
v 10.6184 5.19715 -24.1685 
v 10.6259 5.25465 -24.1186 
v 10.6184 5.19715 -24.1685 
v 10.6201 5.23904 -24.0925 
v 10.6118 5.17429 -24.147 
v 7.24045 8.07973 -24.5535 
v 7.14271 8.20355 -24.6539 
v 7.14194 8.05523 -24.6141 
v 10.3399 4.72861 -24.5198 
v 10.3148 4.735 -24.4377 
v 10.3087 4.73479 -24.5157 
v 10.3148 4.735 -24.4377 
v 10.3399 4.72861 -24.5198 
v 10.346 4.72883 -24.4418 
v 10.346 4.72883 -24.4418 
v 10.3191 4.74243 -24.4023 
v 10.3148 4.735 -24.4377 
v 10.59 5.05537 -24.4236 
v 10.6024 5.11703 -24.2157 
v 10.5794 5.00314 -24.4232 
v 7.14271 8.20355 -24.6539 
v 7.24045 8.07973 -24.5535 
v 7.23434 8.2333 -24.6066 
v 10.6266 5.31114 -24.062 
v 10.6259 5.25465 -24.1186 
v 10.6317 5.31952 -24.0908 
v 10.6266 5.31114 -24.062 
v 10.6201 5.23904 -24.0925 
v 10.6259 5.25465 -24.1186 
v 10.3191 4.74243 -24.4023 
v 10.346 4.72883 -24.4418 
v 10.3491 4.73642 -24.4047 
v 10.6091 5.305 -24.0391 
v 10.6201 5.23904 -24.0925 
v 10.6266 5.31114 -24.062 
v 10.6091 5.305 -24.0391 
v 10.6018 5.22749 -24.0715 
v 10.6201 5.23904 -24.0925 
v 10.5668 5.15091 -24.1204 
v 10.5564 5.08663 -24.1949 
v 10.5828 5.09502 -24.2022 
v 7.56718 7.95592 -24.964 
v 7.54956 8.10525 -24.8846 
v 7.64235 8.01293 -24.965 
v 7.50765 7.88763 -24.9633 
v 7.46965 8.04603 -24.8836 
v 7.56718 7.95592 -24.964 
v 7.64235 8.01293 -24.965 
v 7.65237 8.15728 -24.8859 
v 7.73902 8.06298 -24.9662 
v 7.46965 8.04603 -24.8836 
v 7.50765 7.88763 -24.9633 
v 7.40638 7.97514 -24.8828 
v 7.35928 7.89208 -24.8822 
v 7.40638 7.97514 -24.8828 
v 7.50765 7.88763 -24.9633 
v 10.5828 5.09502 -24.2022 
v 10.5928 5.15731 -24.1293 
v 10.5668 5.15091 -24.1204 
v 7.54956 8.10525 -24.8846 
v 7.56718 7.95592 -24.964 
v 7.46965 8.04603 -24.8836 
v 10.6322 5.39053 -24.0474 
v 10.6266 5.31114 -24.062 
v 10.6317 5.31952 -24.0908 
v 7.73902 8.06298 -24.9662 
v 7.89705 8.23628 -24.8889 
v 7.969 8.13881 -24.9691 
v 7.65237 8.15728 -24.8859 
v 7.64235 8.01293 -24.965 
v 7.54956 8.10525 -24.8846 
v 7.4633 7.8076 -24.9627 
v 7.35928 7.89208 -24.8822 
v 7.50765 7.88763 -24.9633 
v 10.6317 5.31952 -24.0908 
v 10.6366 5.3918 -24.0777 
v 10.6322 5.39053 -24.0474 
v 7.969 8.13881 -24.9691 
v 8.18662 8.30581 -24.8926 
v 8.24104 8.20534 -24.9725 
v 8.24104 8.20534 -24.9725 
v 8.48475 8.36066 -24.8963 
v 8.521 8.25761 -24.976 
v 7.32815 7.74568 -24.8818 
v 7.41632 2.50281 -24.9621 
v 7.31305 2.38821 -24.8816 
v 7.32815 7.74568 -24.8818 
v 7.35928 7.89208 -24.8822 
v 7.4633 7.8076 -24.9627 
v 8.521 8.25761 -24.976 
v 8.8061 8.40526 -24.9004 
v 8.82269 8.29987 -24.9798 
v 8.48475 8.36066 -24.8963 
v 8.24104 8.20534 -24.9725 
v 8.18662 8.30581 -24.8926 
v 8.18662 8.30581 -24.8926 
v 7.969 8.13881 -24.9691 
v 7.89705 8.23628 -24.8889 
v 7.89705 8.23628 -24.8889 
v 7.73902 8.06298 -24.9662 
v 7.65237 8.15728 -24.8859 
v 7.4633 7.8076 -24.9627 
v 7.43394 7.66652 -24.9623 
v 7.32815 7.74568 -24.8818 
v 8.8061 8.40526 -24.9004 
v 8.521 8.25761 -24.976 
v 8.48475 8.36066 -24.8963 
v 8.8061 8.40526 -24.9004 
v 9.10423 8.4338 -24.9041 
v 9.10253 8.32669 -24.9833 
v 8.8061 8.40526 -24.9004 
v 9.10253 8.32669 -24.9833 
v 8.82269 8.29987 -24.9798 
v 10.694 4.80442 -24.4497 
v 10.6704 4.77664 -24.4289 
v 10.6851 4.77723 -24.4502 
v 10.6704 4.77664 -24.4289 
v 10.694 4.80442 -24.4497 
v 10.6731 4.80358 -24.4194 
v 11.0024 2.10847 -24.7292 
v 11.2025 8.28736 -24.8629 
v 11.1461 8.2986 -24.7507 
v 9.38228 8.33954 -24.9868 
v 9.10423 8.4338 -24.9041 
v 9.40227 8.44786 -24.9078 
v 9.10423 8.4338 -24.9041 
v 9.38228 8.33954 -24.9868 
v 9.10253 8.32669 -24.9833 
v 11.2025 8.28736 -24.8629 
v 11.0024 2.10847 -24.7292 
v 11.065 2.10805 -24.8516 
v 7.41632 2.50281 -24.9621 
v 7.32815 7.74568 -24.8818 
v 7.43394 7.66652 -24.9623 
v 9.40227 8.44786 -24.9078 
v 9.68369 8.33952 -24.9906 
v 9.38228 8.33954 -24.9868 
v 9.68369 8.33952 -24.9906 
v 9.40227 8.44786 -24.9078 
v 9.72334 8.44857 -24.9119 
v 10.3517 4.75707 -24.3774 
v 10.6385 4.7536 -24.4426 
v 10.6411 4.77429 -24.4153 
v 10.6385 4.7536 -24.4426 
v 10.3517 4.75707 -24.3774 
v 10.3491 4.73642 -24.4047 
v 11.0701 8.46293 -24.7032 
v 11.0698 8.31157 -24.6635 
v 11.1351 8.44732 -24.7707 
v 9.72334 8.44857 -24.9119 
v 9.96319 8.32546 -24.9941 
v 9.68369 8.33952 -24.9906 
v 11.1351 8.44732 -24.7707 
v 11.0698 8.31157 -24.6635 
v 11.1461 8.2986 -24.7507 
v 9.96319 8.32546 -24.9941 
v 9.72334 8.44857 -24.9119 
v 10.021 8.43457 -24.9156 
v 10.6642 6.20724 -24.1452 
v 10.6322 5.39053 -24.0474 
v 10.6366 5.3918 -24.0777 
v 10.6366 5.3918 -24.0777 
v 10.6668 6.20412 -24.1745 
v 10.6642 6.20724 -24.1452 
v 10.021 8.43457 -24.9156 
v 10.2346 8.29465 -24.9975 
v 9.96319 8.32546 -24.9941 
v 10.2346 8.29465 -24.9975 
v 10.021 8.43457 -24.9156 
v 10.3099 8.40307 -24.9193 
v 10.6266 5.31114 -24.062 
v 10.6322 5.39053 -24.0474 
v 10.6154 5.38966 -24.0234 
v 10.6154 5.38966 -24.0234 
v 10.6091 5.305 -24.0391 
v 10.6266 5.31114 -24.062 
v 10.3099 8.40307 -24.9193 
v 10.4636 8.24746 -25.0004 
v 10.2346 8.29465 -24.9975 
v 10.4636 8.24746 -25.0004 
v 10.3099 8.40307 -24.9193 
v 10.5537 8.35439 -24.9223 
v 10.6603 6.22779 -24.1497 
v 10.6668 6.20412 -24.1745 
v 10.6629 6.22572 -24.178 
v 10.6668 6.20412 -24.1745 
v 10.6603 6.22779 -24.1497 
v 10.6642 6.20724 -24.1452 
v 10.5762 5.22324 -24.0613 
v 10.5668 5.15091 -24.1204 
v 10.5928 5.15731 -24.1293 
v 10.5951 5.13302 -24.4218 
v 10.61 5.14662 -24.2314 
v 10.59 5.05537 -24.4236 
v 10.5928 5.15731 -24.1293 
v 10.6018 5.22749 -24.0715 
v 10.5762 5.22324 -24.0613 
v 10.6761 5.38082 -24.4457 
v 10.694 4.80442 -24.4497 
v 10.6994 4.80465 -24.488 
v 10.6994 4.80465 -24.488 
v 10.6815 5.38108 -24.484 
v 10.6761 5.38082 -24.4457 
v 10.6184 5.19715 -24.1685 
v 10.6108 5.18991 -24.2532 
v 10.618 5.23065 -24.1986 
v 10.6259 5.25465 -24.1186 
v 10.618 5.23065 -24.1986 
v 10.6243 5.27761 -24.1556 
v 10.618 5.23065 -24.1986 
v 10.6259 5.25465 -24.1186 
v 10.6184 5.19715 -24.1685 
v 10.6754 5.38086 -24.562 
v 10.6994 4.80465 -24.488 
v 10.6933 4.80445 -24.566 
v 10.6994 4.80465 -24.488 
v 10.6754 5.38086 -24.562 
v 10.6815 5.38108 -24.484 
v 10.6366 5.3918 -24.0777 
v 10.6292 5.33189 -24.1319 
v 10.6333 5.3937 -24.1211 
v 10.6317 5.31952 -24.0908 
v 10.6243 5.27761 -24.1556 
v 10.6292 5.33189 -24.1319 
v 10.6292 5.33189 -24.1319 
v 10.6366 5.3918 -24.0777 
v 10.6317 5.31952 -24.0908 
v 10.61 5.14662 -24.2314 
v 10.5951 5.13302 -24.4218 
v 10.6108 5.18991 -24.2532 
v 10.6108 5.18991 -24.2532 
v 10.6184 5.19715 -24.1685 
v 10.61 5.14662 -24.2314 
v 10.6243 5.27761 -24.1556 
v 10.6317 5.31952 -24.0908 
v 10.6259 5.25465 -24.1186 
v 10.5537 8.35439 -24.9223 
v 10.5597 8.20873 -25.0016 
v 10.4636 8.24746 -25.0004 
v 10.5597 8.20873 -25.0016 
v 10.5537 8.35439 -24.9223 
v 10.6559 8.31428 -24.9236 
v 10.6668 6.20412 -24.1745 
v 10.6333 5.3937 -24.1211 
v 10.6647 6.20156 -24.1992 
v 10.6333 5.3937 -24.1211 
v 10.6668 6.20412 -24.1745 
v 10.6366 5.3918 -24.0777 
v 10.6322 5.39053 -24.0474 
v 10.6642 6.20724 -24.1452 
v 10.6519 6.20952 -24.1223 
v 10.5298 4.95184 -24.417 
v 10.4863 5.08703 -24.1858 
v 10.4589 4.9523 -24.4077 
v 10.4863 5.08703 -24.1858 
v 10.5298 4.95184 -24.417 
v 10.5564 5.08663 -24.1949 
v 10.6341 8.15998 -25.0026 
v 10.6559 8.31428 -24.9236 
v 10.735 8.26372 -24.9246 
v 10.6559 8.31428 -24.9236 
v 10.6341 8.15998 -25.0026 
v 10.5597 8.20873 -25.0016 
v 10.6608 6.22316 -24.2027 
v 10.6668 6.20412 -24.1745 
v 10.6647 6.20156 -24.1992 
v 10.6629 6.22572 -24.178 
v 10.6668 6.20412 -24.1745 
v 10.6608 6.22316 -24.2027 
v 10.6642 6.20724 -24.1452 
v 10.6516 6.2294 -24.1336 
v 10.6519 6.20952 -24.1223 
v 10.6516 6.2294 -24.1336 
v 10.6642 6.20724 -24.1452 
v 10.6603 6.22779 -24.1497 
v 6.93495 4.0435 -25.058 
v 6.96184 3.48514 -25.0583 
v 6.94059 3.48424 -25.0496 
v 6.96184 3.48514 -25.0583 
v 6.93495 4.0435 -25.058 
v 6.95992 4.04463 -25.0682 
v 10.7973 8.19901 -24.9254 
v 10.6341 8.15998 -25.0026 
v 10.735 8.26372 -24.9246 
v 10.6341 8.15998 -25.0026 
v 10.7973 8.19901 -24.9254 
v 10.6926 8.09762 -25.0033 
v 10.6519 6.20952 -24.1223 
v 10.6154 5.38966 -24.0234 
v 10.6322 5.39053 -24.0474 
v 6.93495 6.53178 -25.058 
v 6.96184 5.97342 -25.0583 
v 6.94059 5.97252 -25.0496 
v 6.96184 5.97342 -25.0583 
v 6.93495 6.53178 -25.058 
v 6.95992 6.53291 -25.0683 
v 7.36484 8.11181 -24.5133 
v 7.23434 8.2333 -24.6066 
v 7.24045 8.07973 -24.5535 
v 7.23434 8.2333 -24.6066 
v 7.36484 8.11181 -24.5133 
v 7.35673 8.2704 -24.5727 
v 10.3491 4.73642 -24.4047 
v 10.3209 4.75696 -24.3831 
v 10.3191 4.74243 -24.4023 
v 10.3209 4.75696 -24.3831 
v 10.3491 4.73642 -24.4047 
v 10.3517 4.75707 -24.3774 
v 10.5564 5.08663 -24.1949 
v 10.4968 5.15128 -24.1112 
v 10.4863 5.08703 -24.1858 
v 10.4968 5.15128 -24.1112 
v 10.5564 5.08663 -24.1949 
v 10.5668 5.15091 -24.1204 
v 10.6647 6.20156 -24.1992 
v 10.6244 5.39501 -24.1496 
v 10.6571 6.19844 -24.2272 
v 10.8431 8.11981 -24.926 
v 10.6926 8.09762 -25.0033 
v 10.7973 8.19901 -24.9254 
v 10.6926 8.09762 -25.0033 
v 10.8431 8.11981 -24.926 
v 10.7357 8.02133 -25.0038 
v 11.0701 8.46293 -24.7032 
v 10.98 8.4829 -24.6537 
v 10.9731 8.32554 -24.6004 
v 7.25573 2.11406 -24.5181 
v 7.14194 8.05523 -24.6141 
v 7.15328 2.11427 -24.5845 
v 10.6108 5.18991 -24.2532 
v 10.5951 5.13302 -24.4218 
v 10.5915 5.18508 -24.4194 
v 11.0701 8.46293 -24.7032 
v 10.9731 8.32554 -24.6004 
v 11.0698 8.31157 -24.6635 
v 10.6534 6.21925 -24.2293 
v 10.6647 6.20156 -24.1992 
v 10.6571 6.19844 -24.2272 
v 10.584 5.30283 -24.0282 
v 10.5762 5.22324 -24.0613 
v 10.6018 5.22749 -24.0715 
v 10.6018 5.22749 -24.0715 
v 10.6091 5.305 -24.0391 
v 10.584 5.30283 -24.0282 
v 10.6244 5.39501 -24.1496 
v 10.6647 6.20156 -24.1992 
v 10.6333 5.3937 -24.1211 
v 10.6534 6.21925 -24.2293 
v 10.6608 6.22316 -24.2027 
v 10.6647 6.20156 -24.1992 
v 7.14194 8.05523 -24.6141 
v 7.25573 2.11406 -24.5181 
v 7.24045 8.07973 -24.5535 
v 11.1461 8.2986 -24.7507 
v 10.9198 2.10899 -24.6318 
v 11.0024 2.10847 -24.7292 
v 10.6333 5.3937 -24.1211 
v 10.6207 5.34024 -24.1587 
v 10.6244 5.39501 -24.1496 
v 10.5668 5.15091 -24.1204 
v 10.5069 5.22358 -24.0522 
v 10.4968 5.15128 -24.1112 
v 10.5069 5.22358 -24.0522 
v 10.5668 5.15091 -24.1204 
v 10.5762 5.22324 -24.0613 
v 10.9198 2.10899 -24.6318 
v 11.1461 8.2986 -24.7507 
v 11.0698 8.31157 -24.6635 
v 10.872 7.97396 -24.9263 
v 10.7357 8.02133 -25.0038 
v 10.8431 8.11981 -24.926 
v 10.6333 5.3937 -24.1211 
v 10.6292 5.33189 -24.1319 
v 10.6207 5.34024 -24.1587 
v 10.7357 8.02133 -25.0038 
v 10.872 7.97396 -24.9263 
v 10.7628 7.88086 -25.0042 
v 10.651 6.23899 -24.1506 
v 10.6516 6.2294 -24.1336 
v 10.6603 6.22779 -24.1497 
v 10.6684 5.40731 -24.4462 
v 10.6815 5.38108 -24.484 
v 10.6738 5.40875 -24.4829 
v 10.6551 5.37989 -24.4154 
v 10.6731 4.80358 -24.4194 
v 10.694 4.80442 -24.4497 
v 10.6677 5.40853 -24.5609 
v 10.6815 5.38108 -24.484 
v 10.6754 5.38086 -24.562 
v 10.6677 5.40853 -24.5609 
v 10.6738 5.40875 -24.4829 
v 10.6815 5.38108 -24.484 
v 10.694 4.80442 -24.4497 
v 10.6761 5.38082 -24.4457 
v 10.6551 5.37989 -24.4154 
v 10.6629 6.22572 -24.178 
v 10.651 6.23899 -24.1506 
v 10.6603 6.22779 -24.1497 
v 10.651 6.23899 -24.1506 
v 10.6629 6.22572 -24.178 
v 10.6498 6.24165 -24.1792 
v 10.6815 5.38108 -24.484 
v 10.6684 5.40731 -24.4462 
v 10.6761 5.38082 -24.4457 
v 10.6292 5.33189 -24.1319 
v 10.6164 5.29301 -24.1796 
v 10.6207 5.34024 -24.1587 
v 10.6292 5.33189 -24.1319 
v 10.6243 5.27761 -24.1556 
v 10.6164 5.29301 -24.1796 
v 10.5915 5.18508 -24.4194 
v 10.6045 5.2188 -24.2669 
v 10.6108 5.18991 -24.2532 
v 10.618 5.23065 -24.1986 
v 10.6108 5.18991 -24.2532 
v 10.6045 5.2188 -24.2669 
v 10.6243 5.27761 -24.1556 
v 10.618 5.23065 -24.1986 
v 10.6108 5.25305 -24.218 
v 10.6045 5.2188 -24.2669 
v 10.6108 5.25305 -24.218 
v 10.618 5.23065 -24.1986 
v 10.6108 5.25305 -24.218 
v 10.6164 5.29301 -24.1796 
v 10.6243 5.27761 -24.1556 
v 10.6577 2.5918 -25.0029 
v 10.872 7.97396 -24.9263 
v 10.7603 2.47948 -24.9249 
v 10.6731 4.80358 -24.4194 
v 10.6426 4.80236 -24.4053 
v 10.6704 4.77664 -24.4289 
v 10.98 8.4829 -24.6537 
v 10.8589 8.50638 -24.6167 
v 10.8501 8.34384 -24.5571 
v 10.5909 5.38942 -24.0123 
v 10.584 5.30283 -24.0282 
v 10.6091 5.305 -24.0391 
v 10.6091 5.305 -24.0391 
v 10.6154 5.38966 -24.0234 
v 10.5909 5.38942 -24.0123 
v 10.6426 4.80236 -24.4053 
v 10.6411 4.77429 -24.4153 
v 10.6704 4.77664 -24.4289 
v 10.872 7.97396 -24.9263 
v 10.6577 2.5918 -25.0029 
v 10.7628 7.88086 -25.0042 
v 10.98 8.4829 -24.6537 
v 10.8501 8.34384 -24.5571 
v 10.9731 8.32554 -24.6004 
v 7.65578 8.18551 -24.4783 
v 7.35673 8.2704 -24.5727 
v 7.36484 8.11181 -24.5133 
v 7.35673 8.2704 -24.5727 
v 7.65578 8.18551 -24.4783 
v 7.65191 8.34928 -24.5381 
v 10.6476 6.23908 -24.204 
v 10.6629 6.22572 -24.178 
v 10.6608 6.22316 -24.2027 
v 10.6498 6.24165 -24.1792 
v 10.6629 6.22572 -24.178 
v 10.6476 6.23908 -24.204 
v 10.4605 5.09571 -24.1862 
v 10.4589 4.9523 -24.4077 
v 10.4863 5.08703 -24.1858 
v 7.65578 8.18551 -24.4783 
v 8.00271 8.25951 -24.449 
v 7.65191 8.34928 -24.5381 
v 8.0016 8.42641 -24.5085 
v 7.65191 8.34928 -24.5381 
v 8.00271 8.25951 -24.449 
v 10.5762 5.22324 -24.0613 
v 10.5157 5.30313 -24.0193 
v 10.5069 5.22358 -24.0522 
v 10.5157 5.30313 -24.0193 
v 10.5762 5.22324 -24.0613 
v 10.584 5.30283 -24.0282 
v 10.6154 5.38966 -24.0234 
v 10.6519 6.20952 -24.1223 
v 10.6333 6.21033 -24.1122 
v 10.4605 5.09571 -24.1862 
v 10.4968 5.15128 -24.1112 
v 10.4708 5.15795 -24.1133 
v 8.00271 8.25951 -24.449 
v 8.36213 8.3208 -24.4267 
v 8.0016 8.42641 -24.5085 
v 8.36174 8.48922 -24.4861 
v 8.0016 8.42641 -24.5085 
v 8.36213 8.3208 -24.4267 
v 10.6441 6.23044 -24.2302 
v 10.6608 6.22316 -24.2027 
v 10.6534 6.21925 -24.2293 
v 10.6608 6.22316 -24.2027 
v 10.6441 6.23044 -24.2302 
v 10.6476 6.23908 -24.204 
v 10.5609 8.38331 -24.5148 
v 10.8589 8.50638 -24.6167 
v 10.5655 8.55016 -24.5748 
v 10.8589 8.50638 -24.6167 
v 10.5609 8.38331 -24.5148 
v 10.8501 8.34384 -24.5571 
v 10.4968 5.15128 -24.1112 
v 10.4605 5.09571 -24.1862 
v 10.4863 5.08703 -24.1858 
v 10.6551 5.37989 -24.4154 
v 10.6761 5.38082 -24.4457 
v 10.6684 5.40731 -24.4462 
v 10.6537 5.40665 -24.4249 
v 10.6551 5.37989 -24.4154 
v 10.6684 5.40731 -24.4462 
v 10.6516 6.2294 -24.1336 
v 10.6339 6.2311 -24.1239 
v 10.6333 6.21033 -24.1122 
v 8.36213 8.3208 -24.4267 
v 8.75023 8.37171 -24.4097 
v 8.36174 8.48922 -24.4861 
v 8.7502 8.54124 -24.4691 
v 8.36174 8.48922 -24.4861 
v 8.75023 8.37171 -24.4097 
v 10.6516 6.2294 -24.1336 
v 10.6333 6.21033 -24.1122 
v 10.6519 6.20952 -24.1223 
v 10.4589 4.9523 -24.4077 
v 10.4605 5.09571 -24.1862 
v 10.4334 4.96619 -24.4043 
v 10.5655 8.55016 -24.5748 
v 10.2156 8.41334 -24.4768 
v 10.5609 8.38331 -24.5148 
v 10.5655 8.55016 -24.5748 
v 10.2174 8.58242 -24.5364 
v 10.2156 8.41334 -24.4768 
v 10.6333 6.21033 -24.1122 
v 10.5909 5.38942 -24.0123 
v 10.6154 5.38966 -24.0234 
v 8.75023 8.37171 -24.4097 
v 9.1103 8.40501 -24.4068 
v 8.7502 8.54124 -24.4691 
v 9.11061 8.57534 -24.4662 
v 8.7502 8.54124 -24.4691 
v 9.1103 8.40501 -24.4068 
v 10.4708 5.15795 -24.1133 
v 10.5069 5.22358 -24.0522 
v 10.4809 5.22808 -24.0556 
v 10.2174 8.58242 -24.5364 
v 9.85732 8.42633 -24.4455 
v 10.2156 8.41334 -24.4768 
v 10.3148 4.735 -24.4377 
v 10.3032 4.75622 -24.4002 
v 10.2922 4.7546 -24.4347 
v 10.3032 4.75622 -24.4002 
v 10.3148 4.735 -24.4377 
v 10.3191 4.74243 -24.4023 
v 10.2174 8.58242 -24.5364 
v 9.85835 8.59621 -24.505 
v 9.85732 8.42633 -24.4455 
v 9.47008 8.42301 -24.4188 
v 9.11061 8.57534 -24.4662 
v 9.1103 8.40501 -24.4068 
v 9.11061 8.57534 -24.4662 
v 9.47008 8.42301 -24.4188 
v 9.47074 8.59325 -24.4782 
v 9.47074 8.59325 -24.4782 
v 9.85732 8.42633 -24.4455 
v 9.85835 8.59621 -24.505 
v 10.5069 5.22358 -24.0522 
v 10.4708 5.15795 -24.1133 
v 10.4968 5.15128 -24.1112 
v 9.85732 8.42633 -24.4455 
v 9.47074 8.59325 -24.4782 
v 9.47008 8.42301 -24.4188 
v 10.3087 4.73479 -24.5157 
v 10.2922 4.7546 -24.4347 
v 10.2861 4.75437 -24.5127 
v 10.2922 4.7546 -24.4347 
v 10.3087 4.73479 -24.5157 
v 10.3148 4.735 -24.4377 
v 11.0698 8.31157 -24.6635 
v 10.8191 2.10956 -24.5629 
v 10.9198 2.10899 -24.6318 
v 10.584 5.30283 -24.0282 
v 10.5237 5.38967 -24.0035 
v 10.5157 5.30313 -24.0193 
v 10.5237 5.38967 -24.0035 
v 10.584 5.30283 -24.0282 
v 10.5909 5.38942 -24.0123 
v 10.3191 4.74243 -24.4023 
v 10.3209 4.75696 -24.3831 
v 10.3032 4.75622 -24.4002 
v 10.3531 4.78508 -24.3674 
v 10.6411 4.77429 -24.4153 
v 10.6426 4.80236 -24.4053 
v 10.6411 4.77429 -24.4153 
v 10.3531 4.78508 -24.3674 
v 10.3517 4.75707 -24.3774 
v 10.8191 2.10956 -24.5629 
v 11.0698 8.31157 -24.6635 
v 10.9731 8.32554 -24.6004 
v 10.6244 5.39501 -24.1496 
v 10.6412 6.19614 -24.2464 
v 10.6571 6.19844 -24.2272 
v 7.37876 2.11386 -24.4763 
v 7.24045 8.07973 -24.5535 
v 7.25573 2.11406 -24.5181 
v 10.6571 6.19844 -24.2272 
v 10.6422 6.21763 -24.2429 
v 10.6534 6.21925 -24.2293 
v 10.6422 6.21763 -24.2429 
v 10.6571 6.19844 -24.2272 
v 10.6412 6.19614 -24.2464 
v 7.24045 8.07973 -24.5535 
v 7.37876 2.11386 -24.4763 
v 7.36484 8.11181 -24.5133 
v 10.651 6.23899 -24.1506 
v 10.633 6.24475 -24.148 
v 10.6516 6.2294 -24.1336 
v 10.6339 6.2311 -24.1239 
v 10.6516 6.2294 -24.1336 
v 10.633 6.24475 -24.148 
v 10.5749 5.22296 -24.4161 
v 10.6045 5.2188 -24.2669 
v 10.5915 5.18508 -24.4194 
v 10.5157 5.30313 -24.0193 
v 10.4809 5.22808 -24.0556 
v 10.5069 5.22358 -24.0522 
v 10.4809 5.22808 -24.0556 
v 10.5157 5.30313 -24.0193 
v 10.4898 5.30552 -24.0235 
v 10.6245 5.37854 -24.4013 
v 10.6426 4.80236 -24.4053 
v 10.6731 4.80358 -24.4194 
v 10.6731 4.80358 -24.4194 
v 10.6551 5.37989 -24.4154 
v 10.6245 5.37854 -24.4013 
v 10.6441 6.23044 -24.2302 
v 10.6534 6.21925 -24.2293 
v 10.6422 6.21763 -24.2429 
v 10.6412 6.19614 -24.2464 
v 10.6244 5.39501 -24.1496 
v 10.6044 5.39603 -24.1688 
v 10.5909 5.38942 -24.0123 
v 10.582 6.21026 -24.1055 
v 10.5237 5.38967 -24.0035 
v 10.582 6.21026 -24.1055 
v 10.5909 5.38942 -24.0123 
v 10.6333 6.21033 -24.1122 
v 10.3517 4.75707 -24.3774 
v 10.321 4.78373 -24.3733 
v 10.3209 4.75696 -24.3831 
v 10.321 4.78373 -24.3733 
v 10.3517 4.75707 -24.3774 
v 10.3531 4.78508 -24.3674 
v 7.01257 6.53526 -25.0028 
v 6.96201 6.53296 -25.0006 
v 7.00683 6.53498 -24.9687 
v 7.00475 6.53493 -25.0364 
v 6.96201 6.53296 -25.0006 
v 7.01257 6.53526 -25.0028 
v 7.00683 6.53498 -24.9687 
v 6.96201 6.53296 -25.0006 
v 6.98908 6.53416 -24.9431 
v 6.98548 6.53406 -25.0603 
v 6.96201 6.53296 -25.0006 
v 7.00475 6.53493 -25.0364 
v 6.98908 6.53416 -24.9431 
v 6.96201 6.53296 -25.0006 
v 6.96409 6.53302 -24.9329 
v 6.95992 6.53291 -25.0683 
v 6.96201 6.53296 -25.0006 
v 6.98548 6.53406 -25.0603 
v 6.96409 6.53302 -24.9329 
v 6.96201 6.53296 -25.0006 
v 6.93855 6.53187 -24.9408 
v 6.93495 6.53178 -25.058 
v 6.96201 6.53296 -25.0006 
v 6.95992 6.53291 -25.0683 
v 6.93855 6.53187 -24.9408 
v 6.96201 6.53296 -25.0006 
v 6.91931 6.53103 -24.9647 
v 6.91723 6.53097 -25.0324 
v 6.96201 6.53296 -25.0006 
v 6.93495 6.53178 -25.058 
v 6.91931 6.53103 -24.9647 
v 6.96201 6.53296 -25.0006 
v 6.9115 6.5307 -24.9983 
v 6.9115 6.5307 -24.9983 
v 6.96201 6.53296 -25.0006 
v 6.91723 6.53097 -25.0324 
v 10.6333 6.21033 -24.1122 
v 10.5825 6.23102 -24.1172 
v 10.582 6.21026 -24.1055 
v 10.5825 6.23102 -24.1172 
v 10.6333 6.21033 -24.1122 
v 10.6339 6.2311 -24.1239 
v 10.5157 5.30313 -24.0193 
v 10.498 5.39011 -24.0081 
v 10.4898 5.30552 -24.0235 
v 10.6309 6.24751 -24.1778 
v 10.633 6.24475 -24.148 
v 10.651 6.23899 -24.1506 
v 10.498 5.39011 -24.0081 
v 10.5157 5.30313 -24.0193 
v 10.5237 5.38967 -24.0035 
v 10.6498 6.24165 -24.1792 
v 10.6309 6.24751 -24.1778 
v 10.651 6.23899 -24.1506 
v 10.9731 8.32554 -24.6004 
v 10.6973 2.11021 -24.518 
v 10.8191 2.10956 -24.5629 
v 10.6973 2.11021 -24.518 
v 10.9731 8.32554 -24.6004 
v 10.8501 8.34384 -24.5571 
v 10.6244 5.39501 -24.1496 
v 10.6009 5.34642 -24.1766 
v 10.6044 5.39603 -24.1688 
v 6.93855 4.04359 -24.9408 
v 6.96539 3.48523 -24.9428 
v 6.96409 4.04474 -24.9329 
v 6.96539 3.48523 -24.9428 
v 6.93855 4.04359 -24.9408 
v 6.94367 3.48432 -24.9496 
v 6.99975 8.16556 -25.003 
v 7.05613 8.25769 -25.0037 
v 7.28738 8.07238 -25.0066 
v 7.13199 8.33638 -25.0047 
v 7.28738 8.07238 -25.0066 
v 7.05613 8.25769 -25.0037 
v 7.23714 7.98618 -25.006 
v 6.99975 8.16556 -25.003 
v 7.28738 8.07238 -25.0066 
v 7.28738 8.07238 -25.0066 
v 7.13199 8.33638 -25.0047 
v 7.35491 8.14598 -25.0075 
v 6.96267 8.00322 -25.0026 
v 6.99975 8.16556 -25.003 
v 7.23714 7.98618 -25.006 
v 7.22792 8.40218 -25.0059 
v 7.35491 8.14598 -25.0075 
v 7.13199 8.33638 -25.0047 
v 7.20399 7.83429 -25.0056 
v 6.96267 8.00322 -25.0026 
v 7.23714 7.98618 -25.006 
v 7.35491 8.14598 -25.0075 
v 7.22792 8.40218 -25.0059 
v 7.44024 8.20749 -25.0086 
v 7.20399 7.83429 -25.0056 
v 6.95775 2.11476 -25.0025 
v 6.96267 8.00322 -25.0026 
v 7.35149 8.46014 -25.0074 
v 7.44024 8.20749 -25.0086 
v 7.22792 8.40218 -25.0059 
v 6.95775 2.11476 -25.0025 
v 7.20399 7.83429 -25.0056 
v 7.19191 2.27615 -25.0054 
v 7.44024 8.20749 -25.0086 
v 7.35149 8.46014 -25.0074 
v 7.55007 8.26158 -25.0099 
v 9.03191 2.11361 -25.0286 
v 6.95775 2.11476 -25.0025 
v 7.19191 2.27615 -25.0054 
v 7.64604 8.54875 -25.0111 
v 7.55007 8.26158 -25.0099 
v 7.35149 8.46014 -25.0074 
v 7.19191 2.27615 -25.0054 
v 9.03383 2.32462 -25.0286 
v 9.03191 2.11361 -25.0286 
v 7.55007 8.26158 -25.0099 
v 7.64604 8.54875 -25.0111 
v 7.8116 8.34392 -25.0132 
v 10.8757 2.37012 -25.0517 
v 9.03191 2.11361 -25.0286 
v 9.03383 2.32462 -25.0286 
v 7.99528 8.6276 -25.0155 
v 7.8116 8.34392 -25.0132 
v 7.64604 8.54875 -25.0111 
v 9.03191 2.11361 -25.0286 
v 10.8757 2.37012 -25.0517 
v 11.1045 2.10774 -25.0546 
v 7.8116 8.34392 -25.0132 
v 7.99528 8.6276 -25.0155 
v 8.12129 8.41666 -25.0171 
v 10.8757 2.37012 -25.0517 
v 11.2386 8.27727 -25.0563 
v 11.1045 2.10774 -25.0546 
v 8.35538 8.69071 -25.0201 
v 8.12129 8.41666 -25.0171 
v 7.99528 8.6276 -25.0155 
v 11.2386 8.27727 -25.0563 
v 10.8757 2.37012 -25.0517 
v 10.9945 8.07831 -25.0532 
v 8.12129 8.41666 -25.0171 
v 8.35538 8.69071 -25.0201 
v 8.44027 8.47433 -25.0211 
v 10.9637 8.22976 -25.0528 
v 11.2386 8.27727 -25.0563 
v 10.9945 8.07831 -25.0532 
v 8.74397 8.743 -25.0249 
v 8.44027 8.47433 -25.0211 
v 8.35538 8.69071 -25.0201 
v 11.2386 8.27727 -25.0563 
v 10.9637 8.22976 -25.0528 
v 11.2038 8.4394 -25.0559 
v 8.44027 8.47433 -25.0211 
v 8.74397 8.743 -25.0249 
v 8.78424 8.52152 -25.0254 
v 10.9147 8.31197 -25.0522 
v 11.2038 8.4394 -25.0559 
v 10.9637 8.22976 -25.0528 
v 8.74397 8.743 -25.0249 
v 9.1034 8.55204 -25.0295 
v 8.78424 8.52152 -25.0254 
v 11.2038 8.4394 -25.0559 
v 10.9147 8.31197 -25.0522 
v 11.1486 8.52742 -25.0552 
v 8.74397 8.743 -25.0249 
v 9.10467 8.77744 -25.0295 
v 9.1034 8.55204 -25.0295 
v 10.9147 8.31197 -25.0522 
v 11.0738 8.59927 -25.0542 
v 11.1486 8.52742 -25.0552 
v 9.10467 8.77744 -25.0295 
v 9.42246 8.56753 -25.0335 
v 9.1034 8.55204 -25.0295 
v 11.0738 8.59927 -25.0542 
v 10.9147 8.31197 -25.0522 
v 10.8481 8.37912 -25.0514 
v 9.42246 8.56753 -25.0335 
v 9.10467 8.77744 -25.0295 
v 9.46529 8.79581 -25.034 
v 10.8481 8.37912 -25.0514 
v 10.9786 8.65533 -25.053 
v 11.0738 8.59927 -25.0542 
v 9.46529 8.79581 -25.034 
v 9.76615 8.56917 -25.0378 
v 9.42246 8.56753 -25.0335 
v 10.9786 8.65533 -25.053 
v 10.8481 8.37912 -25.0514 
v 10.7636 8.43155 -25.0503 
v 9.76615 8.56917 -25.0378 
v 9.46529 8.79581 -25.034 
v 9.85362 8.79937 -25.0389 
v 10.7636 8.43155 -25.0503 
v 10.8556 8.69965 -25.0515 
v 10.9786 8.65533 -25.053 
v 9.85362 8.79937 -25.0389 
v 10.0847 8.55539 -25.0418 
v 9.76615 8.56917 -25.0378 
v 10.8556 8.69965 -25.0515 
v 10.7636 8.43155 -25.0503 
v 10.6544 8.4731 -25.049 
v 10.0847 8.55539 -25.0418 
v 9.85362 8.79937 -25.0389 
v 10.2133 8.78607 -25.0434 
v 10.6544 8.4731 -25.049 
v 10.5619 8.75277 -25.0478 
v 10.8556 8.69965 -25.0515 
v 10.2133 8.78607 -25.0434 
v 10.3937 8.52327 -25.0457 
v 10.0847 8.55539 -25.0418 
v 10.5619 8.75277 -25.0478 
v 10.6544 8.4731 -25.049 
v 10.3937 8.52327 -25.0457 
v 10.3937 8.52327 -25.0457 
v 10.2133 8.78607 -25.0434 
v 10.5619 8.75277 -25.0478 
v 10.6009 5.34642 -24.1766 
v 10.6244 5.39501 -24.1496 
v 10.6207 5.34024 -24.1587 
v 6.93855 6.53187 -24.9408 
v 6.96539 5.97351 -24.9428 
v 6.96409 6.53302 -24.9329 
v 6.96539 5.97351 -24.9428 
v 6.93855 6.53187 -24.9408 
v 6.94367 5.9726 -24.9496 
v 7.43394 7.66652 -24.9623 
v 9.03702 2.54868 -24.9825 
v 7.41632 2.50281 -24.9621 
v 10.7628 7.88086 -25.0042 
v 10.6577 2.5918 -25.0029 
v 9.03702 2.54868 -24.9825 
v 9.10253 8.32669 -24.9833 
v 9.03702 2.54868 -24.9825 
v 7.43394 7.66652 -24.9623 
v 9.03702 2.54868 -24.9825 
v 9.10253 8.32669 -24.9833 
v 10.7628 7.88086 -25.0042 
v 9.10253 8.32669 -24.9833 
v 7.43394 7.66652 -24.9623 
v 7.4633 7.8076 -24.9627 
v 9.10253 8.32669 -24.9833 
v 10.7357 8.02133 -25.0038 
v 10.7628 7.88086 -25.0042 
v 10.7357 8.02133 -25.0038 
v 9.10253 8.32669 -24.9833 
v 10.6926 8.09762 -25.0033 
v 9.10253 8.32669 -24.9833 
v 10.6341 8.15998 -25.0026 
v 10.6926 8.09762 -25.0033 
v 10.6341 8.15998 -25.0026 
v 10.4636 8.24746 -25.0004 
v 10.5597 8.20873 -25.0016 
v 10.6341 8.15998 -25.0026 
v 9.10253 8.32669 -24.9833 
v 10.4636 8.24746 -25.0004 
v 9.10253 8.32669 -24.9833 
v 10.2346 8.29465 -24.9975 
v 10.4636 8.24746 -25.0004 
v 10.2346 8.29465 -24.9975 
v 9.10253 8.32669 -24.9833 
v 9.96319 8.32546 -24.9941 
v 9.96319 8.32546 -24.9941 
v 9.38228 8.33954 -24.9868 
v 9.68369 8.33952 -24.9906 
v 9.38228 8.33954 -24.9868 
v 9.96319 8.32546 -24.9941 
v 9.10253 8.32669 -24.9833 
v 8.82269 8.29987 -24.9798 
v 8.24104 8.20534 -24.9725 
v 8.521 8.25761 -24.976 
v 8.24104 8.20534 -24.9725 
v 8.82269 8.29987 -24.9798 
v 9.10253 8.32669 -24.9833 
v 7.969 8.13881 -24.9691 
v 8.24104 8.20534 -24.9725 
v 9.10253 8.32669 -24.9833 
v 9.10253 8.32669 -24.9833 
v 7.73902 8.06298 -24.9662 
v 7.969 8.13881 -24.9691 
v 7.73902 8.06298 -24.9662 
v 7.56718 7.95592 -24.964 
v 7.64235 8.01293 -24.965 
v 9.10253 8.32669 -24.9833 
v 7.56718 7.95592 -24.964 
v 7.73902 8.06298 -24.9662 
v 9.10253 8.32669 -24.9833 
v 7.50765 7.88763 -24.9633 
v 7.56718 7.95592 -24.964 
v 7.4633 7.8076 -24.9627 
v 7.50765 7.88763 -24.9633 
v 9.10253 8.32669 -24.9833 
v 10.6476 6.23908 -24.204 
v 10.6309 6.24751 -24.1778 
v 10.6498 6.24165 -24.1792 
v 10.6309 6.24751 -24.1778 
v 10.6476 6.23908 -24.204 
v 10.6288 6.24493 -24.2026 
v 10.6537 5.40665 -24.4249 
v 10.6244 5.40654 -24.4113 
v 10.6245 5.37854 -24.4013 
v 10.5815 6.24467 -24.1413 
v 10.6339 6.2311 -24.1239 
v 10.633 6.24475 -24.148 
v 10.6339 6.2311 -24.1239 
v 10.5815 6.24467 -24.1413 
v 10.5825 6.23102 -24.1172 
v 7.36484 8.11181 -24.5133 
v 7.65355 2.1136 -24.4437 
v 7.65578 8.18551 -24.4783 
v 7.65355 2.1136 -24.4437 
v 7.36484 8.11181 -24.5133 
v 7.37876 2.11386 -24.4763 
v 10.3879 5.38405 -24.3704 
v 10.6426 4.80236 -24.4053 
v 10.6245 5.37854 -24.4013 
v 10.6426 4.80236 -24.4053 
v 10.3879 5.38405 -24.3704 
v 10.3531 4.78508 -24.3674 
v 10.6537 5.40665 -24.4249 
v 10.6245 5.37854 -24.4013 
v 10.6551 5.37989 -24.4154 
v 10.6207 5.34024 -24.1587 
v 10.5969 5.30433 -24.1953 
v 10.6009 5.34642 -24.1766 
v 10.6207 5.34024 -24.1587 
v 10.6164 5.29301 -24.1796 
v 10.5969 5.30433 -24.1953 
v 10.6525 5.4211 -24.4441 
v 10.6537 5.40665 -24.4249 
v 10.6684 5.40731 -24.4462 
v 10.5237 5.38967 -24.0035 
v 10.5621 6.20939 -24.1106 
v 10.498 5.39011 -24.0081 
v 7.65578 8.18551 -24.4783 
v 7.65355 2.1136 -24.4437 
v 7.98306 2.11348 -24.4161 
v 7.98306 2.11348 -24.4161 
v 8.00271 8.25951 -24.449 
v 7.65578 8.18551 -24.4783 
v 10.6108 5.25305 -24.218 
v 10.6045 5.2188 -24.2669 
v 10.5861 5.23995 -24.2751 
v 10.6441 6.23044 -24.2302 
v 10.6259 6.23594 -24.2302 
v 10.6288 6.24493 -24.2026 
v 8.00271 8.25951 -24.449 
v 7.98306 2.11348 -24.4161 
v 8.32631 2.11349 -24.3944 
v 8.32631 2.11349 -24.3944 
v 8.36213 8.3208 -24.4267 
v 8.00271 8.25951 -24.449 
v 10.5749 5.22296 -24.4161 
v 10.5861 5.23995 -24.2751 
v 10.6045 5.2188 -24.2669 
v 6.92065 5.97166 -24.9986 
v 6.96362 5.97346 -25.0006 
v 6.92729 5.97192 -24.97 
v 6.92552 5.97188 -25.0278 
v 6.96362 5.97346 -25.0006 
v 6.92065 5.97166 -24.9986 
v 6.92729 5.97192 -24.97 
v 6.96362 5.97346 -25.0006 
v 6.94367 5.9726 -24.9496 
v 6.94059 5.97252 -25.0496 
v 6.96362 5.97346 -25.0006 
v 6.92552 5.97188 -25.0278 
v 10.4238 2.11144 -24.4785 
v 10.8501 8.34384 -24.5571 
v 10.5609 8.38331 -24.5148 
v 10.8501 8.34384 -24.5571 
v 10.4238 2.11144 -24.4785 
v 10.6973 2.11021 -24.518 
v 6.94367 5.9726 -24.9496 
v 6.96362 5.97346 -25.0006 
v 6.96539 5.97351 -24.9428 
v 6.96184 5.97342 -25.0583 
v 6.96362 5.97346 -25.0006 
v 6.94059 5.97252 -25.0496 
v 6.96539 5.97351 -24.9428 
v 6.96362 5.97346 -25.0006 
v 6.98666 5.97442 -24.9515 
v 6.98358 5.97434 -25.0516 
v 6.96362 5.97346 -25.0006 
v 6.96184 5.97342 -25.0583 
v 6.98666 5.97442 -24.9515 
v 6.96362 5.97346 -25.0006 
v 7.00175 5.97507 -24.9734 
v 6.99998 5.97503 -25.0311 
v 6.96362 5.97346 -25.0006 
v 6.98358 5.97434 -25.0516 
v 7.00175 5.97507 -24.9734 
v 6.96362 5.97346 -25.0006 
v 7.00663 5.9753 -25.0025 
v 7.00663 5.9753 -25.0025 
v 6.96362 5.97346 -25.0006 
v 6.99998 5.97503 -25.0311 
v 10.6512 5.42834 -24.4799 
v 10.6684 5.40731 -24.4462 
v 10.6738 5.40875 -24.4829 
v 10.6684 5.40731 -24.4462 
v 10.6512 5.42834 -24.4799 
v 10.6525 5.4211 -24.4441 
v 8.36213 8.3208 -24.4267 
v 8.32631 2.11349 -24.3944 
v 8.69676 2.11357 -24.3775 
v 10.6164 5.29301 -24.1796 
v 10.6108 5.25305 -24.218 
v 10.5918 5.26947 -24.2304 
v 8.69676 2.11357 -24.3775 
v 8.75023 8.37171 -24.4097 
v 8.36213 8.3208 -24.4267 
v 10.3817 7.12654 -24.447 
v 9.51628 7.70251 -24.3842 
v 10.1065 6.82715 -24.4211 
v 9.51628 7.70251 -24.3842 
v 10.3817 7.12654 -24.447 
v 10.329 7.84637 -24.451 
v 10.1065 6.82715 -24.4211 
v 9.51628 7.70251 -24.3842 
v 9.19546 6.71839 -24.3464 
v 9.19546 6.71839 -24.3464 
v 9.51628 7.70251 -24.3842 
v 9.12551 7.4522 -24.3502 
v 10.6288 6.24493 -24.2026 
v 10.6476 6.23908 -24.204 
v 10.6441 6.23044 -24.2302 
v 8.75023 8.37171 -24.4097 
v 8.69676 2.11357 -24.3775 
v 9.04013 2.11361 -24.3744 
v 9.04013 2.11361 -24.3744 
v 9.1103 8.40501 -24.4068 
v 8.75023 8.37171 -24.4097 
v 10.2156 8.41334 -24.4768 
v 10.0954 2.11247 -24.4427 
v 10.5609 8.38331 -24.5148 
v 10.5609 8.38331 -24.5148 
v 10.0954 2.11247 -24.4427 
v 10.4238 2.11144 -24.4785 
v 10.3817 7.12654 -24.447 
v 10.1065 6.82715 -24.4211 
v 10.4376 6.85804 -24.3426 
v 10.5621 6.20939 -24.1106 
v 10.5237 5.38967 -24.0035 
v 10.582 6.21026 -24.1055 
v 9.85732 8.42633 -24.4455 
v 9.75301 2.11314 -24.4123 
v 10.2156 8.41334 -24.4768 
v 10.2156 8.41334 -24.4768 
v 9.75301 2.11314 -24.4123 
v 10.0954 2.11247 -24.4427 
v 10.5861 5.23995 -24.2751 
v 10.5918 5.26947 -24.2304 
v 10.6108 5.25305 -24.218 
v 9.38326 2.1135 -24.3861 
v 9.1103 8.40501 -24.4068 
v 9.04013 2.11361 -24.3744 
v 9.1103 8.40501 -24.4068 
v 9.38326 2.1135 -24.3861 
v 9.47008 8.42301 -24.4188 
v 9.75301 2.11314 -24.4123 
v 9.47008 8.42301 -24.4188 
v 9.38326 2.1135 -24.3861 
v 9.47008 8.42301 -24.4188 
v 9.75301 2.11314 -24.4123 
v 9.85732 8.42633 -24.4455 
v 10.6677 5.40853 -24.5609 
v 10.6512 5.42834 -24.4799 
v 10.6738 5.40875 -24.4829 
v 10.6512 5.42834 -24.4799 
v 10.6677 5.40853 -24.5609 
v 10.6451 5.42811 -24.5579 
v 10.6164 5.29301 -24.1796 
v 10.5918 5.26947 -24.2304 
v 10.5969 5.30433 -24.1953 
v 10.582 6.21026 -24.1055 
v 10.5634 6.22926 -24.1221 
v 10.5621 6.20939 -24.1106 
v 10.5634 6.22926 -24.1221 
v 10.582 6.21026 -24.1055 
v 10.5825 6.23102 -24.1172 
v 10.6309 6.24751 -24.1778 
v 10.5815 6.24467 -24.1413 
v 10.633 6.24475 -24.148 
v 10.5815 6.24467 -24.1413 
v 10.6309 6.24751 -24.1778 
v 10.5793 6.24742 -24.1711 
v 10.3531 4.78508 -24.3674 
v 10.3556 5.38256 -24.3762 
v 10.321 4.78373 -24.3733 
v 10.3556 5.38256 -24.3762 
v 10.3531 4.78508 -24.3674 
v 10.3879 5.38405 -24.3704 
v 10.6244 5.40654 -24.4113 
v 10.3879 5.38405 -24.3704 
v 10.6245 5.37854 -24.4013 
v 10.6244 5.40654 -24.4113 
v 10.3877 5.412 -24.3803 
v 10.3879 5.38405 -24.3704 
v 10.4423 5.11791 -24.1947 
v 10.4708 5.15795 -24.1133 
v 10.4519 5.17511 -24.1261 
v 10.4519 5.17511 -24.1261 
v 10.4809 5.22808 -24.0556 
v 10.4614 5.23979 -24.0717 
v 10.5815 6.24467 -24.1413 
v 10.5634 6.22926 -24.1221 
v 10.5825 6.23102 -24.1172 
v 10.5634 6.22926 -24.1221 
v 10.5815 6.24467 -24.1413 
v 10.5627 6.23885 -24.1391 
v 10.321 4.78373 -24.3733 
v 10.3032 4.75622 -24.4002 
v 10.3209 4.75696 -24.3831 
v 10.3032 4.75622 -24.4002 
v 10.321 4.78373 -24.3733 
v 10.2957 4.78268 -24.3976 
v 10.6412 6.19614 -24.2464 
v 10.6232 6.21771 -24.2481 
v 10.6422 6.21763 -24.2429 
v 10.6044 5.39603 -24.1688 
v 10.6213 6.19528 -24.2515 
v 10.6412 6.19614 -24.2464 
v 10.6441 6.23044 -24.2302 
v 10.6232 6.21771 -24.2481 
v 10.6259 6.23594 -24.2302 
v 10.6232 6.21771 -24.2481 
v 10.6441 6.23044 -24.2302 
v 10.6422 6.21763 -24.2429 
v 10.4166 5.00414 -24.4019 
v 10.4605 5.09571 -24.1862 
v 10.4423 5.11791 -24.1947 
v 10.4809 5.22808 -24.0556 
v 10.4519 5.17511 -24.1261 
v 10.4708 5.15795 -24.1133 
v 10.4708 5.15795 -24.1133 
v 10.4423 5.11791 -24.1947 
v 10.4605 5.09571 -24.1862 
v 10.6232 6.21771 -24.2481 
v 10.6412 6.19614 -24.2464 
v 10.6213 6.19528 -24.2515 
v 10.6288 6.24493 -24.2026 
v 10.5793 6.24742 -24.1711 
v 10.6309 6.24751 -24.1778 
v 10.5793 6.24742 -24.1711 
v 10.6288 6.24493 -24.2026 
v 10.5772 6.24485 -24.1959 
v 9.09529 7.64392 -24.3029 
v 9.12551 7.4522 -24.3502 
v 9.51628 7.70251 -24.3842 
v 10.4614 5.23979 -24.0717 
v 10.4898 5.30552 -24.0235 
v 10.4699 5.31181 -24.0416 
v 10.6213 6.19528 -24.2515 
v 10.6044 5.39603 -24.1688 
v 10.5787 5.39648 -24.1733 
v 10.4898 5.30552 -24.0235 
v 10.4614 5.23979 -24.0717 
v 10.4809 5.22808 -24.0556 
v 10.6259 6.23594 -24.2302 
v 10.5772 6.24485 -24.1959 
v 10.6288 6.24493 -24.2026 
v 10.6259 6.23594 -24.2302 
v 10.5744 6.23585 -24.2235 
v 10.5772 6.24485 -24.1959 
v 10.498 5.39011 -24.0081 
v 10.4699 5.31181 -24.0416 
v 10.4898 5.30552 -24.0235 
v 10.4699 5.31181 -24.0416 
v 10.498 5.39011 -24.0081 
v 10.4779 5.39112 -24.0273 
v 6.98358 3.48606 -25.0516 
v 6.95992 4.04463 -25.0682 
v 6.98548 4.04578 -25.0603 
v 6.95992 4.04463 -25.0682 
v 6.98358 3.48606 -25.0516 
v 6.96184 3.48514 -25.0583 
v 10.3567 5.40938 -24.3861 
v 10.3879 5.38405 -24.3704 
v 10.3877 5.412 -24.3803 
v 10.3879 5.38405 -24.3704 
v 10.3567 5.40938 -24.3861 
v 10.3556 5.38256 -24.3762 
v 10.4605 5.09571 -24.1862 
v 10.4166 5.00414 -24.4019 
v 10.4334 4.96619 -24.4043 
v 6.95992 6.53291 -25.0683 
v 6.98358 5.97434 -25.0516 
v 6.96184 5.97342 -25.0583 
v 6.98358 5.97434 -25.0516 
v 6.95992 6.53291 -25.0683 
v 6.98548 6.53406 -25.0603 
v 10.6525 5.4211 -24.4441 
v 10.6244 5.40654 -24.4113 
v 10.6537 5.40665 -24.4249 
v 10.6244 5.40654 -24.4113 
v 10.6525 5.4211 -24.4441 
v 10.6227 5.42706 -24.4386 
v 10.5627 6.23885 -24.1391 
v 10.5793 6.24742 -24.1711 
v 10.5598 6.2415 -24.1675 
v 10.6009 5.34642 -24.1766 
v 10.5787 5.39648 -24.1733 
v 10.6044 5.39603 -24.1688 
v 10.2957 4.78268 -24.3976 
v 10.2844 4.78222 -24.4336 
v 10.3032 4.75622 -24.4002 
v 10.5787 5.39648 -24.1733 
v 10.6009 5.34642 -24.1766 
v 10.5751 5.34875 -24.1807 
v 10.5793 6.24742 -24.1711 
v 10.5627 6.23885 -24.1391 
v 10.5815 6.24467 -24.1413 
v 10.2844 4.78222 -24.4336 
v 10.2922 4.7546 -24.4347 
v 10.3032 4.75622 -24.4002 
v 10.5744 6.23585 -24.2235 
v 10.6232 6.21771 -24.2481 
v 10.5718 6.21763 -24.2414 
v 10.5744 6.23585 -24.2235 
v 10.6259 6.23594 -24.2302 
v 10.6232 6.21771 -24.2481 
v 10.498 5.39011 -24.0081 
v 10.5462 6.20708 -24.1298 
v 10.4779 5.39112 -24.0273 
v 10.5787 5.39648 -24.1733 
v 10.57 6.19521 -24.2449 
v 10.6213 6.19528 -24.2515 
v 10.57 6.19521 -24.2449 
v 10.5787 5.39648 -24.1733 
v 10.5116 5.39672 -24.1646 
v 10.2922 4.7546 -24.4347 
v 10.2783 4.782 -24.5116 
v 10.2861 4.75437 -24.5127 
v 10.2783 4.782 -24.5116 
v 10.2922 4.7546 -24.4347 
v 10.2844 4.78222 -24.4336 
v 10.5718 6.21763 -24.2414 
v 10.6213 6.19528 -24.2515 
v 10.57 6.19521 -24.2449 
v 10.5718 6.21763 -24.2414 
v 10.6232 6.21771 -24.2481 
v 10.6213 6.19528 -24.2515 
v 10.5577 6.23893 -24.1923 
v 10.5793 6.24742 -24.1711 
v 10.5772 6.24485 -24.1959 
v 10.5793 6.24742 -24.1711 
v 10.5577 6.23893 -24.1923 
v 10.5598 6.2415 -24.1675 
v 10.6009 5.34642 -24.1766 
v 10.5711 5.30856 -24.1986 
v 10.5751 5.34875 -24.1807 
v 10.5711 5.30856 -24.1986 
v 10.6009 5.34642 -24.1766 
v 10.5969 5.30433 -24.1953 
v 10.3302 5.38141 -24.4005 
v 10.321 4.78373 -24.3733 
v 10.3556 5.38256 -24.3762 
v 10.321 4.78373 -24.3733 
v 10.3302 5.38141 -24.4005 
v 10.2957 4.78268 -24.3976 
v 10.6227 5.42706 -24.4386 
v 10.3877 5.412 -24.3803 
v 10.6244 5.40654 -24.4113 
v 10.6227 5.42706 -24.4386 
v 10.386 5.43248 -24.4077 
v 10.3877 5.412 -24.3803 
v 10.5607 5.24779 -24.2755 
v 10.5749 5.22296 -24.4161 
v 10.5498 5.23676 -24.4124 
v 10.5634 6.22926 -24.1221 
v 10.5627 6.23885 -24.1391 
v 10.5522 6.22763 -24.1357 
v 10.5772 6.24485 -24.1959 
v 10.5558 6.2303 -24.2187 
v 10.5577 6.23893 -24.1923 
v 10.5558 6.2303 -24.2187 
v 10.5772 6.24485 -24.1959 
v 10.5744 6.23585 -24.2235 
v 10.5462 6.20708 -24.1298 
v 10.498 5.39011 -24.0081 
v 10.5621 6.20939 -24.1106 
v 10.5621 6.20939 -24.1106 
v 10.5522 6.22763 -24.1357 
v 10.5462 6.20708 -24.1298 
v 10.5522 6.22763 -24.1357 
v 10.5621 6.20939 -24.1106 
v 10.5634 6.22926 -24.1221 
v 10.5116 5.39672 -24.1646 
v 10.5751 5.34875 -24.1807 
v 10.5073 5.34902 -24.1718 
v 10.5751 5.34875 -24.1807 
v 10.5116 5.39672 -24.1646 
v 10.5787 5.39648 -24.1733 
v 10.6199 5.43445 -24.4758 
v 10.6227 5.42706 -24.4386 
v 10.6525 5.4211 -24.4441 
v 10.6512 5.42834 -24.4799 
v 10.6199 5.43445 -24.4758 
v 10.6525 5.4211 -24.4441 
v 10.5558 6.2303 -24.2187 
v 10.5718 6.21763 -24.2414 
v 10.554 6.21749 -24.2314 
v 10.5718 6.21763 -24.2414 
v 10.5558 6.2303 -24.2187 
v 10.5744 6.23585 -24.2235 
v 10.5661 5.27558 -24.2323 
v 10.5969 5.30433 -24.1953 
v 10.5918 5.26947 -24.2304 
v 10.5514 6.19601 -24.2347 
v 10.5116 5.39672 -24.1646 
v 10.4871 5.39647 -24.1534 
v 10.3556 5.38256 -24.3762 
v 10.3389 5.40857 -24.4032 
v 10.3302 5.38141 -24.4005 
v 10.3389 5.40857 -24.4032 
v 10.3556 5.38256 -24.3762 
v 10.3567 5.40938 -24.3861 
v 10.5969 5.30433 -24.1953 
v 10.5661 5.27558 -24.2323 
v 10.5711 5.30856 -24.1986 
v 10.6451 5.42811 -24.5579 
v 10.6199 5.43445 -24.4758 
v 10.6512 5.42834 -24.4799 
v 10.6199 5.43445 -24.4758 
v 10.6451 5.42811 -24.5579 
v 10.6138 5.43422 -24.5538 
v 10.3877 5.412 -24.3803 
v 10.3555 5.4238 -24.4053 
v 10.3567 5.40938 -24.3861 
v 10.3555 5.4238 -24.4053 
v 10.3877 5.412 -24.3803 
v 10.386 5.43248 -24.4077 
v 10.9945 8.07831 -25.0532 
v 10.7603 2.47948 -24.9249 
v 10.872 7.97396 -24.9263 
v 10.554 6.21749 -24.2314 
v 10.57 6.19521 -24.2449 
v 10.5514 6.19601 -24.2347 
v 10.5661 5.27558 -24.2323 
v 10.5861 5.23995 -24.2751 
v 10.5607 5.24779 -24.2755 
v 10.5116 5.39672 -24.1646 
v 10.5514 6.19601 -24.2347 
v 10.57 6.19521 -24.2449 
v 10.7603 2.47948 -24.9249 
v 10.9945 8.07831 -25.0532 
v 10.8757 2.37012 -25.0517 
v 10.554 6.21749 -24.2314 
v 10.5718 6.21763 -24.2414 
v 10.57 6.19521 -24.2449 
v 10.5861 5.23995 -24.2751 
v 10.5661 5.27558 -24.2323 
v 10.5918 5.26947 -24.2304 
v 10.5073 5.34902 -24.1718 
v 10.5711 5.30856 -24.1986 
v 10.5027 5.30885 -24.1897 
v 10.5711 5.30856 -24.1986 
v 10.5073 5.34902 -24.1718 
v 10.5751 5.34875 -24.1807 
v 10.5749 5.22296 -24.4161 
v 10.5607 5.24779 -24.2755 
v 10.5861 5.23995 -24.2751 
v 10.5522 6.22763 -24.1357 
v 10.5598 6.2415 -24.1675 
v 10.5448 6.22554 -24.1626 
v 10.5598 6.2415 -24.1675 
v 10.5522 6.22763 -24.1357 
v 10.5627 6.23885 -24.1391 
v 10.4871 5.39647 -24.1534 
v 10.5073 5.34902 -24.1718 
v 10.4823 5.3469 -24.1611 
v 10.8431 8.11981 -24.926 
v 10.9945 8.07831 -25.0532 
v 10.872 7.97396 -24.9263 
v 10.5073 5.34902 -24.1718 
v 10.4871 5.39647 -24.1534 
v 10.5116 5.39672 -24.1646 
v 10.386 5.43248 -24.4077 
v 10.6199 5.43445 -24.4758 
v 10.3833 5.43985 -24.4448 
v 10.6199 5.43445 -24.4758 
v 10.386 5.43248 -24.4077 
v 10.6227 5.42706 -24.4386 
v 10.4453 5.19802 -24.1458 
v 10.4614 5.23979 -24.0717 
v 10.4538 5.25545 -24.0961 
v 10.9945 8.07831 -25.0532 
v 10.8431 8.11981 -24.926 
v 10.9637 8.22976 -25.0528 
v 10.4366 5.14754 -24.2088 
v 10.4519 5.17511 -24.1261 
v 10.4453 5.19802 -24.1458 
v 10.4614 5.23979 -24.0717 
v 10.4453 5.19802 -24.1458 
v 10.4519 5.17511 -24.1261 
v 10.4519 5.17511 -24.1261 
v 10.4366 5.14754 -24.2088 
v 10.4423 5.11791 -24.1947 
v 10.4134 5.05639 -24.4005 
v 10.4423 5.11791 -24.1947 
v 10.4366 5.14754 -24.2088 
v 10.4538 5.25545 -24.0961 
v 10.4699 5.31181 -24.0416 
v 10.4616 5.32024 -24.0686 
v 10.4699 5.31181 -24.0416 
v 10.4538 5.25545 -24.0961 
v 10.4614 5.23979 -24.0717 
v 10.2957 4.78268 -24.3976 
v 10.3189 5.3809 -24.4366 
v 10.2844 4.78222 -24.4336 
v 10.3189 5.3809 -24.4366 
v 10.2957 4.78268 -24.3976 
v 10.3302 5.38141 -24.4005 
v 10.4779 5.39112 -24.0273 
v 10.4616 5.32024 -24.0686 
v 10.4699 5.31181 -24.0416 
v 10.4616 5.32024 -24.0686 
v 10.4779 5.39112 -24.0273 
v 10.469 5.39243 -24.0558 
v 10.5427 6.22298 -24.1873 
v 10.5598 6.2415 -24.1675 
v 10.5577 6.23893 -24.1923 
v 10.5598 6.2415 -24.1675 
v 10.5427 6.22298 -24.1873 
v 10.5448 6.22554 -24.1626 
v 10.3833 5.43985 -24.4448 
v 10.6138 5.43422 -24.5538 
v 10.3771 5.43961 -24.5228 
v 10.6138 5.43422 -24.5538 
v 10.3833 5.43985 -24.4448 
v 10.6199 5.43445 -24.4758 
v 10.4423 5.11791 -24.1947 
v 10.4134 5.05639 -24.4005 
v 10.4166 5.00414 -24.4019 
v 10.3567 5.40938 -24.3861 
v 10.3555 5.4238 -24.4053 
v 10.3389 5.40857 -24.4032 
v 10.7973 8.19901 -24.9254 
v 10.9637 8.22976 -25.0528 
v 10.8431 8.11981 -24.926 
v 10.5462 6.20708 -24.1298 
v 10.469 5.39243 -24.0558 
v 10.4779 5.39112 -24.0273 
v 10.9637 8.22976 -25.0528 
v 10.7973 8.19901 -24.9254 
v 10.9147 8.31197 -25.0522 
v 10.5427 6.22298 -24.1873 
v 10.5558 6.2303 -24.2187 
v 10.5453 6.21909 -24.2153 
v 10.5558 6.2303 -24.2187 
v 10.5427 6.22298 -24.1873 
v 10.5577 6.23893 -24.1923 
v 10.5558 6.2303 -24.2187 
v 10.554 6.21749 -24.2314 
v 10.5453 6.21909 -24.2153 
v 10.4823 5.3469 -24.1611 
v 10.5027 5.30885 -24.1897 
v 10.4773 5.30484 -24.1797 
v 10.5027 5.30885 -24.1897 
v 10.5661 5.27558 -24.2323 
v 10.4977 5.27588 -24.2234 
v 10.5027 5.30885 -24.1897 
v 10.4823 5.3469 -24.1611 
v 10.5073 5.34902 -24.1718 
v 10.5661 5.27558 -24.2323 
v 10.5027 5.30885 -24.1897 
v 10.5711 5.30856 -24.1986 
v 10.2844 4.78222 -24.4336 
v 10.3127 5.38066 -24.5146 
v 10.2783 4.782 -24.5116 
v 10.3127 5.38066 -24.5146 
v 10.2844 4.78222 -24.4336 
v 10.3189 5.3809 -24.4366 
v 10.5522 6.22763 -24.1357 
v 10.5448 6.22554 -24.1626 
v 10.5385 6.20395 -24.1578 
v 10.5385 6.20395 -24.1578 
v 10.5462 6.20708 -24.1298 
v 10.5522 6.22763 -24.1357 
v 10.469 5.39243 -24.0558 
v 10.5462 6.20708 -24.1298 
v 10.5385 6.20395 -24.1578 
v 10.7973 8.19901 -24.9254 
v 10.8481 8.37912 -25.0514 
v 10.9147 8.31197 -25.0522 
v 10.8481 8.37912 -25.0514 
v 10.7973 8.19901 -24.9254 
v 10.735 8.26372 -24.9246 
v 10.3555 5.4238 -24.4053 
v 10.3833 5.43985 -24.4448 
v 10.3516 5.4309 -24.4407 
v 10.5391 6.19828 -24.2118 
v 10.4871 5.39647 -24.1534 
v 10.4703 5.39559 -24.1294 
v 10.3389 5.40857 -24.4032 
v 10.3279 5.40926 -24.4377 
v 10.3189 5.3809 -24.4366 
v 6.96409 4.04474 -24.9329 
v 6.98666 3.48614 -24.9515 
v 6.98908 4.04588 -24.9431 
v 10.3833 5.43985 -24.4448 
v 10.3555 5.4238 -24.4053 
v 10.386 5.43248 -24.4077 
v 6.98666 3.48614 -24.9515 
v 6.96409 4.04474 -24.9329 
v 6.96539 3.48523 -24.9428 
v 10.3389 5.40857 -24.4032 
v 10.3189 5.3809 -24.4366 
v 10.3302 5.38141 -24.4005 
v 10.4977 5.27588 -24.2234 
v 10.5607 5.24779 -24.2755 
v 10.4924 5.2481 -24.2666 
v 10.5607 5.24779 -24.2755 
v 10.4977 5.27588 -24.2234 
v 10.5661 5.27558 -24.2323 
v 6.96409 6.53302 -24.9329 
v 6.98666 5.97442 -24.9515 
v 6.98908 6.53416 -24.9431 
v 6.98666 5.97442 -24.9515 
v 6.96409 6.53302 -24.9329 
v 6.96539 5.97351 -24.9428 
v 10.735 8.26372 -24.9246 
v 10.7636 8.43155 -25.0503 
v 10.8481 8.37912 -25.0514 
v 10.7636 8.43155 -25.0503 
v 10.735 8.26372 -24.9246 
v 10.6559 8.31428 -24.9236 
v 10.5391 6.19828 -24.2118 
v 10.554 6.21749 -24.2314 
v 10.5514 6.19601 -24.2347 
v 10.554 6.21749 -24.2314 
v 10.5391 6.19828 -24.2118 
v 10.5453 6.21909 -24.2153 
v 10.5364 6.20138 -24.1825 
v 10.5448 6.22554 -24.1626 
v 10.5427 6.22298 -24.1873 
v 10.5448 6.22554 -24.1626 
v 10.5364 6.20138 -24.1825 
v 10.5385 6.20395 -24.1578 
v 10.4366 5.14754 -24.2088 
v 10.4197 5.13395 -24.3988 
v 10.4134 5.05639 -24.4005 
v 10.4871 5.39647 -24.1534 
v 10.5391 6.19828 -24.2118 
v 10.5514 6.19601 -24.2347 
v 10.4529 5.27837 -24.1331 
v 10.4616 5.32024 -24.0686 
v 10.4594 5.3326 -24.1097 
v 10.4616 5.32024 -24.0686 
v 10.4529 5.27837 -24.1331 
v 10.4538 5.25545 -24.0961 
v 10.4457 5.23147 -24.1761 
v 10.4538 5.25545 -24.0961 
v 10.4529 5.27837 -24.1331 
v 10.4538 5.25545 -24.0961 
v 10.4457 5.23147 -24.1761 
v 10.4453 5.19802 -24.1458 
v 10.4386 5.19077 -24.2307 
v 10.4453 5.19802 -24.1458 
v 10.4457 5.23147 -24.1761 
v 10.4197 5.13395 -24.3988 
v 10.4366 5.14754 -24.2088 
v 10.4386 5.19077 -24.2307 
v 10.4453 5.19802 -24.1458 
v 10.4386 5.19077 -24.2307 
v 10.4366 5.14754 -24.2088 
v 10.4594 5.3326 -24.1097 
v 10.469 5.39243 -24.0558 
v 10.4657 5.39433 -24.0992 
v 10.469 5.39243 -24.0558 
v 10.4594 5.3326 -24.1097 
v 10.4616 5.32024 -24.0686 
v 10.5385 6.20395 -24.1578 
v 10.4657 5.39433 -24.0992 
v 10.469 5.39243 -24.0558 
v 10.3516 5.4309 -24.4407 
v 10.3771 5.43961 -24.5228 
v 10.3454 5.43065 -24.5187 
v 10.3771 5.43961 -24.5228 
v 10.3516 5.4309 -24.4407 
v 10.3833 5.43985 -24.4448 
v 10.4657 5.39433 -24.0992 
v 10.5385 6.20395 -24.1578 
v 10.5364 6.20138 -24.1825 
v 10.6559 8.31428 -24.9236 
v 10.6544 8.4731 -25.049 
v 10.7636 8.43155 -25.0503 
v 10.4924 5.2481 -24.2666 
v 10.5498 5.23676 -24.4124 
v 10.4802 5.23708 -24.4033 
v 10.5498 5.23676 -24.4124 
v 10.4924 5.2481 -24.2666 
v 10.5607 5.24779 -24.2755 
v 10.6544 8.4731 -25.049 
v 10.6559 8.31428 -24.9236 
v 10.5537 8.35439 -24.9223 
v 10.3279 5.40926 -24.4377 
v 10.3127 5.38066 -24.5146 
v 10.3189 5.3809 -24.4366 
v 10.3127 5.38066 -24.5146 
v 10.3279 5.40926 -24.4377 
v 10.3218 5.40903 -24.5157 
v 10.4703 5.39559 -24.1294 
v 10.4823 5.3469 -24.1611 
v 10.4647 5.34088 -24.1383 
v 10.4823 5.3469 -24.1611 
v 10.4703 5.39559 -24.1294 
v 10.4871 5.39647 -24.1534 
v 10.5364 6.20138 -24.1825 
v 10.5453 6.21909 -24.2153 
v 10.5391 6.19828 -24.2118 
v 10.5453 6.21909 -24.2153 
v 10.5364 6.20138 -24.1825 
v 10.5427 6.22298 -24.1873 
v 10.5537 8.35439 -24.9223 
v 10.3937 8.52327 -25.0457 
v 10.6544 8.4731 -25.049 
v 10.4977 5.27588 -24.2234 
v 10.4773 5.30484 -24.1797 
v 10.5027 5.30885 -24.1897 
v 10.3937 8.52327 -25.0457 
v 10.5537 8.35439 -24.9223 
v 10.3099 8.40307 -24.9193 
v 10.4773 5.30484 -24.1797 
v 10.4977 5.27588 -24.2234 
v 10.472 5.27001 -24.2147 
v 10.4703 5.39559 -24.1294 
v 10.5364 6.20138 -24.1825 
v 10.5391 6.19828 -24.2118 
v 10.5364 6.20138 -24.1825 
v 10.4703 5.39559 -24.1294 
v 10.4657 5.39433 -24.0992 
v 10.3099 8.40307 -24.9193 
v 10.0847 8.55539 -25.0418 
v 10.3937 8.52327 -25.0457 
v 10.3389 5.40857 -24.4032 
v 10.3516 5.4309 -24.4407 
v 10.3279 5.40926 -24.4377 
v 10.3516 5.4309 -24.4407 
v 10.3389 5.40857 -24.4032 
v 10.3555 5.4238 -24.4053 
v 10.0847 8.55539 -25.0418 
v 10.3099 8.40307 -24.9193 
v 10.021 8.43457 -24.9156 
v 7.31305 2.38821 -24.8816 
v 7.20399 7.83429 -25.0056 
v 7.32815 7.74568 -24.8818 
v 10.021 8.43457 -24.9156 
v 9.76615 8.56917 -25.0378 
v 10.0847 8.55539 -25.0418 
v 9.76615 8.56917 -25.0378 
v 10.021 8.43457 -24.9156 
v 9.72334 8.44857 -24.9119 
v 10.4647 5.34088 -24.1383 
v 10.4657 5.39433 -24.0992 
v 10.4703 5.39559 -24.1294 
v 10.4657 5.39433 -24.0992 
v 10.4647 5.34088 -24.1383 
v 10.4594 5.3326 -24.1097 
v 7.20399 7.83429 -25.0056 
v 7.31305 2.38821 -24.8816 
v 7.19191 2.27615 -25.0054 
v 9.72334 8.44857 -24.9119 
v 9.42246 8.56753 -25.0335 
v 9.76615 8.56917 -25.0378 
v 9.42246 8.56753 -25.0335 
v 9.72334 8.44857 -24.9119 
v 9.40227 8.44786 -24.9078 
v 10.4386 5.19077 -24.2307 
v 10.4309 5.18588 -24.3984 
v 10.4197 5.13395 -24.3988 
v 7.35928 7.89208 -24.8822 
v 7.32815 7.74568 -24.8818 
v 7.20399 7.83429 -25.0056 
v 7.20399 7.83429 -25.0056 
v 7.23714 7.98618 -25.006 
v 7.35928 7.89208 -24.8822 
v 9.40227 8.44786 -24.9078 
v 9.1034 8.55204 -25.0295 
v 9.42246 8.56753 -25.0335 
v 10.4647 5.34088 -24.1383 
v 10.4773 5.30484 -24.1797 
v 10.459 5.29369 -24.159 
v 10.4773 5.30484 -24.1797 
v 10.4647 5.34088 -24.1383 
v 10.4823 5.3469 -24.1611 
v 9.1034 8.55204 -25.0295 
v 9.40227 8.44786 -24.9078 
v 9.10423 8.4338 -24.9041 
v 10.459 5.29369 -24.159 
v 10.4594 5.3326 -24.1097 
v 10.4647 5.34088 -24.1383 
v 10.4594 5.3326 -24.1097 
v 10.459 5.29369 -24.159 
v 10.4529 5.27837 -24.1331 
v 8.78424 8.52152 -25.0254 
v 9.10423 8.4338 -24.9041 
v 8.8061 8.40526 -24.9004 
v 8.78424 8.52152 -25.0254 
v 9.1034 8.55204 -25.0295 
v 9.10423 8.4338 -24.9041 
v 7.8116 8.34392 -25.0132 
v 7.65237 8.15728 -24.8859 
v 7.55007 8.26158 -25.0099 
v 8.12129 8.41666 -25.0171 
v 7.89705 8.23628 -24.8889 
v 7.8116 8.34392 -25.0132 
v 8.78424 8.52152 -25.0254 
v 8.48475 8.36066 -24.8963 
v 8.44027 8.47433 -25.0211 
v 8.44027 8.47433 -25.0211 
v 8.18662 8.30581 -24.8926 
v 8.12129 8.41666 -25.0171 
v 10.3279 5.40926 -24.4377 
v 10.3454 5.43065 -24.5187 
v 10.3218 5.40903 -24.5157 
v 10.3454 5.43065 -24.5187 
v 10.3279 5.40926 -24.4377 
v 10.3516 5.4309 -24.4407 
v 7.35928 7.89208 -24.8822 
v 7.23714 7.98618 -25.006 
v 7.40638 7.97514 -24.8828 
v 8.48475 8.36066 -24.8963 
v 8.78424 8.52152 -25.0254 
v 8.8061 8.40526 -24.9004 
v 10.4977 5.27588 -24.2234 
v 10.4664 5.24051 -24.2595 
v 10.472 5.27001 -24.2147 
v 8.18662 8.30581 -24.8926 
v 8.44027 8.47433 -25.0211 
v 8.48475 8.36066 -24.8963 
v 7.23714 7.98618 -25.006 
v 7.28738 8.07238 -25.0066 
v 7.40638 7.97514 -24.8828 
v 7.55007 8.26158 -25.0099 
v 7.54956 8.10525 -24.8846 
v 7.44024 8.20749 -25.0086 
v 7.65237 8.15728 -24.8859 
v 7.8116 8.34392 -25.0132 
v 7.89705 8.23628 -24.8889 
v 7.89705 8.23628 -24.8889 
v 8.12129 8.41666 -25.0171 
v 8.18662 8.30581 -24.8926 
v 7.35491 8.14598 -25.0075 
v 7.40638 7.97514 -24.8828 
v 7.28738 8.07238 -25.0066 
v 7.44024 8.20749 -25.0086 
v 7.46965 8.04603 -24.8836 
v 7.35491 8.14598 -25.0075 
v 7.54956 8.10525 -24.8846 
v 7.55007 8.26158 -25.0099 
v 7.65237 8.15728 -24.8859 
v 10.4529 5.27837 -24.1331 
v 10.4529 5.25378 -24.1973 
v 10.4457 5.23147 -24.1761 
v 7.40638 7.97514 -24.8828 
v 7.35491 8.14598 -25.0075 
v 7.46965 8.04603 -24.8836 
v 10.4664 5.24051 -24.2595 
v 10.4977 5.27588 -24.2234 
v 10.4924 5.2481 -24.2666 
v 10.4457 5.23147 -24.1761 
v 10.4467 5.21956 -24.2463 
v 10.4386 5.19077 -24.2307 
v 7.46965 8.04603 -24.8836 
v 7.44024 8.20749 -25.0086 
v 7.54956 8.10525 -24.8846 
v 10.4529 5.25378 -24.1973 
v 10.4529 5.27837 -24.1331 
v 10.459 5.29369 -24.159 
v 10.4309 5.18588 -24.3984 
v 10.4386 5.19077 -24.2307 
v 10.4467 5.21956 -24.2463 
v 10.4467 5.21956 -24.2463 
v 10.4457 5.23147 -24.1761 
v 10.4529 5.25378 -24.1973 
v 10.4924 5.2481 -24.2666 
v 10.4531 5.22353 -24.4001 
v 10.4664 5.24051 -24.2595 
v 10.459 5.29369 -24.159 
v 10.472 5.27001 -24.2147 
v 10.4529 5.25378 -24.1973 
v 10.472 5.27001 -24.2147 
v 10.459 5.29369 -24.159 
v 10.4773 5.30484 -24.1797 
v 10.4531 5.22353 -24.4001 
v 10.4924 5.2481 -24.2666 
v 10.4802 5.23708 -24.4033 
v 10.4467 5.21956 -24.2463 
v 10.4531 5.22353 -24.4001 
v 10.4309 5.18588 -24.3984 
v 10.4529 5.25378 -24.1973 
v 10.4664 5.24051 -24.2595 
v 10.4467 5.21956 -24.2463 
v 10.4664 5.24051 -24.2595 
v 10.4529 5.25378 -24.1973 
v 10.472 5.27001 -24.2147 
v 10.4531 5.22353 -24.4001 
v 10.4467 5.21956 -24.2463 
v 10.4664 5.24051 -24.2595 
v 6.99998 3.48675 -25.0311 
v 6.98548 4.04578 -25.0603 
v 7.00475 4.04664 -25.0364 
v 6.98548 4.04578 -25.0603 
v 6.99998 3.48675 -25.0311 
v 6.98358 3.48606 -25.0516 
v 6.99998 5.97503 -25.0311 
v 6.98548 6.53406 -25.0603 
v 7.00475 6.53493 -25.0364 
v 6.98548 6.53406 -25.0603 
v 6.99998 5.97503 -25.0311 
v 6.98358 5.97434 -25.0516 
v 6.98908 4.04588 -24.9431 
v 7.00175 3.48679 -24.9734 
v 7.00683 4.0467 -24.9687 
v 7.00175 3.48679 -24.9734 
v 6.98908 4.04588 -24.9431 
v 6.98666 3.48614 -24.9515 
v 6.98908 6.53416 -24.9431 
v 7.00175 5.97507 -24.9734 
v 7.00683 6.53498 -24.9687 
v 7.00175 5.97507 -24.9734 
v 6.98908 6.53416 -24.9431 
v 6.98666 5.97442 -24.9515 
v 7.01257 4.04698 -25.0028 
v 6.96201 4.04468 -25.0006 
v 7.00683 4.0467 -24.9687 
v 7.00475 4.04664 -25.0364 
v 6.96201 4.04468 -25.0006 
v 7.01257 4.04698 -25.0028 
v 7.00683 4.0467 -24.9687 
v 6.96201 4.04468 -25.0006 
v 6.98908 4.04588 -24.9431 
v 6.98548 4.04578 -25.0603 
v 6.96201 4.04468 -25.0006 
v 7.00475 4.04664 -25.0364 
v 6.98908 4.04588 -24.9431 
v 6.96201 4.04468 -25.0006 
v 6.96409 4.04474 -24.9329 
v 6.95992 4.04463 -25.0682 
v 6.96201 4.04468 -25.0006 
v 6.98548 4.04578 -25.0603 
v 6.96409 4.04474 -24.9329 
v 6.96201 4.04468 -25.0006 
v 6.93855 4.04359 -24.9408 
v 6.93495 4.0435 -25.058 
v 6.96201 4.04468 -25.0006 
v 6.95992 4.04463 -25.0682 
v 6.93855 4.04359 -24.9408 
v 6.96201 4.04468 -25.0006 
v 6.91931 4.04275 -24.9647 
v 6.91723 4.04269 -25.0324 
v 6.96201 4.04468 -25.0006 
v 6.93495 4.0435 -25.058 
v 6.91931 4.04275 -24.9647 
v 6.96201 4.04468 -25.0006 
v 6.9115 4.04242 -24.9983 
v 6.9115 4.04242 -24.9983 
v 6.96201 4.04468 -25.0006 
v 6.91723 4.04269 -25.0324 
v 9.03383 2.32462 -25.0286 
v 10.7603 2.47948 -24.9249 
v 10.8757 2.37012 -25.0517 
v 7.31305 2.38821 -24.8816 
v 9.03669 2.43528 -24.9032 
v 9.03383 2.32462 -25.0286 
v 10.7603 2.47948 -24.9249 
v 9.03383 2.32462 -25.0286 
v 9.03669 2.43528 -24.9032 
v 9.03383 2.32462 -25.0286 
v 7.19191 2.27615 -25.0054 
v 7.31305 2.38821 -24.8816 
v 7.00475 4.04664 -25.0364 
v 7.00663 3.48702 -25.0025 
v 6.99998 3.48675 -25.0311 
v 7.00663 3.48702 -25.0025 
v 7.00475 4.04664 -25.0364 
v 7.01257 4.04698 -25.0028 
v 7.00475 6.53493 -25.0364 
v 7.00663 5.9753 -25.0025 
v 6.99998 5.97503 -25.0311 
v 7.00663 5.9753 -25.0025 
v 7.00475 6.53493 -25.0364 
v 7.01257 6.53526 -25.0028 
v 7.00683 4.0467 -24.9687 
v 7.00663 3.48702 -25.0025 
v 7.01257 4.04698 -25.0028 
v 7.00663 3.48702 -25.0025 
v 7.00683 4.0467 -24.9687 
v 7.00175 3.48679 -24.9734 
v 7.00683 6.53498 -24.9687 
v 7.00663 5.9753 -25.0025 
v 7.01257 6.53526 -25.0028 
v 7.00663 5.9753 -25.0025 
v 7.00683 6.53498 -24.9687 
v 7.00175 5.97507 -24.9734 

vn 0 -1 0 
vn 0 -1 0 
vn 0 -1 0 
vn 0 -1 0 
vn 0 -1 0 
vn 0 -1 0 
vn 0 -1 0 
vn 0 -1 0 
vn 0 -1 0 
vn 0 -1 0 
vn 0 -1 0 
vn 0 -1 0 
vn 0 -1 0 
vn 0 -1 0 
vn 0 -1 0 
vn 0 -1 0 
vn 0 -1 0 
vn 0 -1 0 
vn 0 -1 0 
vn 0 -1 0 
vn 0 -1 0 
vn 0 -1 0 
vn 0 -1 0 
vn 0 -1 0 
vn 0 -1 0 
vn 0 -1 0 
vn 0 -1 0 
vn 0 -1 0 
vn 0 -1 0 
vn 0 -1 0 
vn 0 -1 0 
vn 0 -1 0 
vn 0 -1 0 
vn 0 -1 0 
vn 0 -1 0 
vn 0 -1 0 
vn 0 -1 0 
vn 0 -1 0 
vn 0 -1 0 
vn 0 -1 0 
vn 0 -1 0 
vn 0 -1 0 
vn 0 -1 0.00787402 
vn 0 -1 0.00787402 
vn 0 -1 0.00787402 
vn 0 -1 0 
vn 0 -1 0 
vn 0 -1 0 
vn 0 -1 0 
vn 0 -1 0 
vn 0 -1 0 
vn 0 -1 0 
vn 0 -1 0 
vn 0 -1 0 
vn 0 -1 0 
vn 0 -1 0 
vn 0 -1 0 
vn -0.00787402 -1 0.00787402 
vn -0.00787402 -1 0.00787402 
vn -0.00787402 -1 0.00787402 
vn -0.716535 0.692913 0.0944882 
vn -0.716535 0.692913 0.0944882 
vn -0.716535 0.692913 0.0944882 
vn -0.850394 0.519685 0.102362 
vn -0.850394 0.519685 0.102362 
vn -0.850394 0.519685 0.102362 
vn -0.692913 0.708661 0.11811 
vn -0.692913 0.708661 0.11811 
vn -0.692913 0.708661 0.11811 
vn -0.866142 0.480315 0.125984 
vn -0.866142 0.480315 0.125984 
vn -0.866142 0.480315 0.125984 
vn -0.559055 0.818898 0.125984 
vn -0.559055 0.818898 0.125984 
vn -0.559055 0.818898 0.125984 
vn -0.527559 0.834646 0.149606 
vn -0.527559 0.834646 0.149606 
vn -0.527559 0.834646 0.149606 
vn -0.685039 0.677165 0.275591 
vn -0.685039 0.677165 0.275591 
vn -0.685039 0.677165 0.275591 
vn -0.84252 0.464567 0.283465 
vn -0.84252 0.464567 0.283465 
vn -0.84252 0.464567 0.283465 
vn -0.417323 0.897638 0.15748 
vn -0.417323 0.897638 0.15748 
vn -0.417323 0.897638 0.15748 
vn -0.409449 0.897638 0.165354 
vn -0.409449 0.897638 0.165354 
vn -0.409449 0.897638 0.165354 
vn -0.96063 0.220472 0.188976 
vn -0.96063 0.220472 0.188976 
vn -0.96063 0.220472 0.188976 
vn 0.692913 0.716535 0.0866142 
vn 0.692913 0.716535 0.0866142 
vn 0.692913 0.716535 0.0866142 
vn 0.503937 0.858268 0.11811 
vn 0.503937 0.858268 0.11811 
vn 0.503937 0.858268 0.11811 
vn 0.661417 0.740157 0.102362 
vn 0.661417 0.740157 0.102362 
vn 0.661417 0.740157 0.102362 
vn -0.968504 0.173228 0.15748 
vn -0.968504 0.173228 0.15748 
vn -0.968504 0.173228 0.15748 
vn -0.622047 0.700787 0.346457 
vn -0.622047 0.700787 0.346457 
vn -0.622047 0.700787 0.346457 
vn 0.472441 0.874016 0.141732 
vn 0.472441 0.874016 0.141732 
vn 0.472441 0.874016 0.141732 
vn -0.984252 -0.015748 -0.165354 
vn -0.984252 -0.015748 -0.165354 
vn -0.984252 -0.015748 -0.165354 
vn -0.984252 -0.015748 -0.165354 
vn -0.984252 -0.015748 -0.165354 
vn -0.984252 -0.015748 -0.165354 
vn -0.850394 0.385827 0.362205 
vn -0.850394 0.385827 0.362205 
vn -0.850394 0.385827 0.362205 
vn 0.0393701 -1 0 
vn 0.0393701 -1 0 
vn 0.0393701 -1 0 
vn 0.0393701 -1 0 
vn 0.0393701 -1 0 
vn 0.0393701 -1 0 
vn 0.0393701 -1 0 
vn 0.0393701 -1 0 
vn 0.0393701 -1 0 
vn 0.0393701 -1 0 
vn 0.0393701 -1 0 
vn 0.0393701 -1 0 
vn 0.0393701 -1 0 
vn 0.0393701 -1 0 
vn 0.0393701 -1 0 
vn 0.0393701 -1 0 
vn 0.0393701 -1 0 
vn 0.0393701 -1 0 
vn 0.0393701 -1 0 
vn 0.0393701 -1 0 
vn 0.0393701 -1 0 
vn 0.0393701 -1 0 
vn 0.0393701 -1 0 
vn 0.0393701 -1 0 
vn 0.0393701 -1 0 
vn 0.0393701 -1 0 
vn 0.0393701 -1 0 
vn 0.0393701 -1 0 
vn 0.0393701 -1 0 
vn 0.0393701 -1 0 
vn 0.0393701 -1 0 
vn 0.0393701 -1 0 
vn 0.0393701 -1 0 
vn 0.0393701 -1 0 
vn 0.0393701 -1 0 
vn 0.0393701 -1 0 
vn 0.338583 0.929134 0.15748 
vn 0.338583 0.929134 0.15748 
vn 0.338583 0.929134 0.15748 
vn -0.984252 -0.015748 -0.165354 
vn -0.984252 -0.015748 -0.165354 
vn -0.984252 -0.015748 -0.165354 
vn -0.984252 -0.015748 -0.165354 
vn -0.984252 -0.015748 -0.165354 
vn -0.984252 -0.015748 -0.165354 
vn 0.330709 0.929134 0.165354 
vn 0.330709 0.929134 0.165354 
vn 0.330709 0.929134 0.165354 
vn -0.291339 0.944882 0.165354 
vn -0.291339 0.944882 0.165354 
vn -0.291339 0.944882 0.165354 
vn -0.527559 0.76378 0.370079 
vn -0.527559 0.76378 0.370079 
vn -0.527559 0.76378 0.370079 
vn -0.283465 0.944882 0.173228 
vn -0.283465 0.944882 0.173228 
vn -0.283465 0.944882 0.173228 
vn 0.84252 0.527559 0.0866142 
vn 0.84252 0.527559 0.0866142 
vn 0.84252 0.527559 0.0866142 
vn -0.228346 0.96063 0.149606 
vn -0.228346 0.96063 0.149606 
vn -0.228346 0.96063 0.149606 
vn 0.188976 0.968504 0.165354 
vn 0.188976 0.968504 0.165354 
vn 0.188976 0.968504 0.165354 
vn -0.212598 0.96063 0.165354 
vn -0.212598 0.96063 0.165354 
vn -0.212598 0.96063 0.165354 
vn -0.181102 0.976378 0.133858 
vn -0.181102 0.976378 0.133858 
vn -0.181102 0.976378 0.133858 
vn 0.661417 0.700787 0.275591 
vn 0.661417 0.700787 0.275591 
vn 0.661417 0.700787 0.275591 
vn 0.181102 0.968504 0.173228 
vn 0.181102 0.968504 0.173228 
vn 0.181102 0.968504 0.173228 
vn 0.866142 0.480315 0.110236 
vn 0.866142 0.480315 0.110236 
vn 0.866142 0.480315 0.110236 
vn -0.165354 0.976378 0.149606 
vn -0.165354 0.976378 0.149606 
vn -0.165354 0.976378 0.149606 
vn -0.141732 0.984252 0.125984 
vn -0.141732 0.984252 0.125984 
vn -0.141732 0.984252 0.125984 
vn 0.110236 0.984252 0.149606 
vn 0.110236 0.984252 0.149606 
vn 0.110236 0.984252 0.149606 
vn -0.488189 0.771654 0.417323 
vn -0.488189 0.771654 0.417323 
vn -0.488189 0.771654 0.417323 
vn -0.133858 0.984252 0.133858 
vn -0.133858 0.984252 0.133858 
vn -0.133858 0.984252 0.133858 
vn -0.0944882 0.984252 0.125984 
vn -0.0944882 0.984252 0.125984 
vn -0.0944882 0.984252 0.125984 
vn -0.0944882 0.984252 0.125984 
vn -0.0944882 0.984252 0.125984 
vn -0.0944882 0.984252 0.125984 
vn 0.0472441 0.992126 0.133858 
vn 0.0472441 0.992126 0.133858 
vn 0.0472441 0.992126 0.133858 
vn -0.976378 -0.015748 0.228346 
vn -0.976378 -0.015748 0.228346 
vn -0.976378 -0.015748 0.228346 
vn -0.976378 -0.015748 0.228346 
vn -0.976378 -0.015748 0.228346 
vn -0.976378 -0.015748 0.228346 
vn -0.0472441 0.992126 0.125984 
vn -0.0472441 0.992126 0.125984 
vn -0.0472441 0.992126 0.125984 
vn -0.0472441 0.992126 0.125984 
vn -0.0472441 0.992126 0.125984 
vn -0.0472441 0.992126 0.125984 
vn 0 0.992126 0.125984 
vn 0 0.992126 0.125984 
vn 0 0.992126 0.125984 
vn 0.0944882 0.984252 0.165354 
vn 0.0944882 0.984252 0.165354 
vn 0.0944882 0.984252 0.165354 
vn -0.00787402 0.992126 0.133858 
vn -0.00787402 0.992126 0.133858 
vn -0.00787402 0.992126 0.133858 
vn 0.0393701 0.984252 0.149606 
vn 0.0393701 0.984252 0.149606 
vn 0.0393701 0.984252 0.149606 
vn -0.976378 -0.015748 0.228346 
vn -0.976378 -0.015748 0.228346 
vn -0.976378 -0.015748 0.228346 
vn -0.976378 -0.015748 0.228346 
vn -0.976378 -0.015748 0.228346 
vn -0.976378 -0.015748 0.228346 
vn -0.976378 0 0.212598 
vn -0.976378 0 0.212598 
vn -0.976378 0 0.212598 
vn 0.590551 0.724409 0.354331 
vn 0.590551 0.724409 0.354331 
vn 0.590551 0.724409 0.354331 
vn -0.976378 0 0.212598 
vn -0.976378 0 0.212598 
vn -0.976378 0 0.212598 
vn -0.401575 0.80315 0.433071 
vn -0.401575 0.80315 0.433071 
vn -0.401575 0.80315 0.433071 
vn 0.472441 0.795276 0.385827 
vn 0.472441 0.795276 0.385827 
vn 0.472441 0.795276 0.385827 
vn 0.84252 0.472441 0.275591 
vn 0.84252 0.472441 0.275591 
vn 0.84252 0.472441 0.275591 
vn -0.385827 0.80315 0.456693 
vn -0.385827 0.80315 0.456693 
vn -0.385827 0.80315 0.456693 
vn -0.905512 0.133858 0.409449 
vn -0.905512 0.133858 0.409449 
vn -0.905512 0.133858 0.409449 
vn -0.88189 0.173228 0.448819 
vn -0.88189 0.173228 0.448819 
vn -0.88189 0.173228 0.448819 
vn 0.433071 0.795276 0.425197 
vn 0.433071 0.795276 0.425197 
vn 0.433071 0.795276 0.425197 
vn -0.637795 0.527559 0.566929 
vn -0.637795 0.527559 0.566929 
vn -0.637795 0.527559 0.566929 
vn -0.700787 0.433071 0.566929 
vn -0.700787 0.433071 0.566929 
vn -0.700787 0.433071 0.566929 
vn 0.338583 0.826772 0.448819 
vn 0.338583 0.826772 0.448819 
vn 0.338583 0.826772 0.448819 
vn -0.283465 0.834646 0.472441 
vn -0.283465 0.834646 0.472441 
vn -0.283465 0.834646 0.472441 
vn -0.818898 -0.015748 -0.566929 
vn -0.818898 -0.015748 -0.566929 
vn -0.818898 -0.015748 -0.566929 
vn -0.818898 -0.015748 -0.566929 
vn -0.818898 -0.015748 -0.566929 
vn -0.818898 -0.015748 -0.566929 
vn -0.283465 0.834646 0.480315 
vn -0.283465 0.834646 0.480315 
vn -0.283465 0.834646 0.480315 
vn 0.322835 0.826772 0.464567 
vn 0.322835 0.826772 0.464567 
vn 0.322835 0.826772 0.464567 
vn -0.818898 -0.015748 -0.566929 
vn -0.818898 -0.015748 -0.566929 
vn -0.818898 -0.015748 -0.566929 
vn -0.818898 -0.015748 -0.566929 
vn -0.818898 -0.015748 -0.566929 
vn -0.818898 -0.015748 -0.566929 
vn 0.850394 0.385827 0.354331 
vn 0.850394 0.385827 0.354331 
vn 0.850394 0.385827 0.354331 
vn -0.228346 0.84252 0.480315 
vn -0.228346 0.84252 0.480315 
vn -0.228346 0.84252 0.480315 
vn -0.228346 0.84252 0.488189 
vn -0.228346 0.84252 0.488189 
vn -0.228346 0.84252 0.488189 
vn 0.96063 0.204724 0.173228 
vn 0.96063 0.204724 0.173228 
vn 0.96063 0.204724 0.173228 
vn -0.488189 0.622047 0.614173 
vn -0.488189 0.622047 0.614173 
vn -0.488189 0.622047 0.614173 
vn 0.204724 0.850394 0.480315 
vn 0.204724 0.850394 0.480315 
vn 0.204724 0.850394 0.480315 
vn -0.181102 0.850394 0.488189 
vn -0.181102 0.850394 0.488189 
vn -0.181102 0.850394 0.488189 
vn -0.181102 0.850394 0.488189 
vn -0.181102 0.850394 0.488189 
vn -0.181102 0.850394 0.488189 
vn -0.511811 0.582677 0.629921 
vn -0.511811 0.582677 0.629921 
vn -0.511811 0.582677 0.629921 
vn 0.19685 0.850394 0.488189 
vn 0.19685 0.850394 0.488189 
vn 0.19685 0.850394 0.488189 
vn 0.976378 0.165354 0.133858 
vn 0.976378 0.165354 0.133858 
vn 0.976378 0.165354 0.133858 
vn -0.133858 0.858268 0.488189 
vn -0.133858 0.858268 0.488189 
vn -0.133858 0.858268 0.488189 
vn -0.133858 0.858268 0.496063 
vn -0.133858 0.858268 0.496063 
vn -0.133858 0.858268 0.496063 
vn 0.133858 0.858268 0.496063 
vn 0.133858 0.858268 0.496063 
vn 0.133858 0.858268 0.496063 
vn 0.133858 0.858268 0.496063 
vn 0.133858 0.858268 0.496063 
vn 0.133858 0.858268 0.496063 
vn 0.00787402 -0.574803 -0.818898 
vn 0.00787402 -0.574803 -0.818898 
vn 0.00787402 -0.574803 -0.818898 
vn -0.88189 0 0.472441 
vn -0.88189 0 0.472441 
vn -0.88189 0 0.472441 
vn -0.88189 0 0.480315 
vn -0.88189 0 0.480315 
vn -0.88189 0 0.480315 
vn -0.0866142 0.866142 0.496063 
vn -0.0866142 0.866142 0.496063 
vn -0.0866142 0.866142 0.496063 
vn -0.0866142 0.866142 0.496063 
vn -0.0866142 0.866142 0.496063 
vn -0.0866142 0.866142 0.496063 
vn 0.00787402 -0.574803 -0.818898 
vn 0.00787402 -0.574803 -0.818898 
vn 0.00787402 -0.574803 -0.818898 
vn 0.00787402 -0.574803 -0.818898 
vn 0.00787402 -0.574803 -0.818898 
vn 0.00787402 -0.574803 -0.818898 
vn 0.0787402 0.866142 0.496063 
vn 0.0787402 0.866142 0.496063 
vn 0.0787402 0.866142 0.496063 
vn 0.0787402 0.866142 0.496063 
vn 0.0787402 0.866142 0.496063 
vn 0.0787402 0.866142 0.496063 
vn -0.023622 0.866142 0.496063 
vn -0.023622 0.866142 0.496063 
vn -0.023622 0.866142 0.496063 
vn -0.023622 0.866142 0.496063 
vn -0.023622 0.866142 0.496063 
vn -0.023622 0.866142 0.496063 
vn 0.023622 0.866142 0.496063 
vn 0.023622 0.866142 0.496063 
vn 0.023622 0.866142 0.496063 
vn 0.023622 0.866142 0.496063 
vn 0.023622 0.866142 0.496063 
vn 0.023622 0.866142 0.496063 
vn 0.00787402 -0.566929 -0.826772 
vn 0.00787402 -0.566929 -0.826772 
vn 0.00787402 -0.566929 -0.826772 
vn 0.669291 -0.740157 -0.0472441 
vn 0.669291 -0.740157 -0.0472441 
vn 0.669291 -0.740157 -0.0472441 
vn 0.669291 -0.740157 -0.0472441 
vn 0.669291 -0.740157 -0.0472441 
vn 0.669291 -0.740157 -0.0472441 
vn 0.677165 -0.724409 0.11811 
vn 0.677165 -0.724409 0.11811 
vn 0.677165 -0.724409 0.11811 
vn 0.677165 -0.724409 0.11811 
vn 0.677165 -0.724409 0.11811 
vn 0.677165 -0.724409 0.11811 
vn -0.377953 0.661417 0.645669 
vn -0.377953 0.661417 0.645669 
vn -0.377953 0.661417 0.645669 
vn -0.377953 0.661417 0.645669 
vn -0.377953 0.661417 0.645669 
vn -0.377953 0.661417 0.645669 
vn 0.622047 0.527559 0.574803 
vn 0.622047 0.527559 0.574803 
vn 0.622047 0.527559 0.574803 
vn 0.700787 0.433071 0.574803 
vn 0.700787 0.433071 0.574803 
vn 0.700787 0.433071 0.574803 
vn 0.267717 -0.96063 -0.015748 
vn 0.267717 -0.96063 -0.015748 
vn 0.267717 -0.96063 -0.015748 
vn 0.267717 -0.96063 -0.015748 
vn 0.267717 -0.96063 -0.015748 
vn 0.267717 -0.96063 -0.015748 
vn 0.299213 -0.937008 0.165354 
vn 0.299213 -0.937008 0.165354 
vn 0.299213 -0.937008 0.165354 
vn 0.448819 0.629921 0.629921 
vn 0.448819 0.629921 0.629921 
vn 0.448819 0.629921 0.629921 
vn -0.748031 0.15748 0.653543 
vn -0.748031 0.15748 0.653543 
vn -0.748031 0.15748 0.653543 
vn 0.283465 -0.944882 0.181102 
vn 0.283465 -0.944882 0.181102 
vn 0.283465 -0.944882 0.181102 
vn -0.716535 0.181102 0.669291 
vn -0.716535 0.181102 0.669291 
vn -0.716535 0.181102 0.669291 
vn 0.488189 0.590551 0.645669 
vn 0.488189 0.590551 0.645669 
vn 0.488189 0.590551 0.645669 
vn -0.259843 0.692913 0.669291 
vn -0.259843 0.692913 0.669291 
vn -0.259843 0.692913 0.669291 
vn -0.267717 0.692913 0.669291 
vn -0.267717 0.692913 0.669291 
vn -0.267717 0.692913 0.669291 
vn 0.330709 0.669291 0.661417 
vn 0.330709 0.669291 0.661417 
vn 0.330709 0.669291 0.661417 
vn 0.330709 0.669291 0.669291 
vn 0.330709 0.669291 0.669291 
vn 0.330709 0.669291 0.669291 
vn 0.637795 -0.637795 0.425197 
vn 0.637795 -0.637795 0.425197 
vn 0.637795 -0.637795 0.425197 
vn -0.212598 0.700787 0.677165 
vn -0.212598 0.700787 0.677165 
vn -0.212598 0.700787 0.677165 
vn -0.212598 0.700787 0.677165 
vn -0.212598 0.700787 0.677165 
vn -0.212598 0.700787 0.677165 
vn 0.889764 0.15748 0.433071 
vn 0.889764 0.15748 0.433071 
vn 0.889764 0.15748 0.433071 
vn 0.944882 -0.307087 0.133858 
vn 0.944882 -0.307087 0.133858 
vn 0.944882 -0.307087 0.133858 
vn 0.952756 -0.307087 -0.0708661 
vn 0.952756 -0.307087 -0.0708661 
vn 0.952756 -0.307087 -0.0708661 
vn 0.952756 -0.307087 -0.0708661 
vn 0.952756 -0.307087 -0.0708661 
vn 0.952756 -0.307087 -0.0708661 
vn 0.913386 0.11811 0.393701 
vn 0.913386 0.11811 0.393701 
vn 0.913386 0.11811 0.393701 
vn -0.779528 -0.015748 0.622047 
vn -0.779528 -0.015748 0.622047 
vn -0.779528 -0.015748 0.622047 
vn 0.944882 -0.299213 0.141732 
vn 0.944882 -0.299213 0.141732 
vn 0.944882 -0.299213 0.141732 
vn -0.779528 -0.015748 0.629921 
vn -0.779528 -0.015748 0.629921 
vn -0.779528 -0.015748 0.629921 
vn 0.984252 -0.023622 0.181102 
vn 0.984252 -0.023622 0.181102 
vn 0.984252 -0.023622 0.181102 
vn 0.787402 -0.566929 0.228346 
vn 0.787402 -0.566929 0.228346 
vn 0.787402 -0.566929 0.228346 
vn 0.984252 -0.023622 0.188976 
vn 0.984252 -0.023622 0.188976 
vn 0.984252 -0.023622 0.188976 
vn 0.0629921 -1 0 
vn 0.0629921 -1 0 
vn 0.0629921 -1 0 
vn 0.0629921 -1 0 
vn 0.0629921 -1 0 
vn 0.0629921 -1 0 
vn 0.0866142 -0.976378 0.188976 
vn 0.0866142 -0.976378 0.188976 
vn 0.0866142 -0.976378 0.188976 
vn 0.0866142 -0.976378 0.188976 
vn 0.0866142 -0.976378 0.188976 
vn 0.0866142 -0.976378 0.188976 
vn -0.165354 0.708661 0.685039 
vn -0.165354 0.708661 0.685039 
vn -0.165354 0.708661 0.685039 
vn -0.165354 0.708661 0.685039 
vn -0.165354 0.708661 0.685039 
vn -0.165354 0.708661 0.685039 
vn 0.850394 -0.488189 0.188976 
vn 0.850394 -0.488189 0.188976 
vn 0.850394 -0.488189 0.188976 
vn -0.779528 -0.015748 0.622047 
vn -0.779528 -0.015748 0.622047 
vn -0.779528 -0.015748 0.622047 
vn -0.779528 -0.015748 0.629921 
vn -0.779528 -0.015748 0.629921 
vn -0.779528 -0.015748 0.629921 
vn 0.204724 0.700787 0.685039 
vn 0.204724 0.700787 0.685039 
vn 0.204724 0.700787 0.685039 
vn 0.204724 0.700787 0.685039 
vn 0.204724 0.700787 0.685039 
vn 0.204724 0.700787 0.685039 
vn -0.125984 0.708661 0.692913 
vn -0.125984 0.708661 0.692913 
vn -0.125984 0.708661 0.692913 
vn -0.125984 0.708661 0.692913 
vn -0.125984 0.708661 0.692913 
vn -0.125984 0.708661 0.692913 
vn 0.779528 -0.527559 0.330709 
vn 0.779528 -0.527559 0.330709 
vn 0.779528 -0.527559 0.330709 
vn 0.795276 -0.511811 0.322835 
vn 0.795276 -0.511811 0.322835 
vn 0.795276 -0.511811 0.322835 
vn 0.141732 0.708661 0.692913 
vn 0.141732 0.708661 0.692913 
vn 0.141732 0.708661 0.692913 
vn 0.141732 0.708661 0.692913 
vn 0.141732 0.708661 0.692913 
vn 0.141732 0.708661 0.692913 
vn -0.748031 0 0.669291 
vn -0.748031 0 0.669291 
vn -0.748031 0 0.669291 
vn -0.0708661 0.716535 0.692913 
vn -0.0708661 0.716535 0.692913 
vn -0.0708661 0.716535 0.692913 
vn -0.0708661 0.716535 0.692913 
vn -0.0708661 0.716535 0.692913 
vn -0.0708661 0.716535 0.692913 
vn 0.0866142 0.716535 0.692913 
vn 0.0866142 0.716535 0.692913 
vn 0.0866142 0.716535 0.692913 
vn 0.0866142 0.708661 0.692913 
vn 0.0866142 0.708661 0.692913 
vn 0.0866142 0.708661 0.692913 
vn -0.015748 0.716535 0.692913 
vn -0.015748 0.716535 0.692913 
vn -0.015748 0.716535 0.692913 
vn -0.015748 0.716535 0.700787 
vn -0.015748 0.716535 0.700787 
vn -0.015748 0.716535 0.700787 
vn -0.732283 0 0.677165 
vn -0.732283 0 0.677165 
vn -0.732283 0 0.677165 
vn 0.0393701 0.716535 0.692913 
vn 0.0393701 0.716535 0.692913 
vn 0.0393701 0.716535 0.692913 
vn 0.0393701 0.716535 0.700787 
vn 0.0393701 0.716535 0.700787 
vn 0.0393701 0.716535 0.700787 
vn 0.440945 -0.787402 0.425197 
vn 0.440945 -0.787402 0.425197 
vn 0.440945 -0.787402 0.425197 
vn 0.787402 -0.448819 0.417323 
vn 0.787402 -0.448819 0.417323 
vn 0.787402 -0.448819 0.417323 
vn 0.779528 -0.456693 0.425197 
vn 0.779528 -0.456693 0.425197 
vn 0.779528 -0.456693 0.425197 
vn 0.322835 -0.771654 0.551181 
vn 0.322835 -0.771654 0.551181 
vn 0.322835 -0.771654 0.551181 
vn 0.322835 -0.771654 0.551181 
vn 0.322835 -0.771654 0.551181 
vn 0.322835 -0.771654 0.551181 
vn 0.377953 -0.811024 0.440945 
vn 0.377953 -0.811024 0.440945 
vn 0.377953 -0.811024 0.440945 
vn 0.968504 -0.228346 0.0551181 
vn 0.968504 -0.228346 0.0551181 
vn 0.968504 -0.228346 0.0551181 
vn 0.968504 -0.23622 0.015748 
vn 0.968504 -0.23622 0.015748 
vn 0.968504 -0.23622 0.015748 
vn 0.976378 -0.220472 0.0551181 
vn 0.976378 -0.220472 0.0551181 
vn 0.976378 -0.220472 0.0551181 
vn 0.976378 -0.204724 0.0944882 
vn 0.976378 -0.204724 0.0944882 
vn 0.976378 -0.204724 0.0944882 
vn 0.976378 -0.19685 0.0866142 
vn 0.976378 -0.19685 0.0866142 
vn 0.976378 -0.19685 0.0866142 
vn -0.551181 0.220472 0.80315 
vn -0.551181 0.220472 0.80315 
vn -0.551181 0.220472 0.80315 
vn -0.188976 -0.984252 0.015748 
vn -0.188976 -0.984252 0.015748 
vn -0.188976 -0.984252 0.015748 
vn -0.188976 -0.984252 0.015748 
vn -0.188976 -0.984252 0.015748 
vn -0.188976 -0.984252 0.015748 
vn -0.15748 -0.96063 0.220472 
vn -0.15748 -0.96063 0.220472 
vn -0.15748 -0.96063 0.220472 
vn 0.976378 -0.19685 0 
vn 0.976378 -0.19685 0 
vn 0.976378 -0.19685 0 
vn -0.511811 0.259843 0.818898 
vn -0.511811 0.259843 0.818898 
vn -0.511811 0.259843 0.818898 
vn 0.984252 -0.141732 0.133858 
vn 0.984252 -0.141732 0.133858 
vn 0.984252 -0.141732 0.133858 
vn 0.984252 -0.141732 0.133858 
vn 0.984252 -0.141732 0.133858 
vn 0.984252 -0.141732 0.133858 
vn -0.173228 -0.96063 0.212598 
vn -0.173228 -0.96063 0.212598 
vn -0.173228 -0.96063 0.212598 
vn 0.795276 -0.291339 0.527559 
vn 0.795276 -0.291339 0.527559 
vn 0.795276 -0.291339 0.527559 
vn 0.795276 -0.291339 0.527559 
vn 0.795276 -0.291339 0.527559 
vn 0.795276 -0.291339 0.527559 
vn 0.385827 -0.724409 0.566929 
vn 0.385827 -0.724409 0.566929 
vn 0.385827 -0.724409 0.566929 
vn -0.322835 0.417323 -0.850394 
vn -0.322835 0.417323 -0.850394 
vn -0.322835 0.417323 -0.850394 
vn -0.393701 0.338583 -0.858268 
vn -0.393701 0.338583 -0.858268 
vn -0.393701 0.338583 -0.858268 
vn -0.259843 0.480315 -0.84252 
vn -0.259843 0.480315 -0.84252 
vn -0.259843 0.480315 -0.84252 
vn -0.393701 0.338583 -0.858268 
vn -0.393701 0.338583 -0.858268 
vn -0.393701 0.338583 -0.858268 
vn -0.456693 0.251969 -0.850394 
vn -0.456693 0.251969 -0.850394 
vn -0.456693 0.251969 -0.850394 
vn 0.377953 -0.732283 0.574803 
vn 0.377953 -0.732283 0.574803 
vn 0.377953 -0.732283 0.574803 
vn -0.314961 0.417323 -0.850394 
vn -0.314961 0.417323 -0.850394 
vn -0.314961 0.417323 -0.850394 
vn 0.984252 -0.0944882 0.149606 
vn 0.984252 -0.0944882 0.149606 
vn 0.984252 -0.0944882 0.149606 
vn -0.188976 0.535433 -0.818898 
vn -0.188976 0.535433 -0.818898 
vn -0.188976 0.535433 -0.818898 
vn -0.251969 0.480315 -0.84252 
vn -0.251969 0.480315 -0.84252 
vn -0.251969 0.480315 -0.84252 
vn -0.456693 0.251969 -0.850394 
vn -0.456693 0.251969 -0.850394 
vn -0.456693 0.251969 -0.850394 
vn 0.984252 -0.0944882 0.141732 
vn 0.984252 -0.0944882 0.141732 
vn 0.984252 -0.0944882 0.141732 
vn -0.149606 0.566929 -0.811024 
vn -0.149606 0.566929 -0.811024 
vn -0.149606 0.566929 -0.811024 
vn -0.11811 0.582677 -0.80315 
vn -0.11811 0.582677 -0.80315 
vn -0.11811 0.582677 -0.80315 
vn -0.614173 0 -0.787402 
vn -0.614173 0 -0.787402 
vn -0.614173 0 -0.787402 
vn -0.551181 0.11811 -0.826772 
vn -0.551181 0.11811 -0.826772 
vn -0.551181 0.11811 -0.826772 
vn -0.0944882 0.590551 -0.80315 
vn -0.0944882 0.590551 -0.80315 
vn -0.0944882 0.590551 -0.80315 
vn -0.11811 0.574803 -0.811024 
vn -0.11811 0.574803 -0.811024 
vn -0.11811 0.574803 -0.811024 
vn -0.141732 0.559055 -0.811024 
vn -0.141732 0.559055 -0.811024 
vn -0.141732 0.559055 -0.811024 
vn -0.181102 0.535433 -0.826772 
vn -0.181102 0.535433 -0.826772 
vn -0.181102 0.535433 -0.826772 
vn -0.551181 0.110236 -0.826772 
vn -0.551181 0.110236 -0.826772 
vn -0.551181 0.110236 -0.826772 
vn -0.0944882 0.590551 -0.80315 
vn -0.0944882 0.590551 -0.80315 
vn -0.0944882 0.590551 -0.80315 
vn -0.0629921 0.590551 -0.80315 
vn -0.0629921 0.590551 -0.80315 
vn -0.0629921 0.590551 -0.80315 
vn -0.0629921 0.590551 -0.80315 
vn -0.0629921 0.590551 -0.80315 
vn -0.0629921 0.590551 -0.80315 
vn 0.795276 -0.267717 0.543307 
vn 0.795276 -0.267717 0.543307 
vn 0.795276 -0.267717 0.543307 
vn 0.795276 -0.267717 0.543307 
vn 0.795276 -0.267717 0.543307 
vn 0.795276 -0.267717 0.543307 
vn 0.889764 -0.015748 0.448819 
vn 0.889764 -0.015748 0.448819 
vn 0.889764 -0.015748 0.448819 
vn -0.0393701 0.590551 -0.80315 
vn -0.0393701 0.590551 -0.80315 
vn -0.0393701 0.590551 -0.80315 
vn -0.0393701 0.598425 -0.80315 
vn -0.0393701 0.598425 -0.80315 
vn -0.0393701 0.598425 -0.80315 
vn 0.889764 -0.015748 0.456693 
vn 0.889764 -0.015748 0.456693 
vn 0.889764 -0.015748 0.456693 
vn -0.606299 0 -0.795276 
vn -0.606299 0 -0.795276 
vn -0.606299 0 -0.795276 
vn -0.00787402 0.590551 -0.80315 
vn -0.00787402 0.590551 -0.80315 
vn -0.00787402 0.590551 -0.80315 
vn -0.00787402 0.590551 -0.811024 
vn -0.00787402 0.590551 -0.811024 
vn -0.00787402 0.590551 -0.811024 
vn 0.125984 -0.795276 0.590551 
vn 0.125984 -0.795276 0.590551 
vn 0.125984 -0.795276 0.590551 
vn 0.125984 -0.795276 0.590551 
vn 0.125984 -0.795276 0.590551 
vn 0.125984 -0.795276 0.590551 
vn 0.732283 0.173228 0.661417 
vn 0.732283 0.173228 0.661417 
vn 0.732283 0.173228 0.661417 
vn 0.015748 0.582677 -0.811024 
vn 0.015748 0.582677 -0.811024 
vn 0.015748 0.582677 -0.811024 
vn 0.755906 0.141732 0.637795 
vn 0.755906 0.141732 0.637795 
vn 0.755906 0.141732 0.637795 
vn 0.015748 0.574803 -0.818898 
vn 0.015748 0.574803 -0.818898 
vn 0.015748 0.574803 -0.818898 
vn 0.992126 -0.023622 0.141732 
vn 0.992126 -0.023622 0.141732 
vn 0.992126 -0.023622 0.141732 
vn 0.992126 -0.023622 0.0944882 
vn 0.992126 -0.023622 0.0944882 
vn 0.992126 -0.023622 0.0944882 
vn 0.0551181 0.566929 -0.826772 
vn 0.0551181 0.566929 -0.826772 
vn 0.0551181 0.566929 -0.826772 
vn 0.0472441 0.559055 -0.826772 
vn 0.0472441 0.559055 -0.826772 
vn 0.0472441 0.559055 -0.826772 
vn 0.811024 -0.15748 0.559055 
vn 0.811024 -0.15748 0.559055 
vn 0.811024 -0.15748 0.559055 
vn 0.80315 -0.165354 0.566929 
vn 0.80315 -0.165354 0.566929 
vn 0.80315 -0.165354 0.566929 
vn 0.102362 0.535433 -0.834646 
vn 0.102362 0.535433 -0.834646 
vn 0.102362 0.535433 -0.834646 
vn 0.0944882 0.535433 -0.84252 
vn 0.0944882 0.535433 -0.84252 
vn 0.0944882 0.535433 -0.84252 
vn 0.976378 0.188976 0.0787402 
vn 0.976378 0.188976 0.0787402 
vn 0.976378 0.188976 0.0787402 
vn 0.976378 0.204724 0.0708661 
vn 0.976378 0.204724 0.0708661 
vn 0.976378 0.204724 0.0708661 
vn 0.385827 -0.614173 0.692913 
vn 0.385827 -0.614173 0.692913 
vn 0.385827 -0.614173 0.692913 
vn 0.992126 -0.0629921 -0.0708661 
vn 0.992126 -0.0629921 -0.0708661 
vn 0.992126 -0.0629921 -0.0708661 
vn 0.377953 -0.614173 0.692913 
vn 0.377953 -0.614173 0.692913 
vn 0.377953 -0.614173 0.692913 
vn 0.992126 0.0314961 0.141732 
vn 0.992126 0.0314961 0.141732 
vn 0.992126 0.0314961 0.141732 
vn 0.992126 0.0314961 0.141732 
vn 0.992126 0.0314961 0.141732 
vn 0.992126 0.0314961 0.141732 
vn 0.992126 -0.0629921 -0.0866142 
vn 0.992126 -0.0629921 -0.0866142 
vn 0.992126 -0.0629921 -0.0866142 
vn 0.992126 -0.0629921 -0.0787402 
vn 0.992126 -0.0629921 -0.0787402 
vn 0.992126 -0.0629921 -0.0787402 
vn 0.992126 -0.0629921 -0.0787402 
vn 0.992126 -0.0629921 -0.0787402 
vn 0.992126 -0.0629921 -0.0787402 
vn 1 0.0314961 -0.0787402 
vn 1 0.0314961 -0.0787402 
vn 1 0.0314961 -0.0787402 
vn 1 0.0314961 -0.0787402 
vn 1 0.0314961 -0.0787402 
vn 1 0.0314961 -0.0787402 
vn 0.992126 -0.0551181 -0.0787402 
vn 0.992126 -0.0551181 -0.0787402 
vn 0.992126 -0.0551181 -0.0787402 
vn 0.992126 -0.0551181 -0.0787402 
vn 0.992126 -0.0551181 -0.0787402 
vn 0.992126 -0.0551181 -0.0787402 
vn 0.992126 -0.0551181 -0.0787402 
vn 0.992126 -0.0551181 -0.0787402 
vn 0.992126 -0.0551181 -0.0787402 
vn 0.992126 -0.0551181 -0.0708661 
vn 0.992126 -0.0551181 -0.0708661 
vn 0.992126 -0.0551181 -0.0708661 
vn 0.992126 -0.0629921 -0.0866142 
vn 0.992126 -0.0629921 -0.0866142 
vn 0.992126 -0.0629921 -0.0866142 
vn 0.992126 -0.0551181 -0.0787402 
vn 0.992126 -0.0551181 -0.0787402 
vn 0.992126 -0.0551181 -0.0787402 
vn 0.181102 0.472441 -0.858268 
vn 0.181102 0.472441 -0.858268 
vn 0.181102 0.472441 -0.858268 
vn 0.173228 0.472441 -0.858268 
vn 0.173228 0.472441 -0.858268 
vn 0.173228 0.472441 -0.858268 
vn 0.992126 -0.0472441 -0.0787402 
vn 0.992126 -0.0472441 -0.0787402 
vn 0.992126 -0.0472441 -0.0787402 
vn 0.992126 -0.0472441 -0.0787402 
vn 0.992126 -0.0472441 -0.0787402 
vn 0.992126 -0.0472441 -0.0787402 
vn 0.88189 0.023622 0.472441 
vn 0.88189 0.023622 0.472441 
vn 0.88189 0.023622 0.472441 
vn 0.0629921 -0.858268 0.511811 
vn 0.0629921 -0.858268 0.511811 
vn 0.0629921 -0.858268 0.511811 
vn 0.0629921 -0.858268 0.511811 
vn 0.0629921 -0.858268 0.511811 
vn 0.0629921 -0.858268 0.511811 
vn 0.251969 0.409449 -0.874016 
vn 0.251969 0.409449 -0.874016 
vn 0.251969 0.409449 -0.874016 
vn 0.259843 0.409449 -0.874016 
vn 0.259843 0.409449 -0.874016 
vn 0.259843 0.409449 -0.874016 
vn 0.984252 0.15748 -0.102362 
vn 0.984252 0.15748 -0.102362 
vn 0.984252 0.15748 -0.102362 
vn 0.984252 0.15748 -0.102362 
vn 0.984252 0.15748 -0.102362 
vn 0.984252 0.15748 -0.102362 
vn 0.858268 0.259843 0.440945 
vn 0.858268 0.259843 0.440945 
vn 0.858268 0.259843 0.440945 
vn 0.858268 0.259843 0.440945 
vn 0.858268 0.259843 0.440945 
vn 0.858268 0.259843 0.440945 
vn -0.377953 -0.015748 -0.929134 
vn -0.377953 -0.015748 -0.929134 
vn -0.377953 -0.015748 -0.929134 
vn -0.377953 -0.015748 -0.929134 
vn -0.377953 -0.015748 -0.929134 
vn -0.377953 -0.015748 -0.929134 
vn 0.338583 0.338583 -0.88189 
vn 0.338583 0.338583 -0.88189 
vn 0.338583 0.338583 -0.88189 
vn 0.338583 0.330709 -0.88189 
vn 0.338583 0.330709 -0.88189 
vn 0.338583 0.330709 -0.88189 
vn 0.818898 0.0314961 0.574803 
vn 0.818898 0.0314961 0.574803 
vn 0.818898 0.0314961 0.574803 
vn -0.377953 -0.015748 -0.929134 
vn -0.377953 -0.015748 -0.929134 
vn -0.377953 -0.015748 -0.929134 
vn -0.377953 -0.015748 -0.929134 
vn -0.377953 -0.015748 -0.929134 
vn -0.377953 -0.015748 -0.929134 
vn -0.362205 0.291339 0.88189 
vn -0.362205 0.291339 0.88189 
vn -0.362205 0.291339 0.88189 
vn -0.338583 0.314961 0.889764 
vn -0.338583 0.314961 0.889764 
vn -0.338583 0.314961 0.889764 
vn -0.110236 -0.787402 0.606299 
vn -0.110236 -0.787402 0.606299 
vn -0.110236 -0.787402 0.606299 
vn -0.110236 -0.787402 0.606299 
vn -0.110236 -0.787402 0.606299 
vn -0.110236 -0.787402 0.606299 
vn 0.0787402 -0.76378 0.645669 
vn 0.0787402 -0.76378 0.645669 
vn 0.0787402 -0.76378 0.645669 
vn 0.0787402 -0.76378 0.645669 
vn 0.0787402 -0.76378 0.645669 
vn 0.0787402 -0.76378 0.645669 
vn 0.968504 -0.0629921 -0.251969 
vn 0.968504 -0.0629921 -0.251969 
vn 0.968504 -0.0629921 -0.251969 
vn 0.417323 0.244094 -0.874016 
vn 0.417323 0.244094 -0.874016 
vn 0.417323 0.244094 -0.874016 
vn 0.417323 0.244094 -0.874016 
vn 0.417323 0.244094 -0.874016 
vn 0.417323 0.244094 -0.874016 
vn 0.511811 0.259843 0.818898 
vn 0.511811 0.259843 0.818898 
vn 0.511811 0.259843 0.818898 
vn -0.543307 0 0.84252 
vn -0.543307 0 0.84252 
vn -0.543307 0 0.84252 
vn 0.992126 0.0708661 -0.11811 
vn 0.992126 0.0708661 -0.11811 
vn 0.992126 0.0708661 -0.11811 
vn 0.559055 0.212598 0.80315 
vn 0.559055 0.212598 0.80315 
vn 0.559055 0.212598 0.80315 
vn 0.952756 0.141732 -0.275591 
vn 0.952756 0.141732 -0.275591 
vn 0.952756 0.141732 -0.275591 
vn 0.393701 -0.385827 0.834646 
vn 0.393701 -0.385827 0.834646 
vn 0.393701 -0.385827 0.834646 
vn 0.393701 -0.385827 0.834646 
vn 0.393701 -0.385827 0.834646 
vn 0.393701 -0.385827 0.834646 
vn 0.952756 -0.0629921 -0.299213 
vn 0.952756 -0.0629921 -0.299213 
vn 0.952756 -0.0629921 -0.299213 
vn 0.952756 0.125984 -0.283465 
vn 0.952756 0.125984 -0.283465 
vn 0.952756 0.125984 -0.283465 
vn -0.527559 0.00787402 0.850394 
vn -0.527559 0.00787402 0.850394 
vn -0.527559 0.00787402 0.850394 
vn 0.76378 -0.015748 0.645669 
vn 0.76378 -0.015748 0.645669 
vn 0.76378 -0.015748 0.645669 
vn 0.952756 -0.015748 -0.299213 
vn 0.952756 -0.015748 -0.299213 
vn 0.952756 -0.015748 -0.299213 
vn 0.0944882 -0.637795 0.76378 
vn 0.0944882 -0.637795 0.76378 
vn 0.0944882 -0.637795 0.76378 
vn 0.0944882 -0.637795 0.76378 
vn 0.0944882 -0.637795 0.76378 
vn 0.0944882 -0.637795 0.76378 
vn 0.748031 -0.015748 0.661417 
vn 0.748031 -0.015748 0.661417 
vn 0.748031 -0.015748 0.661417 
vn 0.519685 0.102362 -0.850394 
vn 0.519685 0.102362 -0.850394 
vn 0.519685 0.102362 -0.850394 
vn 0.952756 -0.00787402 -0.307087 
vn 0.952756 -0.00787402 -0.307087 
vn 0.952756 -0.00787402 -0.307087 
vn 0.519685 0.102362 -0.850394 
vn 0.519685 0.102362 -0.850394 
vn 0.519685 0.102362 -0.850394 
vn 0.716535 0.614173 0.322835 
vn 0.716535 0.614173 0.322835 
vn 0.716535 0.614173 0.322835 
vn 0.952756 0.259843 0.149606 
vn 0.952756 0.259843 0.149606 
vn 0.952756 0.259843 0.149606 
vn 0.826772 0.023622 0.566929 
vn 0.826772 0.023622 0.566929 
vn 0.826772 0.023622 0.566929 
vn 0.96063 0.267717 -0.0787402 
vn 0.96063 0.267717 -0.0787402 
vn 0.96063 0.267717 -0.0787402 
vn 0.96063 0.267717 -0.0787402 
vn 0.96063 0.267717 -0.0787402 
vn 0.96063 0.267717 -0.0787402 
vn 0.818898 0.023622 0.566929 
vn 0.818898 0.023622 0.566929 
vn 0.818898 0.023622 0.566929 
vn 0.771654 0.637795 0.023622 
vn 0.771654 0.637795 0.023622 
vn 0.771654 0.637795 0.023622 
vn 0.771654 0.637795 0.023622 
vn 0.771654 0.637795 0.023622 
vn 0.771654 0.637795 0.023622 
vn 0.952756 0.275591 0.141732 
vn 0.952756 0.275591 0.141732 
vn 0.952756 0.275591 0.141732 
vn 0.952756 0.0393701 -0.291339 
vn 0.952756 0.0393701 -0.291339 
vn 0.952756 0.0393701 -0.291339 
vn 0.952756 0.0393701 -0.291339 
vn 0.952756 0.0393701 -0.291339 
vn 0.952756 0.0393701 -0.291339 
vn 0.984252 0.15748 -0.11811 
vn 0.984252 0.15748 -0.11811 
vn 0.984252 0.15748 -0.11811 
vn 0.968504 0.110236 -0.212598 
vn 0.968504 0.110236 -0.212598 
vn 0.968504 0.110236 -0.212598 
vn 0.968504 0.0944882 -0.244094 
vn 0.968504 0.0944882 -0.244094 
vn 0.968504 0.0944882 -0.244094 
vn 0.968504 0.125984 -0.212598 
vn 0.968504 0.125984 -0.212598 
vn 0.968504 0.125984 -0.212598 
vn 0.96063 0.102362 -0.251969 
vn 0.96063 0.102362 -0.251969 
vn 0.96063 0.102362 -0.251969 
vn 0.598425 -0.015748 -0.80315 
vn 0.598425 -0.015748 -0.80315 
vn 0.598425 -0.015748 -0.80315 
vn 0.401575 -0.338583 0.850394 
vn 0.401575 -0.338583 0.850394 
vn 0.401575 -0.338583 0.850394 
vn 0.330709 0.307087 0.889764 
vn 0.330709 0.307087 0.889764 
vn 0.330709 0.307087 0.889764 
vn 0.401575 -0.19685 0.897638 
vn 0.401575 -0.19685 0.897638 
vn 0.401575 -0.19685 0.897638 
vn 0.409449 -0.19685 0.889764 
vn 0.409449 -0.19685 0.889764 
vn 0.409449 -0.19685 0.889764 
vn 0.417323 -0.322835 0.850394 
vn 0.417323 -0.322835 0.850394 
vn 0.417323 -0.322835 0.850394 
vn 0.590551 -0.00787402 -0.811024 
vn 0.590551 -0.00787402 -0.811024 
vn 0.590551 -0.00787402 -0.811024 
vn 0.354331 0.283465 0.889764 
vn 0.354331 0.283465 0.889764 
vn 0.354331 0.283465 0.889764 
vn -0.19685 0.338583 0.92126 
vn -0.19685 0.338583 0.92126 
vn -0.19685 0.338583 0.92126 
vn -0.19685 0.330709 0.92126 
vn -0.19685 0.330709 0.92126 
vn -0.19685 0.330709 0.92126 
vn 0.771654 0.622047 -0.133858 
vn 0.771654 0.622047 -0.133858 
vn 0.771654 0.622047 -0.133858 
vn 0.771654 0.622047 -0.133858 
vn 0.771654 0.622047 -0.133858 
vn 0.771654 0.622047 -0.133858 
vn -0.283465 -0.80315 0.519685 
vn -0.283465 -0.80315 0.519685 
vn -0.283465 -0.80315 0.519685 
vn -0.149606 0.338583 0.929134 
vn -0.149606 0.338583 0.929134 
vn -0.149606 0.338583 0.929134 
vn -0.149606 0.330709 0.929134 
vn -0.149606 0.330709 0.929134 
vn -0.149606 0.330709 0.929134 
vn 0.11811 -0.393701 0.913386 
vn 0.11811 -0.393701 0.913386 
vn 0.11811 -0.393701 0.913386 
vn 0.11811 -0.393701 0.913386 
vn 0.11811 -0.393701 0.913386 
vn 0.11811 -0.393701 0.913386 
vn 0.480315 0.0866142 0.874016 
vn 0.480315 0.0866142 0.874016 
vn 0.480315 0.0866142 0.874016 
vn -0.23622 -0.724409 0.653543 
vn -0.23622 -0.724409 0.653543 
vn -0.23622 -0.724409 0.653543 
vn -0.11811 0.330709 0.937008 
vn -0.11811 0.330709 0.937008 
vn -0.11811 0.330709 0.937008 
vn -0.11811 0.330709 0.937008 
vn -0.11811 0.330709 0.937008 
vn -0.11811 0.330709 0.937008 
vn 0.748031 0.598425 -0.299213 
vn 0.748031 0.598425 -0.299213 
vn 0.748031 0.598425 -0.299213 
vn 0.748031 0.598425 -0.299213 
vn 0.748031 0.598425 -0.299213 
vn 0.748031 0.598425 -0.299213 
vn 0.181102 0.330709 0.929134 
vn 0.181102 0.330709 0.929134 
vn 0.181102 0.330709 0.929134 
vn 0.181102 0.330709 0.929134 
vn 0.181102 0.330709 0.929134 
vn 0.181102 0.330709 0.929134 
vn -0.251969 -0.716535 0.653543 
vn -0.251969 -0.716535 0.653543 
vn -0.251969 -0.716535 0.653543 
vn 0.795276 0.244094 0.559055 
vn 0.795276 0.244094 0.559055 
vn 0.795276 0.244094 0.559055 
vn 0.795276 0.244094 0.559055 
vn 0.795276 0.244094 0.559055 
vn 0.795276 0.244094 0.559055 
vn 0.464567 0.425197 0.779528 
vn 0.464567 0.425197 0.779528 
vn 0.464567 0.425197 0.779528 
vn -0.0866142 0.330709 0.937008 
vn -0.0866142 0.330709 0.937008 
vn -0.0866142 0.330709 0.937008 
vn -0.0866142 0.330709 0.937008 
vn -0.0866142 0.330709 0.937008 
vn -0.0866142 0.330709 0.937008 
vn 0.440945 0.448819 0.779528 
vn 0.440945 0.448819 0.779528 
vn 0.440945 0.448819 0.779528 
vn -0.354331 -0.779528 0.511811 
vn -0.354331 -0.779528 0.511811 
vn -0.354331 -0.779528 0.511811 
vn 0.133858 0.330709 0.937008 
vn 0.133858 0.330709 0.937008 
vn 0.133858 0.330709 0.937008 
vn 0.133858 0.330709 0.937008 
vn 0.133858 0.330709 0.937008 
vn 0.133858 0.330709 0.937008 
vn 0.409449 0.0866142 0.905512 
vn 0.409449 0.0866142 0.905512 
vn 0.409449 0.0866142 0.905512 
vn -0.0393701 0.330709 0.944882 
vn -0.0393701 0.330709 0.944882 
vn -0.0393701 0.330709 0.944882 
vn -0.0393701 0.330709 0.944882 
vn -0.0393701 0.330709 0.944882 
vn -0.0393701 0.330709 0.944882 
vn -0.204724 -0.606299 0.771654 
vn -0.204724 -0.606299 0.771654 
vn -0.204724 -0.606299 0.771654 
vn 0.0944882 0.330709 0.937008 
vn 0.0944882 0.330709 0.937008 
vn 0.0944882 0.330709 0.937008 
vn -0.622047 -0.748031 0.23622 
vn -0.622047 -0.748031 0.23622 
vn -0.622047 -0.748031 0.23622 
vn -0.622047 -0.748031 0.23622 
vn -0.622047 -0.748031 0.23622 
vn -0.622047 -0.748031 0.23622 
vn 0.0944882 0.330709 0.937008 
vn 0.0944882 0.330709 0.937008 
vn 0.0944882 0.330709 0.937008 
vn 0.015748 0.330709 0.944882 
vn 0.015748 0.330709 0.944882 
vn 0.015748 0.330709 0.944882 
vn 0.015748 0.330709 0.944882 
vn 0.015748 0.330709 0.944882 
vn 0.015748 0.330709 0.944882 
vn 0.0629921 0.330709 0.944882 
vn 0.0629921 0.330709 0.944882 
vn 0.0629921 0.330709 0.944882 
vn -0.212598 -0.598425 0.771654 
vn -0.212598 -0.598425 0.771654 
vn -0.212598 -0.598425 0.771654 
vn 0.0629921 0.330709 0.944882 
vn 0.0629921 0.330709 0.944882 
vn 0.0629921 0.330709 0.944882 
vn -0.645669 -0.755906 0.0551181 
vn -0.645669 -0.755906 0.0551181 
vn -0.645669 -0.755906 0.0551181 
vn -0.645669 -0.755906 0.0551181 
vn -0.645669 -0.755906 0.0551181 
vn -0.645669 -0.755906 0.0551181 
vn 0.566929 -0.00787402 0.826772 
vn 0.566929 -0.00787402 0.826772 
vn 0.566929 -0.00787402 0.826772 
vn 0.125984 -0.188976 0.976378 
vn 0.125984 -0.188976 0.976378 
vn 0.125984 -0.188976 0.976378 
vn 0.125984 -0.188976 0.976378 
vn 0.125984 -0.188976 0.976378 
vn 0.125984 -0.188976 0.976378 
vn -0.503937 -0.661417 0.551181 
vn -0.503937 -0.661417 0.551181 
vn -0.503937 -0.661417 0.551181 
vn 0.141732 -0.338583 0.929134 
vn 0.141732 -0.338583 0.929134 
vn 0.141732 -0.338583 0.929134 
vn 0.141732 -0.338583 0.929134 
vn 0.141732 -0.338583 0.929134 
vn 0.141732 -0.338583 0.929134 
vn 0.543307 -0.00787402 0.834646 
vn 0.543307 -0.00787402 0.834646 
vn 0.543307 -0.00787402 0.834646 
vn 0.771654 -0.0944882 -0.629921 
vn 0.771654 -0.0944882 -0.629921 
vn 0.771654 -0.0944882 -0.629921 
vn -0.322835 0.00787402 0.944882 
vn -0.322835 0.00787402 0.944882 
vn -0.322835 0.00787402 0.944882 
vn 0.76378 0.0708661 -0.645669 
vn 0.76378 0.0708661 -0.645669 
vn 0.76378 0.0708661 -0.645669 
vn 0.76378 0.0708661 -0.645669 
vn 0.76378 0.0708661 -0.645669 
vn 0.76378 0.0708661 -0.645669 
vn -0.307087 0.00787402 0.952756 
vn -0.307087 0.00787402 0.952756 
vn -0.307087 0.00787402 0.952756 
vn 0.330709 0.826772 0.456693 
vn 0.330709 0.826772 0.456693 
vn 0.330709 0.826772 0.456693 
vn 0.330709 0.826772 0.456693 
vn 0.330709 0.826772 0.456693 
vn 0.330709 0.826772 0.456693 
vn 0.897638 0.409449 -0.165354 
vn 0.897638 0.409449 -0.165354 
vn 0.897638 0.409449 -0.165354 
vn -0.181102 -0.362205 0.913386 
vn -0.181102 -0.362205 0.913386 
vn -0.181102 -0.362205 0.913386 
vn -0.181102 -0.362205 0.913386 
vn -0.181102 -0.362205 0.913386 
vn -0.181102 -0.362205 0.913386 
vn 0.417323 0.00787402 0.905512 
vn 0.417323 0.00787402 0.905512 
vn 0.417323 0.00787402 0.905512 
vn 0.417323 0.00787402 0.905512 
vn 0.417323 0.00787402 0.905512 
vn 0.417323 0.00787402 0.905512 
vn 0.645669 0.488189 -0.590551 
vn 0.645669 0.488189 -0.590551 
vn 0.645669 0.488189 -0.590551 
vn 0.685039 -0.102362 -0.724409 
vn 0.685039 -0.102362 -0.724409 
vn 0.685039 -0.102362 -0.724409 
vn 0.125984 0.110236 0.984252 
vn 0.125984 0.110236 0.984252 
vn 0.125984 0.110236 0.984252 
vn 0.125984 0.110236 0.984252 
vn 0.125984 0.110236 0.984252 
vn 0.125984 0.110236 0.984252 
vn -0.173228 -0.338583 0.92126 
vn -0.173228 -0.338583 0.92126 
vn -0.173228 -0.338583 0.92126 
vn -0.15748 -0.322835 0.937008 
vn -0.15748 -0.322835 0.937008 
vn -0.15748 -0.322835 0.937008 
vn -0.0472441 1 0 
vn -0.0472441 1 0 
vn -0.0472441 1 0 
vn -0.0472441 1 0 
vn -0.0472441 1 0 
vn -0.0472441 1 0 
vn -0.0472441 1 0 
vn -0.0472441 1 0 
vn -0.0472441 1 0 
vn -0.0472441 1 0 
vn -0.0472441 1 0 
vn -0.0472441 1 0 
vn -0.0472441 1 0 
vn -0.0472441 1 0 
vn -0.0472441 1 0 
vn -0.0472441 1 0 
vn -0.0472441 1 0 
vn -0.0472441 1 0 
vn -0.0472441 1 0 
vn -0.0472441 1 0 
vn -0.0472441 1 0 
vn -0.0472441 1 0 
vn -0.0472441 1 0 
vn -0.0472441 1 0 
vn -0.0472441 1 0 
vn -0.0472441 1 0 
vn -0.0472441 1 0 
vn -0.0472441 1 0 
vn -0.0472441 1 0 
vn -0.0472441 1 0 
vn -0.0472441 1 0 
vn -0.0472441 1 0 
vn -0.0472441 1 0 
vn -0.0472441 1 0 
vn -0.0472441 1 0 
vn -0.0472441 1 0 
vn 0.110236 0.488189 0.866142 
vn 0.110236 0.488189 0.866142 
vn 0.110236 0.488189 0.866142 
vn 0.110236 0.488189 0.866142 
vn 0.110236 0.488189 0.866142 
vn 0.110236 0.488189 0.866142 
vn -0.173228 -0.15748 0.968504 
vn -0.173228 -0.15748 0.968504 
vn -0.173228 -0.15748 0.968504 
vn 0.314961 0.944882 0.0629921 
vn 0.314961 0.944882 0.0629921 
vn 0.314961 0.944882 0.0629921 
vn -0.173228 -0.165354 0.968504 
vn -0.173228 -0.165354 0.968504 
vn -0.173228 -0.165354 0.968504 
vn 0.299213 0.952756 0.0787402 
vn 0.299213 0.952756 0.0787402 
vn 0.299213 0.952756 0.0787402 
vn 0.346457 0 0.937008 
vn 0.346457 0 0.937008 
vn 0.346457 0 0.937008 
vn 0.330709 0 0.944882 
vn 0.330709 0 0.944882 
vn 0.330709 0 0.944882 
vn 0.692913 0.0629921 -0.716535 
vn 0.692913 0.0629921 -0.716535 
vn 0.692913 0.0629921 -0.716535 
vn -0.291339 -0.015748 0.952756 
vn -0.291339 -0.015748 0.952756 
vn -0.291339 -0.015748 0.952756 
vn -0.299213 -0.015748 0.952756 
vn -0.299213 -0.015748 0.952756 
vn -0.299213 -0.015748 0.952756 
vn -0.015748 0 -1 
vn -0.015748 0 -1 
vn -0.015748 0 -1 
vn -0.015748 0 -1 
vn -0.015748 0 -1 
vn -0.015748 0 -1 
vn -0.015748 0 -1 
vn -0.015748 0 -1 
vn -0.015748 0 -1 
vn -0.015748 0 -1 
vn -0.015748 0 -1 
vn -0.015748 0 -1 
vn -0.015748 0 -1 
vn -0.015748 0 -1 
vn -0.015748 0 -1 
vn -0.015748 0 -1 
vn -0.015748 0 -1 
vn -0.015748 0 -1 
vn -0.015748 0 -1 
vn -0.015748 0 -1 
vn -0.015748 0 -1 
vn -0.015748 0 -1 
vn -0.015748 0 -1 
vn -0.015748 0 -1 
vn -0.015748 0 -1 
vn -0.015748 0 -1 
vn -0.015748 0 -1 
vn -0.015748 0 -1 
vn -0.015748 0 -1 
vn -0.015748 0 -1 
vn -0.015748 0 -1 
vn -0.015748 0 -1 
vn -0.015748 0 -1 
vn -0.015748 0 -1 
vn -0.015748 0 -1 
vn -0.015748 0 -1 
vn -0.015748 0 -1 
vn -0.015748 0 -1 
vn -0.015748 0 -1 
vn -0.015748 0 -1 
vn -0.015748 0 -1 
vn -0.015748 0 -1 
vn -0.015748 0 -1 
vn -0.015748 0 -1 
vn -0.015748 0 -1 
vn -0.015748 0 -1 
vn -0.015748 0 -1 
vn -0.015748 0 -1 
vn -0.015748 0 -1 
vn -0.015748 0 -1 
vn -0.015748 0 -1 
vn -0.015748 0 -1 
vn -0.015748 0 -1 
vn -0.015748 0 -1 
vn -0.015748 0 -1 
vn -0.015748 0 -1 
vn -0.015748 0 -1 
vn -0.015748 0 -1 
vn -0.015748 0 -1 
vn -0.015748 0 -1 
vn -0.015748 0 -1 
vn -0.015748 0 -1 
vn -0.015748 0 -1 
vn -0.015748 0 -1 
vn -0.015748 0 -1 
vn -0.015748 0 -1 
vn -0.015748 0 -1 
vn -0.015748 0 -1 
vn -0.015748 0 -1 
vn -0.015748 0 -1 
vn -0.015748 0 -1 
vn -0.015748 0 -1 
vn -0.015748 0 -1 
vn -0.015748 0 -1 
vn -0.015748 0 -1 
vn -0.015748 0 -1 
vn -0.015748 0 -1 
vn -0.015748 0 -1 
vn -0.015748 0 -1 
vn -0.015748 0 -1 
vn -0.015748 0 -1 
vn -0.015748 0 -1 
vn -0.015748 0 -1 
vn -0.015748 0 -1 
vn -0.015748 0 -1 
vn -0.015748 0 -1 
vn -0.015748 0 -1 
vn -0.015748 0 -1 
vn -0.015748 0 -1 
vn -0.015748 0 -1 
vn -0.015748 0 -1 
vn -0.015748 0 -1 
vn -0.015748 0 -1 
vn -0.015748 0 -1 
vn -0.015748 0 -1 
vn -0.015748 0 -1 
vn -0.015748 0 -1 
vn -0.015748 0 -1 
vn -0.015748 0 -1 
vn -0.015748 0 -1 
vn -0.015748 0 -1 
vn -0.015748 0 -1 
vn -0.015748 0 -1 
vn -0.015748 0 -1 
vn -0.015748 0 -1 
vn -0.015748 0 -1 
vn -0.015748 0 -1 
vn -0.015748 0 -1 
vn -0.015748 0 -1 
vn -0.015748 0 -1 
vn -0.015748 0 -1 
vn -0.015748 0 -1 
vn -0.015748 0 -1 
vn -0.015748 0 -1 
vn -0.015748 0 -1 
vn -0.015748 0 -1 
vn -0.015748 0 -1 
vn -0.015748 0 -1 
vn -0.015748 0 -1 
vn -0.015748 0 -1 
vn -0.015748 0 -1 
vn -0.015748 0 -1 
vn -0.015748 0 -1 
vn -0.015748 0 -1 
vn -0.015748 0 -1 
vn -0.015748 0 -1 
vn -0.015748 0 -1 
vn -0.015748 0 -1 
vn -0.015748 0 -1 
vn -0.015748 0 -1 
vn -0.015748 0 -1 
vn -0.015748 0 -1 
vn -0.015748 0 -1 
vn -0.015748 0 -1 
vn -0.015748 0 -1 
vn -0.015748 0 -1 
vn -0.015748 0 -1 
vn -0.015748 0 -1 
vn -0.015748 0 -1 
vn -0.015748 0 -1 
vn -0.015748 0 -1 
vn -0.015748 0 -1 
vn -0.015748 0 -1 
vn -0.015748 0 -1 
vn 0.677165 0.0787402 -0.732283 
vn 0.677165 0.0787402 -0.732283 
vn 0.677165 0.0787402 -0.732283 
vn -0.291339 -0.015748 0.952756 
vn -0.291339 -0.015748 0.952756 
vn -0.291339 -0.015748 0.952756 
vn -0.299213 -0.015748 0.952756 
vn -0.299213 -0.015748 0.952756 
vn -0.299213 -0.015748 0.952756 
vn -0.015748 0 -1 
vn -0.015748 0 -1 
vn -0.015748 0 -1 
vn -0.015748 0 -1 
vn -0.015748 0 -1 
vn -0.015748 0 -1 
vn -0.015748 0 -1 
vn -0.015748 0 -1 
vn -0.015748 0 -1 
vn -0.015748 0 -1 
vn -0.015748 0 -1 
vn -0.015748 0 -1 
vn -0.015748 0 -1 
vn -0.015748 0 -1 
vn -0.015748 0 -1 
vn -0.015748 0 -1 
vn -0.015748 0 -1 
vn -0.015748 0 -1 
vn -0.015748 0 -1 
vn -0.015748 0 -1 
vn -0.015748 0 -1 
vn -0.015748 0 -1 
vn -0.015748 0 -1 
vn -0.015748 0 -1 
vn -0.015748 0 -1 
vn -0.015748 0 -1 
vn -0.015748 0 -1 
vn -0.015748 0 -1 
vn -0.015748 0 -1 
vn -0.015748 0 -1 
vn -0.015748 0 -1 
vn -0.015748 0 -1 
vn -0.015748 0 -1 
vn -0.015748 0 -1 
vn -0.015748 0 -1 
vn -0.015748 0 -1 
vn -0.015748 0 -1 
vn -0.015748 0 -1 
vn -0.015748 0 -1 
vn -0.015748 0 -1 
vn -0.015748 0 -1 
vn -0.015748 0 -1 
vn -0.015748 0 -1 
vn -0.015748 0 -1 
vn -0.015748 0 -1 
vn -0.015748 0 -1 
vn -0.015748 0 -1 
vn -0.015748 0 -1 
vn -0.015748 0 -1 
vn -0.015748 0 -1 
vn -0.015748 0 -1 
vn -0.015748 0 -1 
vn -0.015748 0 -1 
vn -0.015748 0 -1 
vn -0.015748 0 -1 
vn -0.015748 0 -1 
vn -0.015748 0 -1 
vn -0.015748 0 -1 
vn -0.015748 0 -1 
vn -0.015748 0 -1 
vn -0.015748 0 -1 
vn -0.015748 0 -1 
vn -0.015748 0 -1 
vn -0.015748 0 -1 
vn -0.015748 0 -1 
vn -0.015748 0 -1 
vn 0.283465 0.952756 -0.125984 
vn 0.283465 0.952756 -0.125984 
vn 0.283465 0.952756 -0.125984 
vn 0.283465 0.952756 -0.125984 
vn 0.283465 0.952756 -0.125984 
vn 0.283465 0.952756 -0.125984 
vn 0.401575 0.307087 0.866142 
vn 0.401575 0.307087 0.866142 
vn 0.401575 0.307087 0.866142 
vn 0.0629921 0.866142 0.488189 
vn 0.0629921 0.866142 0.488189 
vn 0.0629921 0.866142 0.488189 
vn 0.0629921 0.866142 0.488189 
vn 0.0629921 0.866142 0.488189 
vn 0.0629921 0.866142 0.488189 
vn -0.11811 0.00787402 0.992126 
vn -0.11811 0.00787402 0.992126 
vn -0.11811 0.00787402 0.992126 
vn -0.11811 0.00787402 0.992126 
vn -0.11811 0.00787402 0.992126 
vn -0.11811 0.00787402 0.992126 
vn 0.125984 0 0.992126 
vn 0.125984 0 0.992126 
vn 0.125984 0 0.992126 
vn 0.125984 0 0.992126 
vn 0.125984 0 0.992126 
vn 0.125984 0 0.992126 
vn 0.377953 0.330709 0.866142 
vn 0.377953 0.330709 0.866142 
vn 0.377953 0.330709 0.866142 
vn 0.692913 0.23622 -0.685039 
vn 0.692913 0.23622 -0.685039 
vn 0.692913 0.23622 -0.685039 
vn 0.692913 0.23622 -0.685039 
vn 0.692913 0.23622 -0.685039 
vn 0.692913 0.23622 -0.685039 
vn 0.622047 0.645669 0.448819 
vn 0.622047 0.645669 0.448819 
vn 0.622047 0.645669 0.448819 
vn -0.173228 0.133858 0.976378 
vn -0.173228 0.133858 0.976378 
vn -0.173228 0.133858 0.976378 
vn -0.0866142 0.00787402 1 
vn -0.0866142 0.00787402 1 
vn -0.0866142 0.00787402 1 
vn -0.0866142 0.00787402 1 
vn -0.0866142 0.00787402 1 
vn -0.0866142 0.00787402 1 
vn 0.755906 0.488189 -0.440945 
vn 0.755906 0.488189 -0.440945 
vn 0.755906 0.488189 -0.440945 
vn 0.275591 0.905512 -0.322835 
vn 0.275591 0.905512 -0.322835 
vn 0.275591 0.905512 -0.322835 
vn -0.0629921 0.00787402 1 
vn -0.0629921 0.00787402 1 
vn -0.0629921 0.00787402 1 
vn -0.0629921 0.00787402 1 
vn -0.0629921 0.00787402 1 
vn -0.0629921 0.00787402 1 
vn 0.771654 0.622047 -0.133858 
vn 0.771654 0.622047 -0.133858 
vn 0.771654 0.622047 -0.133858 
vn 0.0393701 -1 0 
vn 0.0393701 -1 0 
vn 0.0393701 -1 0 
vn 0.0393701 -1 0 
vn 0.0393701 -1 0 
vn 0.0393701 -1 0 
vn 0.0393701 -1 0 
vn 0.0393701 -1 0 
vn 0.0393701 -1 0 
vn 0.0393701 -1 0 
vn 0.0393701 -1 0 
vn 0.0393701 -1 0 
vn 0.141732 0 0.992126 
vn 0.141732 0 0.992126 
vn 0.141732 0 0.992126 
vn 0.141732 0 0.992126 
vn 0.141732 0 0.992126 
vn 0.141732 0 0.992126 
vn 0.0393701 -1 0 
vn 0.0393701 -1 0 
vn 0.0393701 -1 0 
vn 0.0393701 -1 0 
vn 0.0393701 -1 0 
vn 0.0393701 -1 0 
vn 0.0393701 -1 0 
vn 0.0393701 -1 0 
vn 0.0393701 -1 0 
vn 0.0393701 -1 0 
vn 0.0393701 -1 0 
vn 0.0393701 -1 0 
vn 0.0393701 -1 0 
vn 0.0393701 -1 0 
vn 0.0393701 -1 0 
vn 0.0393701 -1 0 
vn 0.0393701 -1 0 
vn 0.0393701 -1 0 
vn 0.0393701 -1 0 
vn 0.0393701 -1 0 
vn 0.0393701 -1 0 
vn 0.0393701 -1 0 
vn 0.0393701 -1 0 
vn 0.0393701 -1 0 
vn 0.661417 0.740157 0.125984 
vn 0.661417 0.740157 0.125984 
vn 0.661417 0.740157 0.125984 
vn 0.661417 0.740157 0.125984 
vn 0.661417 0.740157 0.125984 
vn 0.661417 0.740157 0.125984 
vn -0.0472441 0.00787402 1 
vn -0.0472441 0.00787402 1 
vn -0.0472441 0.00787402 1 
vn 0.724409 0.425197 -0.543307 
vn 0.724409 0.425197 -0.543307 
vn 0.724409 0.425197 -0.543307 
vn -0.0472441 0.00787402 1 
vn -0.0472441 0.00787402 1 
vn -0.0472441 0.00787402 1 
vn 0.0787402 0.015748 1 
vn 0.0787402 0.015748 1 
vn 0.0787402 0.015748 1 
vn 0.0787402 0.00787402 1 
vn 0.0787402 0.00787402 1 
vn 0.0787402 0.00787402 1 
vn 0.0787402 0.00787402 1 
vn 0.0787402 0.00787402 1 
vn 0.0787402 0.00787402 1 
vn 0.0787402 0.015748 1 
vn 0.0787402 0.015748 1 
vn 0.0787402 0.015748 1 
vn 0.259843 0.905512 -0.330709 
vn 0.259843 0.905512 -0.330709 
vn 0.259843 0.905512 -0.330709 
vn -0.00787402 0.00787402 1 
vn -0.00787402 0.00787402 1 
vn -0.00787402 0.00787402 1 
vn -0.00787402 0.00787402 1 
vn -0.00787402 0.00787402 1 
vn -0.00787402 0.00787402 1 
vn 0.110236 0 0.992126 
vn 0.110236 0 0.992126 
vn 0.110236 0 0.992126 
vn 0.110236 0 0.992126 
vn 0.110236 0 0.992126 
vn 0.110236 0 0.992126 
vn -0.244094 0.307087 0.92126 
vn -0.244094 0.307087 0.92126 
vn -0.244094 0.307087 0.92126 
vn -0.251969 0.133858 0.96063 
vn -0.251969 0.133858 0.96063 
vn -0.251969 0.133858 0.96063 
vn 0.0866142 0 1 
vn 0.0866142 0 1 
vn 0.0866142 0 1 
vn 0.0866142 0 0.992126 
vn 0.0866142 0 0.992126 
vn 0.0866142 0 0.992126 
vn 0.732283 0.519685 -0.440945 
vn 0.732283 0.519685 -0.440945 
vn 0.732283 0.519685 -0.440945 
vn 0.0314961 0.00787402 1 
vn 0.0314961 0.00787402 1 
vn 0.0314961 0.00787402 1 
vn 0.0314961 0.00787402 1 
vn 0.0314961 0.00787402 1 
vn 0.0314961 0.00787402 1 
vn 0.0708661 0.00787402 1 
vn 0.0708661 0.00787402 1 
vn 0.0708661 0.00787402 1 
vn 0.0708661 0.00787402 1 
vn 0.0708661 0.00787402 1 
vn 0.0708661 0.00787402 1 
vn 0.653543 0.755906 -0.0551181 
vn 0.653543 0.755906 -0.0551181 
vn 0.653543 0.755906 -0.0551181 
vn 0.653543 0.755906 -0.0551181 
vn 0.653543 0.755906 -0.0551181 
vn 0.653543 0.755906 -0.0551181 
vn 0.700787 0.448819 -0.551181 
vn 0.700787 0.448819 -0.551181 
vn 0.700787 0.448819 -0.551181 
vn -0.23622 0.496063 0.834646 
vn -0.23622 0.496063 0.834646 
vn -0.23622 0.496063 0.834646 
vn -0.259843 0.480315 0.834646 
vn -0.259843 0.480315 0.834646 
vn -0.259843 0.480315 0.834646 
vn 0.00787402 0.992126 0.0944882 
vn 0.00787402 0.992126 0.0944882 
vn 0.00787402 0.992126 0.0944882 
vn 0.00787402 0.992126 0.0944882 
vn 0.00787402 0.992126 0.0944882 
vn 0.00787402 0.992126 0.0944882 
vn -0.181102 0.015748 0.984252 
vn -0.181102 0.015748 0.984252 
vn -0.181102 0.015748 0.984252 
vn -0.181102 0.015748 0.984252 
vn -0.181102 0.015748 0.984252 
vn -0.181102 0.015748 0.984252 
vn 0.125984 0.330709 0.937008 
vn 0.125984 0.330709 0.937008 
vn 0.125984 0.330709 0.937008 
vn 0.125984 0.330709 0.937008 
vn 0.125984 0.330709 0.937008 
vn 0.125984 0.330709 0.937008 
vn -0.740157 -0.456693 0.488189 
vn -0.740157 -0.456693 0.488189 
vn -0.740157 -0.456693 0.488189 
vn -0.716535 -0.385827 0.582677 
vn -0.716535 -0.385827 0.582677 
vn -0.716535 -0.385827 0.582677 
vn -0.204724 0.850394 0.488189 
vn -0.204724 0.850394 0.488189 
vn -0.204724 0.850394 0.488189 
vn -0.204724 0.850394 0.488189 
vn -0.204724 0.850394 0.488189 
vn -0.204724 0.850394 0.488189 
vn -0.661417 -0.259843 0.700787 
vn -0.661417 -0.259843 0.700787 
vn -0.661417 -0.259843 0.700787 
vn -0.661417 -0.259843 0.700787 
vn -0.661417 -0.259843 0.700787 
vn -0.661417 -0.259843 0.700787 
vn 0.259843 0.141732 -0.952756 
vn 0.259843 0.141732 -0.952756 
vn 0.259843 0.141732 -0.952756 
vn 0.251969 -0.102362 -0.96063 
vn 0.251969 -0.102362 -0.96063 
vn 0.251969 -0.102362 -0.96063 
vn 0.19685 0.669291 -0.716535 
vn 0.19685 0.669291 -0.716535 
vn 0.19685 0.669291 -0.716535 
vn 0.19685 0.669291 -0.716535 
vn 0.19685 0.669291 -0.716535 
vn 0.19685 0.669291 -0.716535 
vn -0.779528 -0.503937 0.370079 
vn -0.779528 -0.503937 0.370079 
vn -0.779528 -0.503937 0.370079 
vn -0.724409 -0.370079 0.574803 
vn -0.724409 -0.370079 0.574803 
vn -0.724409 -0.370079 0.574803 
vn -0.755906 -0.440945 0.480315 
vn -0.755906 -0.440945 0.480315 
vn -0.755906 -0.440945 0.480315 
vn 0.244094 0.125984 -0.96063 
vn 0.244094 0.125984 -0.96063 
vn 0.244094 0.125984 -0.96063 
vn -0.015748 0.992126 -0.102362 
vn -0.015748 0.992126 -0.102362 
vn -0.015748 0.992126 -0.102362 
vn -0.015748 0.992126 -0.102362 
vn -0.015748 0.992126 -0.102362 
vn -0.015748 0.992126 -0.102362 
vn 0.212598 -0.204724 0.952756 
vn 0.212598 -0.204724 0.952756 
vn 0.212598 -0.204724 0.952756 
vn -0.692913 -0.204724 0.692913 
vn -0.692913 -0.204724 0.692913 
vn -0.692913 -0.204724 0.692913 
vn 0.173228 -0.102362 -0.976378 
vn 0.173228 -0.102362 -0.976378 
vn 0.173228 -0.102362 -0.976378 
vn -0.692913 -0.204724 0.692913 
vn -0.692913 -0.204724 0.692913 
vn -0.692913 -0.204724 0.692913 
vn -0.0393701 0.952756 -0.307087 
vn -0.0393701 0.952756 -0.307087 
vn -0.0393701 0.952756 -0.307087 
vn -0.0393701 0.952756 -0.307087 
vn -0.0393701 0.952756 -0.307087 
vn -0.0393701 0.952756 -0.307087 
vn -0.685039 -0.0629921 0.724409 
vn -0.685039 -0.0629921 0.724409 
vn -0.685039 -0.0629921 0.724409 
vn -0.692913 -0.0629921 0.724409 
vn -0.692913 -0.0629921 0.724409 
vn -0.692913 -0.0629921 0.724409 
vn 0.299213 -0.015748 -0.952756 
vn 0.299213 -0.015748 -0.952756 
vn 0.299213 -0.015748 -0.952756 
vn 0.299213 -0.015748 -0.952756 
vn 0.299213 -0.015748 -0.952756 
vn 0.299213 -0.015748 -0.952756 
vn -0.19685 0.330709 0.92126 
vn -0.19685 0.330709 0.92126 
vn -0.19685 0.330709 0.92126 
vn -0.181102 0.346457 0.92126 
vn -0.181102 0.346457 0.92126 
vn -0.181102 0.346457 0.92126 
vn -0.850394 -0.401575 0.346457 
vn -0.850394 -0.401575 0.346457 
vn -0.850394 -0.401575 0.346457 
vn 0.299213 -0.015748 -0.952756 
vn 0.299213 -0.015748 -0.952756 
vn 0.299213 -0.015748 -0.952756 
vn 0.299213 -0.015748 -0.952756 
vn 0.299213 -0.015748 -0.952756 
vn 0.299213 -0.015748 -0.952756 
vn 0.259843 0.779528 0.566929 
vn 0.259843 0.779528 0.566929 
vn 0.259843 0.779528 0.566929 
vn 0.259843 0.779528 0.566929 
vn 0.259843 0.779528 0.566929 
vn 0.259843 0.779528 0.566929 
vn -0.267717 0.952756 0.11811 
vn -0.267717 0.952756 0.11811 
vn -0.267717 0.952756 0.11811 
vn 0.173228 0.141732 -0.976378 
vn 0.173228 0.141732 -0.976378 
vn 0.173228 0.141732 -0.976378 
vn -0.913386 -0.283465 0.291339 
vn -0.913386 -0.283465 0.291339 
vn -0.913386 -0.283465 0.291339 
vn 0.165354 0.133858 -0.976378 
vn 0.165354 0.133858 -0.976378 
vn 0.165354 0.133858 -0.976378 
vn -0.283465 0.952756 0.110236 
vn -0.283465 0.952756 0.110236 
vn -0.283465 0.952756 0.110236 
vn -0.913386 -0.267717 0.307087 
vn -0.913386 -0.267717 0.307087 
vn -0.913386 -0.267717 0.307087 
vn -0.0944882 0.708661 -0.700787 
vn -0.0944882 0.708661 -0.700787 
vn -0.0944882 0.708661 -0.700787 
vn -0.0944882 0.708661 -0.700787 
vn -0.0944882 0.708661 -0.700787 
vn -0.0944882 0.708661 -0.700787 
vn -0.677165 0.149606 0.716535 
vn -0.677165 0.149606 0.716535 
vn -0.677165 0.149606 0.716535 
vn -0.125984 -0.0866142 -0.984252 
vn -0.125984 -0.0866142 -0.984252 
vn -0.125984 -0.0866142 -0.984252 
vn -0.125984 -0.0866142 -0.984252 
vn -0.125984 -0.0866142 -0.984252 
vn -0.125984 -0.0866142 -0.984252 
vn -0.96063 -0.275591 0.0787402 
vn -0.96063 -0.275591 0.0787402 
vn -0.96063 -0.275591 0.0787402 
vn -0.96063 -0.275591 0.0787402 
vn -0.96063 -0.275591 0.0787402 
vn -0.96063 -0.275591 0.0787402 
vn -0.125984 0.165354 -0.976378 
vn -0.125984 0.165354 -0.976378 
vn -0.125984 0.165354 -0.976378 
vn -0.125984 0.165354 -0.976378 
vn -0.125984 0.165354 -0.976378 
vn -0.125984 0.165354 -0.976378 
vn -0.299213 0.952756 -0.0708661 
vn -0.299213 0.952756 -0.0708661 
vn -0.299213 0.952756 -0.0708661 
vn -0.299213 0.952756 -0.0708661 
vn -0.299213 0.952756 -0.0708661 
vn -0.299213 0.952756 -0.0708661 
vn 0.181102 0.385827 -0.905512 
vn 0.181102 0.385827 -0.905512 
vn 0.181102 0.385827 -0.905512 
vn 0.173228 0.385827 -0.905512 
vn 0.173228 0.385827 -0.905512 
vn 0.173228 0.385827 -0.905512 
vn -0.692913 0.0472441 0.716535 
vn -0.692913 0.0472441 0.716535 
vn -0.692913 0.0472441 0.716535 
vn -0.692913 0.0472441 0.716535 
vn -0.692913 0.0472441 0.716535 
vn -0.692913 0.0472441 0.716535 
vn 0.0944882 0.795276 0.590551 
vn 0.0944882 0.795276 0.590551 
vn 0.0944882 0.795276 0.590551 
vn 0.0944882 0.795276 0.590551 
vn 0.0944882 0.795276 0.590551 
vn 0.0944882 0.795276 0.590551 
vn 0.464567 0.874016 -0.110236 
vn 0.464567 0.874016 -0.110236 
vn 0.464567 0.874016 -0.110236 
vn -0.598425 0.685039 0.409449 
vn -0.598425 0.685039 0.409449 
vn -0.598425 0.685039 0.409449 
vn -0.322835 0.905512 -0.275591 
vn -0.322835 0.905512 -0.275591 
vn -0.322835 0.905512 -0.275591 
vn -0.338583 0.905512 -0.259843 
vn -0.338583 0.905512 -0.259843 
vn -0.338583 0.905512 -0.259843 
vn -0.771654 0.141732 0.622047 
vn -0.771654 0.141732 0.622047 
vn -0.771654 0.141732 0.622047 
vn -0.732283 0.377953 0.566929 
vn -0.732283 0.377953 0.566929 
vn -0.732283 0.377953 0.566929 
vn -0.732283 0.377953 0.566929 
vn -0.732283 0.377953 0.566929 
vn -0.732283 0.377953 0.566929 
vn -0.125984 0.15748 -0.976378 
vn -0.125984 0.15748 -0.976378 
vn -0.125984 0.15748 -0.976378 
vn -0.125984 0.15748 -0.976378 
vn -0.125984 0.15748 -0.976378 
vn -0.125984 0.15748 -0.976378 
vn 0.220472 0.96063 0.173228 
vn 0.220472 0.96063 0.173228 
vn 0.220472 0.96063 0.173228 
vn 0.212598 0.96063 0.188976 
vn 0.212598 0.96063 0.188976 
vn 0.212598 0.96063 0.188976 
vn -0.362205 0.677165 -0.637795 
vn -0.362205 0.677165 -0.637795 
vn -0.362205 0.677165 -0.637795 
vn -0.362205 0.677165 -0.637795 
vn -0.362205 0.677165 -0.637795 
vn -0.362205 0.677165 -0.637795 
vn 0.212598 0.677165 -0.700787 
vn 0.212598 0.677165 -0.700787 
vn 0.212598 0.677165 -0.700787 
vn -0.409449 -0.0551181 -0.913386 
vn -0.409449 -0.0551181 -0.913386 
vn -0.409449 -0.0551181 -0.913386 
vn -0.669291 0.283465 0.685039 
vn -0.669291 0.283465 0.685039 
vn -0.669291 0.283465 0.685039 
vn -0.669291 0.283465 0.685039 
vn -0.669291 0.283465 0.685039 
vn -0.669291 0.283465 0.685039 
vn 0.19685 0.685039 -0.700787 
vn 0.19685 0.685039 -0.700787 
vn 0.19685 0.685039 -0.700787 
vn 0.188976 0.984252 -0.015748 
vn 0.188976 0.984252 -0.015748 
vn 0.188976 0.984252 -0.015748 
vn 0.188976 0.984252 -0.015748 
vn 0.188976 0.984252 -0.015748 
vn 0.188976 0.984252 -0.015748 
vn -0.173228 0.779528 0.598425 
vn -0.173228 0.779528 0.598425 
vn -0.173228 0.779528 0.598425 
vn -0.173228 0.779528 0.598425 
vn -0.173228 0.779528 0.598425 
vn -0.173228 0.779528 0.598425 
vn -0.724409 0.015748 -0.685039 
vn -0.724409 0.015748 -0.685039 
vn -0.724409 0.015748 -0.685039 
vn -0.464567 0.188976 -0.866142 
vn -0.464567 0.188976 -0.866142 
vn -0.464567 0.188976 -0.866142 
vn 0.251969 0.795276 -0.543307 
vn 0.251969 0.795276 -0.543307 
vn 0.251969 0.795276 -0.543307 
vn -0.480315 -0.0551181 -0.874016 
vn -0.480315 -0.0551181 -0.874016 
vn -0.480315 -0.0551181 -0.874016 
vn -0.732283 0.015748 -0.677165 
vn -0.732283 0.015748 -0.677165 
vn -0.732283 0.015748 -0.677165 
vn -0.480315 0.173228 -0.858268 
vn -0.480315 0.173228 -0.858268 
vn -0.480315 0.173228 -0.858268 
vn 0.23622 0.795276 -0.559055 
vn 0.23622 0.795276 -0.559055 
vn 0.23622 0.795276 -0.559055 
vn -0.11811 0.417323 -0.905512 
vn -0.11811 0.417323 -0.905512 
vn -0.11811 0.417323 -0.905512 
vn -0.11811 0.417323 -0.905512 
vn -0.11811 0.417323 -0.905512 
vn -0.11811 0.417323 -0.905512 
vn 0.291339 0.944882 -0.133858 
vn 0.291339 0.944882 -0.133858 
vn 0.291339 0.944882 -0.133858 
vn -0.700787 0.700787 0.133858 
vn -0.700787 0.700787 0.133858 
vn -0.700787 0.700787 0.133858 
vn -0.700787 0.700787 0.133858 
vn -0.700787 0.700787 0.133858 
vn -0.700787 0.700787 0.133858 
vn -0.401575 0.181102 -0.897638 
vn -0.401575 0.181102 -0.897638 
vn -0.401575 0.181102 -0.897638 
vn -0.661417 -0.125984 -0.740157 
vn -0.661417 -0.125984 -0.740157 
vn -0.661417 -0.125984 -0.740157 
vn -0.409449 0.173228 -0.897638 
vn -0.409449 0.173228 -0.897638 
vn -0.409449 0.173228 -0.897638 
vn 0.0472441 0.984252 0.188976 
vn 0.0472441 0.984252 0.188976 
vn 0.0472441 0.984252 0.188976 
vn 0.0472441 0.984252 0.188976 
vn 0.0472441 0.984252 0.188976 
vn 0.0472441 0.984252 0.188976 
vn -0.968504 -0.0708661 0.251969 
vn -0.968504 -0.0708661 0.251969 
vn -0.968504 -0.0708661 0.251969 
vn -0.661417 -0.133858 -0.740157 
vn -0.661417 -0.133858 -0.740157 
vn -0.661417 -0.133858 -0.740157 
vn -0.968504 -0.102362 0.212598 
vn -0.968504 -0.102362 0.212598 
vn -0.968504 -0.102362 0.212598 
vn -0.968504 -0.0629921 0.244094 
vn -0.968504 -0.0629921 0.244094 
vn -0.968504 -0.0629921 0.244094 
vn -0.976378 -0.0866142 0.212598 
vn -0.976378 -0.0866142 0.212598 
vn -0.976378 -0.0866142 0.212598 
vn -0.976378 -0.110236 0.165354 
vn -0.976378 -0.110236 0.165354 
vn -0.976378 -0.110236 0.165354 
vn -0.952756 -0.00787402 0.291339 
vn -0.952756 -0.00787402 0.291339 
vn -0.952756 -0.00787402 0.291339 
vn -0.952756 -0.00787402 0.291339 
vn -0.952756 -0.00787402 0.291339 
vn -0.952756 -0.00787402 0.291339 
vn -0.952756 0.0551181 0.299213 
vn -0.952756 0.0551181 0.299213 
vn -0.952756 0.0551181 0.299213 
vn -0.952756 0.0551181 0.299213 
vn -0.952756 0.0551181 0.299213 
vn -0.952756 0.0551181 0.299213 
vn -0.952756 0.0393701 0.307087 
vn -0.952756 0.0393701 0.307087 
vn -0.952756 0.0393701 0.307087 
vn -0.952756 0.0472441 0.299213 
vn -0.952756 0.0472441 0.299213 
vn -0.952756 0.0472441 0.299213 
vn -0.732283 0.685039 -0.00787402 
vn -0.732283 0.685039 -0.00787402 
vn -0.732283 0.685039 -0.00787402 
vn -0.732283 0.685039 -0.00787402 
vn -0.732283 0.685039 -0.00787402 
vn -0.732283 0.685039 -0.00787402 
vn 0.023622 1 -0.00787402 
vn 0.023622 1 -0.00787402 
vn 0.023622 1 -0.00787402 
vn 0.023622 1 -0.00787402 
vn 0.023622 1 -0.00787402 
vn 0.023622 1 -0.00787402 
vn -0.984252 -0.0629921 0.15748 
vn -0.984252 -0.0629921 0.15748 
vn -0.984252 -0.0629921 0.15748 
vn -0.535433 0.661417 0.527559 
vn -0.535433 0.661417 0.527559 
vn -0.535433 0.661417 0.527559 
vn -0.543307 -0.307087 -0.779528 
vn -0.543307 -0.307087 -0.779528 
vn -0.543307 -0.307087 -0.779528 
vn -0.944882 0.11811 0.299213 
vn -0.944882 0.11811 0.299213 
vn -0.944882 0.11811 0.299213 
vn -0.535433 -0.314961 -0.779528 
vn -0.535433 -0.314961 -0.779528 
vn -0.535433 -0.314961 -0.779528 
vn -0.740157 0.645669 -0.15748 
vn -0.740157 0.645669 -0.15748 
vn -0.740157 0.645669 -0.15748 
vn -0.748031 0.645669 -0.15748 
vn -0.748031 0.645669 -0.15748 
vn -0.748031 0.645669 -0.15748 
vn -0.716535 0.535433 -0.440945 
vn -0.716535 0.535433 -0.440945 
vn -0.716535 0.535433 -0.440945 
vn -0.385827 0.409449 -0.826772 
vn -0.385827 0.409449 -0.826772 
vn -0.385827 0.409449 -0.826772 
vn -0.0866142 0.716535 -0.692913 
vn -0.0866142 0.716535 -0.692913 
vn -0.0866142 0.716535 -0.692913 
vn -0.385827 0.409449 -0.826772 
vn -0.385827 0.409449 -0.826772 
vn -0.385827 0.409449 -0.826772 
vn -0.0866142 0.716535 -0.692913 
vn -0.0866142 0.716535 -0.692913 
vn -0.0866142 0.716535 -0.692913 
vn -0.992126 0.0551181 0.0787402 
vn -0.992126 0.0551181 0.0787402 
vn -0.992126 0.0551181 0.0787402 
vn -0.992126 0.0551181 0.0787402 
vn -0.992126 0.0551181 0.0787402 
vn -0.992126 0.0551181 0.0787402 
vn -0.92126 0.314961 0.228346 
vn -0.92126 0.314961 0.228346 
vn -0.92126 0.314961 0.228346 
vn -0.92126 0.330709 0.212598 
vn -0.92126 0.330709 0.212598 
vn -0.92126 0.330709 0.212598 
vn -0.96063 0.110236 0.251969 
vn -0.96063 0.110236 0.251969 
vn -0.96063 0.110236 0.251969 
vn -0.440945 -0.425197 -0.787402 
vn -0.440945 -0.425197 -0.787402 
vn -0.440945 -0.425197 -0.787402 
vn -0.448819 -0.425197 -0.787402 
vn -0.448819 -0.425197 -0.787402 
vn -0.448819 -0.425197 -0.787402 
vn -0.23622 0.944882 0.220472 
vn -0.23622 0.944882 0.220472 
vn -0.23622 0.944882 0.220472 
vn -0.818898 0.00787402 -0.574803 
vn -0.818898 0.00787402 -0.574803 
vn -0.818898 0.00787402 -0.574803 
vn -0.905512 0.299213 0.291339 
vn -0.905512 0.299213 0.291339 
vn -0.905512 0.299213 0.291339 
vn 0.377953 -0.015748 0.929134 
vn 0.377953 -0.015748 0.929134 
vn 0.377953 -0.015748 0.929134 
vn -0.251969 0.944882 0.204724 
vn -0.251969 0.944882 0.204724 
vn -0.251969 0.944882 0.204724 
vn 0.377953 -0.015748 0.92126 
vn 0.377953 -0.015748 0.92126 
vn 0.377953 -0.015748 0.92126 
vn -0.905512 0.314961 0.283465 
vn -0.905512 0.314961 0.283465 
vn -0.905512 0.314961 0.283465 
vn -0.0629921 0.84252 -0.535433 
vn -0.0629921 0.84252 -0.535433 
vn -0.0629921 0.84252 -0.535433 
vn -0.0629921 0.84252 -0.535433 
vn -0.0629921 0.84252 -0.535433 
vn -0.0629921 0.84252 -0.535433 
vn 0.377953 -0.015748 0.929134 
vn 0.377953 -0.015748 0.929134 
vn 0.377953 -0.015748 0.929134 
vn 0.377953 -0.015748 0.92126 
vn 0.377953 -0.015748 0.92126 
vn 0.377953 -0.015748 0.92126 
vn -0.338583 -0.527559 -0.779528 
vn -0.338583 -0.527559 -0.779528 
vn -0.338583 -0.527559 -0.779528 
vn -0.346457 -0.527559 -0.779528 
vn -0.346457 -0.527559 -0.779528 
vn -0.346457 -0.527559 -0.779528 
vn -0.858268 0.173228 -0.480315 
vn -0.858268 0.173228 -0.480315 
vn -0.858268 0.173228 -0.480315 
vn -0.858268 0.173228 -0.480315 
vn -0.858268 0.173228 -0.480315 
vn -0.858268 0.173228 -0.480315 
vn -0.952756 0.291339 0.0551181 
vn -0.952756 0.291339 0.0551181 
vn -0.952756 0.291339 0.0551181 
vn -0.952756 0.291339 0.0551181 
vn -0.952756 0.291339 0.0551181 
vn -0.952756 0.291339 0.0551181 
vn -0.992126 0.0787402 0.0866142 
vn -0.992126 0.0787402 0.0866142 
vn -0.992126 0.0787402 0.0866142 
vn -0.88189 0.023622 -0.472441 
vn -0.88189 0.023622 -0.472441 
vn -0.88189 0.023622 -0.472441 
vn -0.992126 0.0866142 0.0787402 
vn -0.992126 0.0866142 0.0787402 
vn -0.992126 0.0866142 0.0787402 
vn -0.992126 0.0866142 0.0787402 
vn -0.992126 0.0866142 0.0787402 
vn -0.992126 0.0866142 0.0787402 
vn -0.992126 0.0787402 0.0787402 
vn -0.992126 0.0787402 0.0787402 
vn -0.992126 0.0787402 0.0787402 
vn -0.992126 0.0787402 0.0787402 
vn -0.992126 0.0787402 0.0787402 
vn -0.992126 0.0787402 0.0787402 
vn -0.992126 0.0787402 0.0708661 
vn -0.992126 0.0787402 0.0708661 
vn -0.992126 0.0787402 0.0708661 
vn -0.992126 0.0866142 0.0787402 
vn -0.992126 0.0866142 0.0787402 
vn -0.992126 0.0866142 0.0787402 
vn -0.992126 0.0787402 0.0708661 
vn -0.992126 0.0787402 0.0708661 
vn -0.992126 0.0787402 0.0708661 
vn -0.992126 0.0866142 0.0787402 
vn -0.992126 0.0866142 0.0787402 
vn -0.992126 0.0866142 0.0787402 
vn -0.992126 0.0866142 0.0787402 
vn -0.992126 0.0866142 0.0787402 
vn -0.992126 0.0866142 0.0787402 
vn -0.992126 0.0944882 0.0787402 
vn -0.992126 0.0944882 0.0787402 
vn -0.992126 0.0944882 0.0787402 
vn -0.267717 0.96063 0.015748 
vn -0.267717 0.96063 0.015748 
vn -0.267717 0.96063 0.015748 
vn -0.267717 0.96063 0.015748 
vn -0.267717 0.96063 0.015748 
vn -0.267717 0.96063 0.015748 
vn -0.992126 0.0944882 0.0787402 
vn -0.992126 0.0944882 0.0787402 
vn -0.992126 0.0944882 0.0787402 
vn -0.23622 -0.606299 -0.76378 
vn -0.23622 -0.606299 -0.76378 
vn -0.23622 -0.606299 -0.76378 
vn -0.00787402 1 -0.0787402 
vn -0.00787402 1 -0.0787402 
vn -0.00787402 1 -0.0787402 
vn -0.00787402 1 -0.0787402 
vn -0.00787402 1 -0.0787402 
vn -0.00787402 1 -0.0787402 
vn -0.244094 -0.598425 -0.76378 
vn -0.244094 -0.598425 -0.76378 
vn -0.244094 -0.598425 -0.76378 
vn -0.952756 0.307087 0.0708661 
vn -0.952756 0.307087 0.0708661 
vn -0.952756 0.307087 0.0708661 
vn -0.952756 0.307087 0.0708661 
vn -0.952756 0.307087 0.0708661 
vn -0.952756 0.307087 0.0708661 
vn -0.80315 0.173228 -0.574803 
vn -0.80315 0.173228 -0.574803 
vn -0.80315 0.173228 -0.574803 
vn -0.811024 0.165354 -0.559055 
vn -0.811024 0.165354 -0.559055 
vn -0.811024 0.165354 -0.559055 
vn -0.96063 0.267717 -0.11811 
vn -0.96063 0.267717 -0.11811 
vn -0.96063 0.267717 -0.11811 
vn -0.96063 0.251969 -0.125984 
vn -0.96063 0.251969 -0.125984 
vn -0.96063 0.251969 -0.125984 
vn -0.133858 -0.669291 -0.732283 
vn -0.133858 -0.669291 -0.732283 
vn -0.133858 -0.669291 -0.732283 
vn -0.354331 0.692913 -0.629921 
vn -0.354331 0.692913 -0.629921 
vn -0.354331 0.692913 -0.629921 
vn -0.141732 -0.669291 -0.732283 
vn -0.141732 -0.669291 -0.732283 
vn -0.141732 -0.669291 -0.732283 
vn -0.370079 0.685039 -0.629921 
vn -0.370079 0.685039 -0.629921 
vn -0.370079 0.685039 -0.629921 
vn -0.992126 0.0787402 -0.102362 
vn -0.992126 0.0787402 -0.102362 
vn -0.992126 0.0787402 -0.102362 
vn -0.984252 0.0708661 -0.141732 
vn -0.984252 0.0708661 -0.141732 
vn -0.984252 0.0708661 -0.141732 
vn -0.0787402 -0.692913 -0.716535 
vn -0.0787402 -0.692913 -0.716535 
vn -0.0787402 -0.692913 -0.716535 
vn -0.645669 0.732283 0.220472 
vn -0.645669 0.732283 0.220472 
vn -0.645669 0.732283 0.220472 
vn -0.645669 0.732283 0.220472 
vn -0.645669 0.732283 0.220472 
vn -0.645669 0.732283 0.220472 
vn -0.0866142 -0.700787 -0.708661 
vn -0.0866142 -0.700787 -0.708661 
vn -0.0866142 -0.700787 -0.708661 
vn 0.708661 0 -0.708661 
vn 0.708661 0 -0.708661 
vn 0.708661 0 -0.708661 
vn -0.0393701 -0.708661 -0.700787 
vn -0.0393701 -0.708661 -0.700787 
vn -0.0393701 -0.708661 -0.700787 
vn -0.0393701 -0.716535 -0.700787 
vn -0.0393701 -0.716535 -0.700787 
vn -0.0393701 -0.716535 -0.700787 
vn -0.984252 0.125984 -0.141732 
vn -0.984252 0.125984 -0.141732 
vn -0.984252 0.125984 -0.141732 
vn -0.984252 0.125984 -0.149606 
vn -0.984252 0.125984 -0.149606 
vn -0.984252 0.125984 -0.149606 
vn 0.716535 0 -0.700787 
vn 0.716535 0 -0.700787 
vn 0.716535 0 -0.700787 
vn -0.00787402 -0.724409 -0.692913 
vn -0.00787402 -0.724409 -0.692913 
vn -0.00787402 -0.724409 -0.692913 
vn -0.00787402 -0.724409 -0.692913 
vn -0.00787402 -0.724409 -0.692913 
vn -0.00787402 -0.724409 -0.692913 
vn -0.976378 0.212598 0.0393701 
vn -0.976378 0.212598 0.0393701 
vn -0.976378 0.212598 0.0393701 
vn 0.645669 -0.141732 -0.748031 
vn 0.645669 -0.141732 -0.748031 
vn 0.645669 -0.141732 -0.748031 
vn 0.645669 -0.141732 -0.748031 
vn 0.645669 -0.141732 -0.748031 
vn 0.645669 -0.141732 -0.748031 
vn 0.023622 -0.724409 -0.685039 
vn 0.023622 -0.724409 -0.685039 
vn 0.023622 -0.724409 -0.685039 
vn -0.787402 0.322835 -0.519685 
vn -0.787402 0.322835 -0.519685 
vn -0.787402 0.322835 -0.519685 
vn -0.787402 0.322835 -0.519685 
vn -0.787402 0.322835 -0.519685 
vn -0.787402 0.322835 -0.519685 
vn 0.023622 -0.724409 -0.685039 
vn 0.023622 -0.724409 -0.685039 
vn 0.023622 -0.724409 -0.685039 
vn -0.976378 0.173228 -0.133858 
vn -0.976378 0.173228 -0.133858 
vn -0.976378 0.173228 -0.133858 
vn -0.976378 0.173228 -0.133858 
vn -0.976378 0.173228 -0.133858 
vn -0.976378 0.173228 -0.133858 
vn 0.0629921 -0.724409 -0.685039 
vn 0.0629921 -0.724409 -0.685039 
vn 0.0629921 -0.724409 -0.685039 
vn 0.0629921 -0.724409 -0.685039 
vn 0.0629921 -0.724409 -0.685039 
vn 0.0629921 -0.724409 -0.685039 
vn 0.19685 -0.661417 -0.724409 
vn 0.19685 -0.661417 -0.724409 
vn 0.19685 -0.661417 -0.724409 
vn 0.149606 -0.692913 -0.708661 
vn 0.149606 -0.692913 -0.708661 
vn 0.149606 -0.692913 -0.708661 
vn 0.0944882 -0.716535 -0.685039 
vn 0.0944882 -0.716535 -0.685039 
vn 0.0944882 -0.716535 -0.685039 
vn 0.11811 -0.708661 -0.692913 
vn 0.11811 -0.708661 -0.692913 
vn 0.11811 -0.708661 -0.692913 
vn -0.669291 0.740157 0.0472441 
vn -0.669291 0.740157 0.0472441 
vn -0.669291 0.740157 0.0472441 
vn -0.669291 0.740157 0.0472441 
vn -0.669291 0.740157 0.0472441 
vn -0.669291 0.740157 0.0472441 
vn 0.543307 -0.314961 -0.779528 
vn 0.543307 -0.314961 -0.779528 
vn 0.543307 -0.314961 -0.779528 
vn 0.0944882 -0.724409 -0.685039 
vn 0.0944882 -0.724409 -0.685039 
vn 0.0944882 -0.724409 -0.685039 
vn -0.346457 0.80315 -0.488189 
vn -0.346457 0.80315 -0.488189 
vn -0.346457 0.80315 -0.488189 
vn 0.11811 -0.708661 -0.692913 
vn 0.11811 -0.708661 -0.692913 
vn 0.11811 -0.708661 -0.692913 
vn 0.543307 -0.322835 -0.771654 
vn 0.543307 -0.322835 -0.771654 
vn 0.543307 -0.322835 -0.771654 
vn 0.283465 -0.598425 -0.748031 
vn 0.283465 -0.598425 -0.748031 
vn 0.283465 -0.598425 -0.748031 
vn 0.204724 -0.669291 -0.716535 
vn 0.204724 -0.669291 -0.716535 
vn 0.204724 -0.669291 -0.716535 
vn 0.15748 -0.692913 -0.700787 
vn 0.15748 -0.692913 -0.700787 
vn 0.15748 -0.692913 -0.700787 
vn 0.456693 -0.433071 -0.779528 
vn 0.456693 -0.433071 -0.779528 
vn 0.456693 -0.433071 -0.779528 
vn 0.370079 -0.527559 -0.76378 
vn 0.370079 -0.527559 -0.76378 
vn 0.370079 -0.527559 -0.76378 
vn 0.291339 -0.598425 -0.748031 
vn 0.291339 -0.598425 -0.748031 
vn 0.291339 -0.598425 -0.748031 
vn -0.968504 0.228346 -0.0866142 
vn -0.968504 0.228346 -0.0866142 
vn -0.968504 0.228346 -0.0866142 
vn 0.464567 -0.425197 -0.771654 
vn 0.464567 -0.425197 -0.771654 
vn 0.464567 -0.425197 -0.771654 
vn -0.362205 0.80315 -0.472441 
vn -0.362205 0.80315 -0.472441 
vn -0.362205 0.80315 -0.472441 
vn -0.968504 0.244094 -0.0551181 
vn -0.968504 0.244094 -0.0551181 
vn -0.968504 0.244094 -0.0551181 
vn 0.377953 -0.519685 -0.76378 
vn 0.377953 -0.519685 -0.76378 
vn 0.377953 -0.519685 -0.76378 
vn -0.968504 0.23622 -0.0944882 
vn -0.968504 0.23622 -0.0944882 
vn -0.968504 0.23622 -0.0944882 
vn -0.96063 0.291339 0.0314961 
vn -0.96063 0.291339 0.0314961 
vn -0.96063 0.291339 0.0314961 
vn -0.968504 0.251969 -0.0551181 
vn -0.968504 0.251969 -0.0551181 
vn -0.968504 0.251969 -0.0551181 
vn -0.299213 0.952756 -0.0866142 
vn -0.299213 0.952756 -0.0866142 
vn -0.299213 0.952756 -0.0866142 
vn -0.779528 0.496063 -0.393701 
vn -0.779528 0.496063 -0.393701 
vn -0.779528 0.496063 -0.393701 
vn -0.76378 0.511811 -0.393701 
vn -0.76378 0.511811 -0.393701 
vn -0.76378 0.511811 -0.393701 
vn -0.448819 0.889764 -0.0314961 
vn -0.448819 0.889764 -0.0314961 
vn -0.448819 0.889764 -0.0314961 
vn -0.858268 0.503937 -0.023622 
vn -0.858268 0.503937 -0.023622 
vn -0.858268 0.503937 -0.023622 
vn -0.779528 0.551181 -0.291339 
vn -0.779528 0.551181 -0.291339 
vn -0.779528 0.551181 -0.291339 
vn -0.755906 0.582677 -0.291339 
vn -0.755906 0.582677 -0.291339 
vn -0.755906 0.582677 -0.291339 
vn -0.732283 0.685039 -0.015748 
vn -0.732283 0.685039 -0.015748 
vn -0.732283 0.685039 -0.015748 
vn 0.779528 -0.015748 -0.629921 
vn 0.779528 -0.015748 -0.629921 
vn 0.779528 -0.015748 -0.629921 
vn 0.779528 -0.015748 -0.622047 
vn 0.779528 -0.015748 -0.622047 
vn 0.779528 -0.015748 -0.622047 
vn 0.779528 -0.015748 -0.629921 
vn 0.779528 -0.015748 -0.629921 
vn 0.779528 -0.015748 -0.629921 
vn 0.779528 -0.015748 -0.622047 
vn 0.779528 -0.015748 -0.622047 
vn 0.779528 -0.015748 -0.622047 
vn 0.818898 -0.015748 0.566929 
vn 0.818898 -0.015748 0.566929 
vn 0.818898 -0.015748 0.566929 
vn 0.826772 -0.00787402 0.566929 
vn 0.826772 -0.00787402 0.566929 
vn 0.826772 -0.00787402 0.566929 
vn 0.818898 -0.015748 0.566929 
vn 0.818898 -0.015748 0.566929 
vn 0.818898 -0.015748 0.566929 
vn 0.826772 -0.00787402 0.566929 
vn 0.826772 -0.00787402 0.566929 
vn 0.826772 -0.00787402 0.566929 
vn -0.0472441 1 0 
vn -0.0472441 1 0 
vn -0.0472441 1 0 
vn -0.0472441 1 0 
vn -0.0472441 1 0 
vn -0.0472441 1 0 
vn -0.0472441 1 0 
vn -0.0472441 1 0 
vn -0.0472441 1 0 
vn -0.0472441 1 0 
vn -0.0472441 1 0 
vn -0.0472441 1 0 
vn -0.0472441 1 0 
vn -0.0472441 1 0 
vn -0.0472441 1 0 
vn -0.0472441 1 0 
vn -0.0472441 1 0 
vn -0.0472441 1 0 
vn -0.0472441 1 0 
vn -0.0472441 1 0 
vn -0.0472441 1 0 
vn -0.0472441 1 0 
vn -0.0472441 1 0 
vn -0.0472441 1 0 
vn -0.0472441 1 0 
vn -0.0472441 1 0 
vn -0.0472441 1 0 
vn -0.0472441 1 0 
vn -0.0472441 1 0 
vn -0.0472441 1 0 
vn -0.0472441 1 0 
vn -0.0472441 1 0 
vn -0.0472441 1 0 
vn -0.0472441 1 0 
vn -0.0472441 1 0 
vn -0.0472441 1 0 
vn -0.023622 0.748031 -0.669291 
vn -0.023622 0.748031 -0.669291 
vn -0.023622 0.748031 -0.669291 
vn -0.0314961 0.748031 -0.661417 
vn -0.0314961 0.748031 -0.661417 
vn -0.0314961 0.748031 -0.661417 
vn -0.023622 0.748031 -0.661417 
vn -0.023622 0.748031 -0.661417 
vn -0.023622 0.748031 -0.661417 
vn -0.0314961 0.755906 -0.653543 
vn -0.0314961 0.755906 -0.653543 
vn -0.0314961 0.755906 -0.653543 
vn 0.976378 -0.00787402 -0.228346 
vn 0.976378 -0.00787402 -0.228346 
vn 0.976378 -0.00787402 -0.228346 
vn 0.976378 -0.00787402 -0.228346 
vn 0.976378 -0.00787402 -0.228346 
vn 0.976378 -0.00787402 -0.228346 
vn 0.976378 -0.00787402 -0.228346 
vn 0.976378 -0.00787402 -0.228346 
vn 0.976378 -0.00787402 -0.228346 
vn 0.976378 -0.00787402 -0.228346 
vn 0.976378 -0.00787402 -0.228346 
vn 0.976378 -0.00787402 -0.228346 
vn 0.984252 -0.00787402 0.165354 
vn 0.984252 -0.00787402 0.165354 
vn 0.984252 -0.00787402 0.165354 
vn 0.984252 -0.00787402 0.165354 
vn 0.984252 -0.00787402 0.165354 
vn 0.984252 -0.00787402 0.165354 
vn 0.984252 -0.00787402 0.165354 
vn 0.984252 -0.00787402 0.165354 
vn 0.984252 -0.00787402 0.165354 
vn 0.984252 -0.00787402 0.165354 
vn 0.984252 -0.00787402 0.165354 
vn 0.984252 -0.00787402 0.165354 

vt 0.87207 0.363281 
vt 0.864258 0.365234 
vt 0.864258 0.257812 
vt 0.864258 0.257812 
vt 0.876465 0.359863 
vt 0.87207 0.363281 
vt 0.876465 0.359863 
vt 0.864258 0.257812 
vt 0.879883 0.355469 
vt 0.879883 0.355469 
vt 0.864258 0.257812 
vt 0.882324 0.350098 
vt 0.882324 0.350098 
vt 0.864258 0.257812 
vt 0.884277 0.34375 
vt 0.884277 0.34375 
vt 0.864258 0.257812 
vt 0.885254 0.32959 
vt 0.885254 0.32959 
vt 0.864258 0.257812 
vt 0.886719 0.3125 
vt 0.886719 0.3125 
vt 0.864258 0.257812 
vt 0.887695 0.294922 
vt 0.887695 0.294922 
vt 0.864258 0.257812 
vt 0.888184 0.275879 
vt 0.888184 0.275879 
vt 0.864258 0.257812 
vt 0.888672 0.257812 
vt 0.888184 0.240234 
vt 0.888672 0.257812 
vt 0.864258 0.257812 
vt 0.887695 0.220703 
vt 0.888184 0.240234 
vt 0.864258 0.257812 
vt 0.886719 0.203125 
vt 0.887695 0.220703 
vt 0.864258 0.257812 
vt 0.885254 0.186035 
vt 0.886719 0.203125 
vt 0.864258 0.257812 
vt 0.882324 0.165527 
vt 0.884277 0.171875 
vt 0.864258 0.257812 
vt 0.879883 0.160156 
vt 0.882324 0.165527 
vt 0.864258 0.257812 
vt 0.876465 0.155762 
vt 0.879883 0.160156 
vt 0.864258 0.257812 
vt 0.864258 0.257812 
vt 0.87207 0.152832 
vt 0.876465 0.155762 
vt 0.87207 0.152832 
vt 0.864258 0.257812 
vt 0.864258 0.150391 
vt 0.884277 0.171875 
vt 0.885254 0.186035 
vt 0.864258 0.257812 
vt 0.0279541 0.916748 
vt 0.0253143 0.926025 
vt 0.0214233 0.920532 
vt 0.0279541 0.916748 
vt 0.0214233 0.920532 
vt 0.0185852 0.914612 
vt 0.0253143 0.926025 
vt 0.0279541 0.916748 
vt 0.0310974 0.920166 
vt 0.0279541 0.916748 
vt 0.0185852 0.914612 
vt 0.0259399 0.91272 
vt 0.0310974 0.920166 
vt 0.0304871 0.931091 
vt 0.0253143 0.926025 
vt 0.0304871 0.931091 
vt 0.0310974 0.920166 
vt 0.0354614 0.923584 
vt 0.0279541 0.916748 
vt 0.0304413 0.915344 
vt 0.0310974 0.920166 
vt 0.0304413 0.915344 
vt 0.0279541 0.916748 
vt 0.0259399 0.91272 
vt 0.0354614 0.923584 
vt 0.0372925 0.935913 
vt 0.0304871 0.931091 
vt 0.0372925 0.935913 
vt 0.0354614 0.923584 
vt 0.041626 0.927185 
vt 0.0241089 0.904907 
vt 0.0185852 0.914612 
vt 0.0164185 0.905212 
vt 0.246338 0.940369 
vt 0.244019 0.93103 
vt 0.250244 0.935242 
vt 0.246338 0.940369 
vt 0.240967 0.944855 
vt 0.240845 0.934082 
vt 0.244019 0.93103 
vt 0.246338 0.940369 
vt 0.240845 0.934082 
vt 0.0185852 0.914612 
vt 0.0241089 0.904907 
vt 0.0259399 0.91272 
vt 0.0310974 0.920166 
vt 0.0304413 0.915344 
vt 0.0331421 0.916809 
vt 0.240967 0.944855 
vt 0.23645 0.937012 
vt 0.240845 0.934082 
vt 0.335449 0.696777 
vt 0.337646 0.651611 
vt 0.335938 0.651367 
vt 0.337646 0.651611 
vt 0.335449 0.696777 
vt 0.337402 0.696777 
vt 0.0259399 0.91272 
vt 0.0300446 0.912476 
vt 0.0304413 0.915344 
vt 0.334961 0.648926 
vt 0.331543 0.648193 
vt 0.333984 0.650635 
vt 0.334717 0.647217 
vt 0.331543 0.648193 
vt 0.334961 0.648926 
vt 0.333984 0.650635 
vt 0.331543 0.648193 
vt 0.33252 0.651367 
vt 0.333984 0.645752 
vt 0.331543 0.648193 
vt 0.334717 0.647217 
vt 0.33252 0.651367 
vt 0.331543 0.648193 
vt 0.330566 0.651367 
vt 0.332275 0.644775 
vt 0.331543 0.648193 
vt 0.333984 0.645752 
vt 0.330566 0.651367 
vt 0.331543 0.648193 
vt 0.329102 0.650635 
vt 0.330322 0.64502 
vt 0.331543 0.648193 
vt 0.332275 0.644775 
vt 0.329102 0.650635 
vt 0.331543 0.648193 
vt 0.328125 0.64917 
vt 0.328857 0.645752 
vt 0.331543 0.648193 
vt 0.330322 0.64502 
vt 0.328125 0.64917 
vt 0.331543 0.648193 
vt 0.327881 0.647217 
vt 0.327881 0.647217 
vt 0.331543 0.648193 
vt 0.328857 0.645752 
vt 0.240967 0.944855 
vt 0.233887 0.948914 
vt 0.23645 0.937012 
vt 0.335449 0.696777 
vt 0.337646 0.651611 
vt 0.335938 0.651367 
vt 0.337646 0.651611 
vt 0.335449 0.696777 
vt 0.337402 0.696777 
vt 0.233887 0.948914 
vt 0.230225 0.93988 
vt 0.23645 0.937012 
vt 0.0535889 0.943878 
vt 0.041626 0.927185 
vt 0.0571899 0.933594 
vt 0.0310974 0.920166 
vt 0.0331421 0.916809 
vt 0.0354614 0.923584 
vt 0.041626 0.927185 
vt 0.0535889 0.943878 
vt 0.0372925 0.935913 
vt 0.244019 0.93103 
vt 0.253418 0.929504 
vt 0.250244 0.935242 
vt 0.0730591 0.950653 
vt 0.0571899 0.933594 
vt 0.0761108 0.938995 
vt 0.230225 0.93988 
vt 0.217285 0.954803 
vt 0.2146 0.944336 
vt 0.0571899 0.933594 
vt 0.0730591 0.950653 
vt 0.0535889 0.943878 
vt 0.0932007 0.955719 
vt 0.0761108 0.938995 
vt 0.0956421 0.942993 
vt 0.244019 0.93103 
vt 0.240845 0.934082 
vt 0.241577 0.929443 
vt 0.217285 0.954803 
vt 0.230225 0.93988 
vt 0.233887 0.948914 
vt 0.253418 0.929504 
vt 0.244019 0.93103 
vt 0.246094 0.927185 
vt 0.0761108 0.938995 
vt 0.0932007 0.955719 
vt 0.0730591 0.950653 
vt 0.114929 0.959564 
vt 0.0956421 0.942993 
vt 0.116577 0.945953 
vt 0.2146 0.944336 
vt 0.197632 0.959167 
vt 0.195679 0.947327 
vt 0.0354614 0.923584 
vt 0.0331421 0.916809 
vt 0.037384 0.919128 
vt 0.0956421 0.942993 
vt 0.114929 0.959564 
vt 0.0932007 0.955719 
vt 0.135132 0.9617 
vt 0.116577 0.945953 
vt 0.135864 0.947784 
vt 0.116577 0.945953 
vt 0.135132 0.9617 
vt 0.114929 0.959564 
vt 0.195679 0.947327 
vt 0.177246 0.961609 
vt 0.176147 0.948669 
vt 0.335449 0.696777 
vt 0.334229 0.651367 
vt 0.333252 0.696777 
vt 0.334229 0.651367 
vt 0.335449 0.696777 
vt 0.335938 0.651367 
vt 0.155273 0.9487 
vt 0.135132 0.9617 
vt 0.135864 0.947784 
vt 0.135132 0.9617 
vt 0.155273 0.9487 
vt 0.155396 0.962433 
vt 0.176147 0.948669 
vt 0.155396 0.962433 
vt 0.155273 0.9487 
vt 0.197632 0.959167 
vt 0.2146 0.944336 
vt 0.217285 0.954803 
vt 0.155396 0.962433 
vt 0.176147 0.948669 
vt 0.177246 0.961609 
vt 0.177246 0.961609 
vt 0.195679 0.947327 
vt 0.197632 0.959167 
vt 0.335449 0.696777 
vt 0.334229 0.651367 
vt 0.333252 0.696777 
vt 0.334229 0.651367 
vt 0.335449 0.696777 
vt 0.335938 0.651367 
vt 0.0164185 0.905212 
vt 0.0241699 0.606689 
vt 0.0241089 0.904907 
vt 0.240845 0.934082 
vt 0.238892 0.930664 
vt 0.241577 0.929443 
vt 0.0241699 0.606689 
vt 0.0164185 0.905212 
vt 0.0164185 0.606689 
vt 0.041626 0.927185 
vt 0.0354614 0.923584 
vt 0.037384 0.919128 
vt 0.240845 0.934082 
vt 0.23645 0.937012 
vt 0.238892 0.930664 
vt 0.241577 0.929443 
vt 0.246094 0.927185 
vt 0.244019 0.93103 
vt 0.041626 0.927185 
vt 0.037384 0.919128 
vt 0.0433655 0.921997 
vt 0.0259399 0.91272 
vt 0.0292816 0.905273 
vt 0.0300446 0.912476 
vt 0.0292816 0.905273 
vt 0.0259399 0.91272 
vt 0.0241089 0.904907 
vt 0.23645 0.937012 
vt 0.234619 0.932434 
vt 0.238892 0.930664 
vt 0.0304413 0.915344 
vt 0.0340576 0.913208 
vt 0.0331421 0.916809 
vt 0.0340576 0.913208 
vt 0.0304413 0.915344 
vt 0.0300446 0.912476 
vt 0.23645 0.937012 
vt 0.230225 0.93988 
vt 0.234619 0.932434 
vt 0.0571899 0.933594 
vt 0.041626 0.927185 
vt 0.0433655 0.921997 
vt 0.337402 0.696777 
vt 0.3396 0.651611 
vt 0.337646 0.651611 
vt 0.3396 0.651611 
vt 0.337402 0.696777 
vt 0.3396 0.697021 
vt 0.0571899 0.933594 
vt 0.0433655 0.921997 
vt 0.0585327 0.927917 
vt 0.228638 0.934631 
vt 0.234619 0.932434 
vt 0.230225 0.93988 
vt 0.337402 0.696777 
vt 0.3396 0.651611 
vt 0.337646 0.651611 
vt 0.3396 0.651611 
vt 0.337402 0.696777 
vt 0.3396 0.697021 
vt 0.246094 0.927185 
vt 0.241577 0.929443 
vt 0.242065 0.926575 
vt 0.0761108 0.938995 
vt 0.0585327 0.927917 
vt 0.0770874 0.933228 
vt 0.0585327 0.927917 
vt 0.0761108 0.938995 
vt 0.0571899 0.933594 
vt 0.253418 0.929504 
vt 0.248169 0.919312 
vt 0.255859 0.919861 
vt 0.0331421 0.916809 
vt 0.0387573 0.914673 
vt 0.037384 0.919128 
vt 0.230225 0.93988 
vt 0.2146 0.944336 
vt 0.228638 0.934631 
vt 0.0770874 0.933228 
vt 0.0956421 0.942993 
vt 0.0761108 0.938995 
vt 0.0956421 0.942993 
vt 0.0770874 0.933228 
vt 0.0963135 0.937195 
vt 0.0387573 0.914673 
vt 0.0331421 0.916809 
vt 0.0340576 0.913208 
vt 0.213501 0.938629 
vt 0.228638 0.934631 
vt 0.2146 0.944336 
vt 0.248169 0.919312 
vt 0.253418 0.929504 
vt 0.246094 0.927185 
vt 0.0963135 0.937195 
vt 0.116577 0.945953 
vt 0.0956421 0.942993 
vt 0.116577 0.945953 
vt 0.0963135 0.937195 
vt 0.116943 0.940125 
vt 0.213501 0.938629 
vt 0.195679 0.947327 
vt 0.194946 0.941467 
vt 0.195679 0.947327 
vt 0.213501 0.938629 
vt 0.2146 0.944336 
vt 0.834961 0.609131 
vt 0.924805 0.609619 
vt 0.918457 0.615967 
vt 0.0241089 0.904907 
vt 0.0297699 0.606689 
vt 0.0292816 0.905273 
vt 0.0297699 0.606689 
vt 0.0241089 0.904907 
vt 0.0241699 0.606689 
vt 0.116943 0.940125 
vt 0.135864 0.947784 
vt 0.116577 0.945953 
vt 0.135864 0.947784 
vt 0.116943 0.940125 
vt 0.136108 0.941956 
vt 0.918457 0.615967 
vt 0.834961 0.615723 
vt 0.834961 0.609131 
vt 0.751465 0.621338 
vt 0.834961 0.609131 
vt 0.834961 0.615723 
vt 0.194946 0.941467 
vt 0.176147 0.948669 
vt 0.175781 0.942841 
vt 0.176147 0.948669 
vt 0.194946 0.941467 
vt 0.195679 0.947327 
vt 0.155151 0.942871 
vt 0.135864 0.947784 
vt 0.136108 0.941956 
vt 0.135864 0.947784 
vt 0.155151 0.942871 
vt 0.155273 0.9487 
vt 0.175781 0.942841 
vt 0.155273 0.9487 
vt 0.155151 0.942871 
vt 0.155273 0.9487 
vt 0.175781 0.942841 
vt 0.176147 0.948669 
vt 0.834961 0.609131 
vt 0.751465 0.621338 
vt 0.745605 0.615234 
vt 0.326172 0.903625 
vt 0.322754 0.908508 
vt 0.31958 0.905701 
vt 0.31958 0.905701 
vt 0.324219 0.901672 
vt 0.326172 0.903625 
vt 0.325928 0.900635 
vt 0.327393 0.901733 
vt 0.326172 0.903625 
vt 0.326172 0.903625 
vt 0.324219 0.901672 
vt 0.325928 0.900635 
vt 0.0447998 0.916931 
vt 0.037384 0.919128 
vt 0.0387573 0.914673 
vt 0.037384 0.919128 
vt 0.0447998 0.916931 
vt 0.0433655 0.921997 
vt 0.241577 0.929443 
vt 0.238892 0.930664 
vt 0.238037 0.926941 
vt 0.238037 0.926941 
vt 0.242065 0.926575 
vt 0.241577 0.929443 
vt 0.328857 0.905029 
vt 0.326416 0.910522 
vt 0.322754 0.908508 
vt 0.322754 0.908508 
vt 0.326172 0.903625 
vt 0.328857 0.905029 
vt 0.327393 0.901733 
vt 0.32959 0.902649 
vt 0.328857 0.905029 
vt 0.233276 0.927917 
vt 0.238892 0.930664 
vt 0.234619 0.932434 
vt 0.0343628 0.906006 
vt 0.0300446 0.912476 
vt 0.0292816 0.905273 
vt 0.327393 0.901733 
vt 0.328857 0.905029 
vt 0.326172 0.903625 
vt 0.0300446 0.912476 
vt 0.0343628 0.906006 
vt 0.0340576 0.913208 
vt 0.238892 0.930664 
vt 0.233276 0.927917 
vt 0.238037 0.926941 
vt 0.0447998 0.916931 
vt 0.0596313 0.922302 
vt 0.0433655 0.921997 
vt 0.0585327 0.927917 
vt 0.0433655 0.921997 
vt 0.0596313 0.922302 
vt 0.227295 0.929443 
vt 0.234619 0.932434 
vt 0.228638 0.934631 
vt 0.234619 0.932434 
vt 0.227295 0.929443 
vt 0.233276 0.927917 
vt 0.327393 0.901733 
vt 0.325928 0.900635 
vt 0.327637 0.90033 
vt 0.0596313 0.922302 
vt 0.0778198 0.927429 
vt 0.0585327 0.927917 
vt 0.0770874 0.933228 
vt 0.0585327 0.927917 
vt 0.0778198 0.927429 
vt 0.246094 0.927185 
vt 0.242798 0.91925 
vt 0.248169 0.919312 
vt 0.325928 0.900635 
vt 0.322754 0.899353 
vt 0.324951 0.898682 
vt 0.31958 0.905701 
vt 0.322754 0.899353 
vt 0.324219 0.901672 
vt 0.322754 0.899353 
vt 0.31958 0.905701 
vt 0.317383 0.902527 
vt 0.242798 0.91925 
vt 0.246094 0.927185 
vt 0.242065 0.926575 
vt 0.33252 0.651367 
vt 0.333252 0.696777 
vt 0.334229 0.651367 
vt 0.322754 0.899353 
vt 0.325928 0.900635 
vt 0.324219 0.901672 
vt 0.333252 0.696777 
vt 0.33252 0.651367 
vt 0.331299 0.696777 
vt 0.244141 0.607666 
vt 0.255859 0.919861 
vt 0.248169 0.919312 
vt 0.335693 0.73584 
vt 0.338379 0.720703 
vt 0.338135 0.736572 
vt 0.255859 0.919861 
vt 0.244141 0.607666 
vt 0.251953 0.607666 
vt 0.326416 0.910522 
vt 0.353516 0.905151 
vt 0.356445 0.910522 
vt 0.353516 0.905151 
vt 0.326416 0.910522 
vt 0.328857 0.905029 
vt 0.328857 0.905029 
vt 0.352539 0.902832 
vt 0.353516 0.905151 
vt 0.352539 0.902832 
vt 0.328857 0.905029 
vt 0.32959 0.902649 
vt 0.0778198 0.927429 
vt 0.0967407 0.931335 
vt 0.0770874 0.933228 
vt 0.0963135 0.937195 
vt 0.0770874 0.933228 
vt 0.0967407 0.931335 
vt 0.338379 0.720703 
vt 0.335693 0.73584 
vt 0.334961 0.71875 
vt 0.33252 0.651367 
vt 0.333252 0.696777 
vt 0.334229 0.651367 
vt 0.333252 0.696777 
vt 0.33252 0.651367 
vt 0.331299 0.696777 
vt 0.228638 0.934631 
vt 0.213501 0.938629 
vt 0.212402 0.932983 
vt 0.228638 0.934631 
vt 0.212402 0.932983 
vt 0.227295 0.929443 
vt 0.0967407 0.931335 
vt 0.117188 0.934326 
vt 0.0963135 0.937195 
vt 0.116943 0.940125 
vt 0.0963135 0.937195 
vt 0.117188 0.934326 
vt 0.336182 0.741943 
vt 0.338135 0.736572 
vt 0.338379 0.742676 
vt 0.338135 0.736572 
vt 0.336182 0.741943 
vt 0.335693 0.73584 
vt 0.213501 0.938629 
vt 0.194946 0.941467 
vt 0.194336 0.93573 
vt 0.213501 0.938629 
vt 0.194336 0.93573 
vt 0.212402 0.932983 
vt 0.0353699 0.606689 
vt 0.0292816 0.905273 
vt 0.0297699 0.606689 
vt 0.117188 0.934326 
vt 0.136108 0.936218 
vt 0.116943 0.940125 
vt 0.136108 0.941956 
vt 0.116943 0.940125 
vt 0.136108 0.936218 
vt 0.194946 0.941467 
vt 0.175781 0.942841 
vt 0.175415 0.937012 
vt 0.194946 0.941467 
vt 0.175415 0.937012 
vt 0.194336 0.93573 
vt 0.155029 0.937073 
vt 0.136108 0.941956 
vt 0.136108 0.936218 
vt 0.136108 0.941956 
vt 0.155029 0.937073 
vt 0.155151 0.942871 
vt 0.0292816 0.905273 
vt 0.0353699 0.606689 
vt 0.0343628 0.906006 
vt 0.175415 0.937012 
vt 0.155151 0.942871 
vt 0.155029 0.937073 
vt 0.155151 0.942871 
vt 0.175415 0.937012 
vt 0.175781 0.942841 
vt 0.333496 0.735352 
vt 0.33252 0.718018 
vt 0.334961 0.71875 
vt 0.338379 0.742676 
vt 0.336426 0.748047 
vt 0.336182 0.741943 
vt 0.336426 0.748047 
vt 0.338379 0.742676 
vt 0.338379 0.748535 
vt 0.327637 0.90033 
vt 0.32959 0.902649 
vt 0.327393 0.901733 
vt 0.32959 0.902649 
vt 0.327637 0.90033 
vt 0.329834 0.900452 
vt 0.334961 0.71875 
vt 0.335693 0.73584 
vt 0.333496 0.735352 
vt 0.338379 0.742676 
vt 0.340576 0.737793 
vt 0.340332 0.743408 
vt 0.338135 0.736572 
vt 0.342041 0.723633 
vt 0.340576 0.737793 
vt 0.340576 0.737793 
vt 0.338379 0.742676 
vt 0.338135 0.736572 
vt 0.338379 0.748535 
vt 0.340332 0.743408 
vt 0.340332 0.749023 
vt 0.340332 0.743408 
vt 0.338379 0.748535 
vt 0.338379 0.742676 
vt 0.0397339 0.907166 
vt 0.0340576 0.913208 
vt 0.0343628 0.906006 
vt 0.356445 0.910522 
vt 0.355957 0.903687 
vt 0.359863 0.908142 
vt 0.355957 0.903687 
vt 0.356445 0.910522 
vt 0.353516 0.905151 
vt 0.353516 0.905151 
vt 0.354736 0.901978 
vt 0.355957 0.903687 
vt 0.342041 0.723633 
vt 0.338135 0.736572 
vt 0.338379 0.720703 
vt 0.0340576 0.913208 
vt 0.0397339 0.907166 
vt 0.0387573 0.914673 
vt 0.338623 0.75415 
vt 0.340332 0.749023 
vt 0.340576 0.754395 
vt 0.338623 0.75415 
vt 0.338379 0.748535 
vt 0.340332 0.749023 
vt 0.354736 0.901978 
vt 0.353516 0.905151 
vt 0.352539 0.902832 
vt 0.336914 0.754028 
vt 0.338379 0.748535 
vt 0.338623 0.75415 
vt 0.336914 0.754028 
vt 0.336426 0.748047 
vt 0.338379 0.748535 
vt 0.333984 0.741699 
vt 0.333496 0.735352 
vt 0.335693 0.73584 
vt 0.914062 0.891235 
vt 0.915527 0.899414 
vt 0.910156 0.894226 
vt 0.916992 0.887695 
vt 0.919922 0.89624 
vt 0.914062 0.891235 
vt 0.910156 0.894226 
vt 0.910156 0.902283 
vt 0.905273 0.896851 
vt 0.919922 0.89624 
vt 0.916992 0.887695 
vt 0.922852 0.892456 
vt 0.925293 0.888123 
vt 0.922852 0.892456 
vt 0.916992 0.887695 
vt 0.335693 0.73584 
vt 0.336182 0.741943 
vt 0.333984 0.741699 
vt 0.915527 0.899414 
vt 0.914062 0.891235 
vt 0.919922 0.89624 
vt 0.339111 0.760376 
vt 0.338623 0.75415 
vt 0.340576 0.754395 
vt 0.905273 0.896851 
vt 0.897461 0.906616 
vt 0.893066 0.90094 
vt 0.910156 0.902283 
vt 0.910156 0.894226 
vt 0.915527 0.899414 
vt 0.919434 0.883545 
vt 0.925293 0.888123 
vt 0.916992 0.887695 
vt 0.340576 0.754395 
vt 0.34082 0.760254 
vt 0.339111 0.760376 
vt 0.893066 0.90094 
vt 0.882324 0.910461 
vt 0.878906 0.904602 
vt 0.878906 0.904602 
vt 0.866699 0.913513 
vt 0.864258 0.907471 
vt 0.927246 0.880432 
vt 0.918457 0.615967 
vt 0.924805 0.609619 
vt 0.927246 0.880432 
vt 0.925293 0.888123 
vt 0.919434 0.883545 
vt 0.864258 0.907471 
vt 0.849609 0.916077 
vt 0.848633 0.909912 
vt 0.866699 0.913513 
vt 0.878906 0.904602 
vt 0.882324 0.910461 
vt 0.882324 0.910461 
vt 0.893066 0.90094 
vt 0.897461 0.906616 
vt 0.897461 0.906616 
vt 0.905273 0.896851 
vt 0.910156 0.902283 
vt 0.919434 0.883545 
vt 0.920898 0.876282 
vt 0.927246 0.880432 
vt 0.849609 0.916077 
vt 0.864258 0.907471 
vt 0.866699 0.913513 
vt 0.849609 0.916077 
vt 0.833984 0.917725 
vt 0.833984 0.911438 
vt 0.849609 0.916077 
vt 0.833984 0.911438 
vt 0.848633 0.909912 
vt 0.324951 0.898682 
vt 0.327637 0.90033 
vt 0.325928 0.900635 
vt 0.327637 0.90033 
vt 0.324951 0.898682 
vt 0.327393 0.898315 
vt 0.238647 0.607666 
vt 0.248169 0.919312 
vt 0.242798 0.91925 
vt 0.819336 0.912109 
vt 0.833984 0.917725 
vt 0.818359 0.918457 
vt 0.833984 0.917725 
vt 0.819336 0.912109 
vt 0.833984 0.911438 
vt 0.248169 0.919312 
vt 0.238647 0.607666 
vt 0.244141 0.607666 
vt 0.918457 0.615967 
vt 0.927246 0.880432 
vt 0.920898 0.876282 
vt 0.818359 0.918457 
vt 0.803711 0.912109 
vt 0.819336 0.912109 
vt 0.803711 0.912109 
vt 0.818359 0.918457 
vt 0.80127 0.918457 
vt 0.352295 0.900696 
vt 0.32959 0.902649 
vt 0.329834 0.900452 
vt 0.32959 0.902649 
vt 0.352295 0.900696 
vt 0.352539 0.902832 
vt 0.238037 0.926941 
vt 0.237671 0.919556 
vt 0.242065 0.926575 
vt 0.80127 0.918457 
vt 0.789062 0.911316 
vt 0.803711 0.912109 
vt 0.242065 0.926575 
vt 0.237671 0.919556 
vt 0.242798 0.91925 
vt 0.789062 0.911316 
vt 0.80127 0.918457 
vt 0.785645 0.917664 
vt 0.338867 0.823364 
vt 0.339111 0.760376 
vt 0.34082 0.760254 
vt 0.34082 0.760254 
vt 0.340576 0.823975 
vt 0.338867 0.823364 
vt 0.785645 0.917664 
vt 0.774902 0.909729 
vt 0.789062 0.911316 
vt 0.774902 0.909729 
vt 0.785645 0.917664 
vt 0.770508 0.916016 
vt 0.338623 0.75415 
vt 0.339111 0.760376 
vt 0.337158 0.760376 
vt 0.337158 0.760376 
vt 0.336914 0.754028 
vt 0.338623 0.75415 
vt 0.770508 0.916016 
vt 0.762695 0.907288 
vt 0.774902 0.909729 
vt 0.762695 0.907288 
vt 0.770508 0.916016 
vt 0.757812 0.913391 
vt 0.338379 0.824707 
vt 0.340576 0.823975 
vt 0.3396 0.825439 
vt 0.340576 0.823975 
vt 0.338379 0.824707 
vt 0.338867 0.823364 
vt 0.334473 0.748047 
vt 0.333984 0.741699 
vt 0.336182 0.741943 
vt 0.347168 0.727783 
vt 0.340576 0.737793 
vt 0.342041 0.723633 
vt 0.336182 0.741943 
vt 0.336426 0.748047 
vt 0.334473 0.748047 
vt 0.325439 0.853882 
vt 0.324951 0.898682 
vt 0.322754 0.899353 
vt 0.322754 0.899353 
vt 0.322998 0.853149 
vt 0.325439 0.853882 
vt 0.340332 0.743408 
vt 0.344238 0.739502 
vt 0.34375 0.744629 
vt 0.340332 0.749023 
vt 0.34375 0.744629 
vt 0.343262 0.749756 
vt 0.34375 0.744629 
vt 0.340332 0.749023 
vt 0.340332 0.743408 
vt 0.317627 0.850098 
vt 0.322754 0.899353 
vt 0.317383 0.902527 
vt 0.322754 0.899353 
vt 0.317627 0.850098 
vt 0.322998 0.853149 
vt 0.34082 0.760254 
vt 0.343262 0.754883 
vt 0.343262 0.760132 
vt 0.340576 0.754395 
vt 0.343262 0.749756 
vt 0.343262 0.754883 
vt 0.343262 0.754883 
vt 0.34082 0.760254 
vt 0.340576 0.754395 
vt 0.340576 0.737793 
vt 0.347168 0.727783 
vt 0.344238 0.739502 
vt 0.344238 0.739502 
vt 0.340332 0.743408 
vt 0.340576 0.737793 
vt 0.343262 0.749756 
vt 0.340576 0.754395 
vt 0.340332 0.749023 
vt 0.757812 0.913391 
vt 0.757812 0.905273 
vt 0.762695 0.907288 
vt 0.757812 0.905273 
vt 0.757812 0.913391 
vt 0.752441 0.911255 
vt 0.340576 0.823975 
vt 0.343262 0.760132 
vt 0.342041 0.824585 
vt 0.343262 0.760132 
vt 0.340576 0.823975 
vt 0.34082 0.760254 
vt 0.339111 0.760376 
vt 0.338867 0.823364 
vt 0.337402 0.822998 
vt 0.33252 0.718018 
vt 0.328125 0.735596 
vt 0.325928 0.718506 
vt 0.328125 0.735596 
vt 0.33252 0.718018 
vt 0.333496 0.735352 
vt 0.753906 0.902771 
vt 0.752441 0.911255 
vt 0.748047 0.908569 
vt 0.752441 0.911255 
vt 0.753906 0.902771 
vt 0.757812 0.905273 
vt 0.34082 0.826538 
vt 0.340576 0.823975 
vt 0.342041 0.824585 
vt 0.3396 0.825439 
vt 0.340576 0.823975 
vt 0.34082 0.826538 
vt 0.338867 0.823364 
vt 0.337402 0.824341 
vt 0.337402 0.822998 
vt 0.337402 0.824341 
vt 0.338867 0.823364 
vt 0.338379 0.824707 
vt 0.3396 0.697021 
vt 0.341309 0.651611 
vt 0.3396 0.651611 
vt 0.341309 0.651611 
vt 0.3396 0.697021 
vt 0.341797 0.697021 
vt 0.745117 0.905151 
vt 0.753906 0.902771 
vt 0.748047 0.908569 
vt 0.753906 0.902771 
vt 0.745117 0.905151 
vt 0.750977 0.899597 
vt 0.337402 0.822998 
vt 0.337158 0.760376 
vt 0.339111 0.760376 
vt 0.3396 0.697021 
vt 0.341309 0.651611 
vt 0.3396 0.651611 
vt 0.341309 0.651611 
vt 0.3396 0.697021 
vt 0.341797 0.697021 
vt 0.0460815 0.908875 
vt 0.0387573 0.914673 
vt 0.0397339 0.907166 
vt 0.0387573 0.914673 
vt 0.0460815 0.908875 
vt 0.0447998 0.916931 
vt 0.352539 0.902832 
vt 0.354492 0.900635 
vt 0.354736 0.901978 
vt 0.354492 0.900635 
vt 0.352539 0.902832 
vt 0.352295 0.900696 
vt 0.333496 0.735352 
vt 0.328613 0.741943 
vt 0.328125 0.735596 
vt 0.328613 0.741943 
vt 0.333496 0.735352 
vt 0.333984 0.741699 
vt 0.342041 0.824585 
vt 0.345215 0.760132 
vt 0.343994 0.825439 
vt 0.742188 0.901001 
vt 0.750977 0.899597 
vt 0.745117 0.905151 
vt 0.750977 0.899597 
vt 0.742188 0.901001 
vt 0.748535 0.89563 
vt 0.238037 0.926941 
vt 0.233276 0.927917 
vt 0.2323 0.920166 
vt 0.0411987 0.606689 
vt 0.0343628 0.906006 
vt 0.0353699 0.606689 
vt 0.344238 0.739502 
vt 0.347168 0.727783 
vt 0.350586 0.730713 
vt 0.238037 0.926941 
vt 0.2323 0.920166 
vt 0.237671 0.919556 
vt 0.342773 0.828247 
vt 0.342041 0.824585 
vt 0.343994 0.825439 
vt 0.334717 0.753906 
vt 0.334473 0.748047 
vt 0.336426 0.748047 
vt 0.336426 0.748047 
vt 0.336914 0.754028 
vt 0.334717 0.753906 
vt 0.345215 0.760132 
vt 0.342041 0.824585 
vt 0.343262 0.760132 
vt 0.342773 0.828247 
vt 0.34082 0.826538 
vt 0.342041 0.824585 
vt 0.0343628 0.906006 
vt 0.0411987 0.606689 
vt 0.0397339 0.907166 
vt 0.242798 0.91925 
vt 0.233032 0.607666 
vt 0.238647 0.607666 
vt 0.343262 0.760132 
vt 0.345215 0.755127 
vt 0.345215 0.760132 
vt 0.333984 0.741699 
vt 0.329346 0.747803 
vt 0.328613 0.741943 
vt 0.329346 0.747803 
vt 0.333984 0.741699 
vt 0.334473 0.748047 
vt 0.233032 0.607666 
vt 0.242798 0.91925 
vt 0.237671 0.919556 
vt 0.740723 0.893372 
vt 0.748535 0.89563 
vt 0.742188 0.901001 
vt 0.343262 0.760132 
vt 0.343262 0.754883 
vt 0.345215 0.755127 
vt 0.748535 0.89563 
vt 0.740723 0.893372 
vt 0.74707 0.888428 
vt 0.337646 0.825317 
vt 0.337402 0.824341 
vt 0.338379 0.824707 
vt 0.326172 0.851929 
vt 0.322998 0.853149 
vt 0.324219 0.85083 
vt 0.327637 0.854248 
vt 0.327393 0.898315 
vt 0.324951 0.898682 
vt 0.31958 0.846924 
vt 0.322998 0.853149 
vt 0.317627 0.850098 
vt 0.31958 0.846924 
vt 0.324219 0.85083 
vt 0.322998 0.853149 
vt 0.324951 0.898682 
vt 0.325439 0.853882 
vt 0.327637 0.854248 
vt 0.3396 0.825439 
vt 0.337646 0.825317 
vt 0.338379 0.824707 
vt 0.337646 0.825317 
vt 0.3396 0.825439 
vt 0.338379 0.82666 
vt 0.322998 0.853149 
vt 0.326172 0.851929 
vt 0.325439 0.853882 
vt 0.343262 0.754883 
vt 0.345459 0.750366 
vt 0.345215 0.755127 
vt 0.343262 0.754883 
vt 0.343262 0.749756 
vt 0.345459 0.750366 
vt 0.350586 0.730713 
vt 0.346924 0.740723 
vt 0.344238 0.739502 
vt 0.34375 0.744629 
vt 0.344238 0.739502 
vt 0.346924 0.740723 
vt 0.343262 0.749756 
vt 0.34375 0.744629 
vt 0.345947 0.745605 
vt 0.346924 0.740723 
vt 0.345947 0.745605 
vt 0.34375 0.744629 
vt 0.345947 0.745605 
vt 0.345459 0.750366 
vt 0.343262 0.749756 
vt 0.751465 0.621338 
vt 0.740723 0.893372 
vt 0.745605 0.615234 
vt 0.327393 0.898315 
vt 0.329834 0.898315 
vt 0.327637 0.90033 
vt 0.233276 0.927917 
vt 0.227295 0.929443 
vt 0.225952 0.921265 
vt 0.335205 0.760254 
vt 0.334717 0.753906 
vt 0.336914 0.754028 
vt 0.336914 0.754028 
vt 0.337158 0.760376 
vt 0.335205 0.760254 
vt 0.329834 0.898315 
vt 0.329834 0.900452 
vt 0.327637 0.90033 
vt 0.740723 0.893372 
vt 0.751465 0.621338 
vt 0.74707 0.888428 
vt 0.233276 0.927917 
vt 0.225952 0.921265 
vt 0.2323 0.920166 
vt 0.0606995 0.913635 
vt 0.0447998 0.916931 
vt 0.0460815 0.908875 
vt 0.0447998 0.916931 
vt 0.0606995 0.913635 
vt 0.0596313 0.922302 
vt 0.339355 0.828003 
vt 0.3396 0.825439 
vt 0.34082 0.826538 
vt 0.338379 0.82666 
vt 0.3396 0.825439 
vt 0.339355 0.828003 
vt 0.326172 0.736084 
vt 0.325928 0.718506 
vt 0.328125 0.735596 
vt 0.0606995 0.913635 
vt 0.0784912 0.918518 
vt 0.0596313 0.922302 
vt 0.0778198 0.927429 
vt 0.0596313 0.922302 
vt 0.0784912 0.918518 
vt 0.334473 0.748047 
vt 0.32959 0.753906 
vt 0.329346 0.747803 
vt 0.32959 0.753906 
vt 0.334473 0.748047 
vt 0.334717 0.753906 
vt 0.337158 0.760376 
vt 0.337402 0.822998 
vt 0.336182 0.822998 
vt 0.326172 0.736084 
vt 0.328613 0.741943 
vt 0.32666 0.742188 
vt 0.0784912 0.918518 
vt 0.0971069 0.922363 
vt 0.0778198 0.927429 
vt 0.0967407 0.931335 
vt 0.0778198 0.927429 
vt 0.0971069 0.922363 
vt 0.341309 0.830078 
vt 0.34082 0.826538 
vt 0.342773 0.828247 
vt 0.34082 0.826538 
vt 0.341309 0.830078 
vt 0.339355 0.828003 
vt 0.211304 0.924255 
vt 0.227295 0.929443 
vt 0.212402 0.932983 
vt 0.227295 0.929443 
vt 0.211304 0.924255 
vt 0.225952 0.921265 
vt 0.328613 0.741943 
vt 0.326172 0.736084 
vt 0.328125 0.735596 
vt 0.327637 0.854248 
vt 0.325439 0.853882 
vt 0.326172 0.851929 
vt 0.327637 0.852295 
vt 0.327637 0.854248 
vt 0.326172 0.851929 
vt 0.337402 0.824341 
vt 0.336182 0.824341 
vt 0.336182 0.822998 
vt 0.0971069 0.922363 
vt 0.117371 0.925293 
vt 0.0967407 0.931335 
vt 0.117188 0.934326 
vt 0.0967407 0.931335 
vt 0.117371 0.925293 
vt 0.337402 0.824341 
vt 0.336182 0.822998 
vt 0.337402 0.822998 
vt 0.325928 0.718506 
vt 0.326172 0.736084 
vt 0.32373 0.719238 
vt 0.212402 0.932983 
vt 0.193604 0.926758 
vt 0.211304 0.924255 
vt 0.212402 0.932983 
vt 0.194336 0.93573 
vt 0.193604 0.926758 
vt 0.336182 0.822998 
vt 0.335205 0.760254 
vt 0.337158 0.760376 
vt 0.117371 0.925293 
vt 0.136108 0.927124 
vt 0.117188 0.934326 
vt 0.136108 0.936218 
vt 0.117188 0.934326 
vt 0.136108 0.927124 
vt 0.32666 0.742188 
vt 0.329346 0.747803 
vt 0.327393 0.748047 
vt 0.194336 0.93573 
vt 0.175049 0.927979 
vt 0.193604 0.926758 
vt 0.355957 0.903687 
vt 0.355957 0.90094 
vt 0.35791 0.901855 
vt 0.355957 0.90094 
vt 0.355957 0.903687 
vt 0.354736 0.901978 
vt 0.194336 0.93573 
vt 0.175415 0.937012 
vt 0.175049 0.927979 
vt 0.154785 0.92804 
vt 0.136108 0.936218 
vt 0.136108 0.927124 
vt 0.136108 0.936218 
vt 0.154785 0.92804 
vt 0.155029 0.937073 
vt 0.155029 0.937073 
vt 0.175049 0.927979 
vt 0.175415 0.937012 
vt 0.329346 0.747803 
vt 0.32666 0.742188 
vt 0.328613 0.741943 
vt 0.175049 0.927979 
vt 0.155029 0.937073 
vt 0.154785 0.92804 
vt 0.359863 0.908142 
vt 0.35791 0.901855 
vt 0.362305 0.905273 
vt 0.35791 0.901855 
vt 0.359863 0.908142 
vt 0.355957 0.903687 
vt 0.237671 0.919556 
vt 0.227173 0.607666 
vt 0.233032 0.607666 
vt 0.334717 0.753906 
vt 0.330078 0.760254 
vt 0.32959 0.753906 
vt 0.330078 0.760254 
vt 0.334717 0.753906 
vt 0.335205 0.760254 
vt 0.354736 0.901978 
vt 0.354492 0.900635 
vt 0.355957 0.90094 
vt 0.352051 0.89856 
vt 0.329834 0.900452 
vt 0.329834 0.898315 
vt 0.329834 0.900452 
vt 0.352051 0.89856 
vt 0.352295 0.900696 
vt 0.227173 0.607666 
vt 0.237671 0.919556 
vt 0.2323 0.920166 
vt 0.345215 0.760132 
vt 0.345703 0.825195 
vt 0.343994 0.825439 
vt 0.04776 0.606689 
vt 0.0397339 0.907166 
vt 0.0411987 0.606689 
vt 0.343994 0.825439 
vt 0.345703 0.826904 
vt 0.344482 0.827271 
vt 0.345703 0.826904 
vt 0.343994 0.825439 
vt 0.345703 0.825195 
vt 0.0397339 0.907166 
vt 0.04776 0.606689 
vt 0.0460815 0.908875 
vt 0.337646 0.825317 
vt 0.336426 0.825806 
vt 0.337402 0.824341 
vt 0.336182 0.824341 
vt 0.337402 0.824341 
vt 0.336426 0.825806 
vt 0.353516 0.732666 
vt 0.346924 0.740723 
vt 0.350586 0.730713 
vt 0.32959 0.753906 
vt 0.327393 0.748047 
vt 0.329346 0.747803 
vt 0.327393 0.748047 
vt 0.32959 0.753906 
vt 0.327637 0.753906 
vt 0.330078 0.85437 
vt 0.329834 0.898315 
vt 0.327393 0.898315 
vt 0.327393 0.898315 
vt 0.327637 0.854248 
vt 0.330078 0.85437 
vt 0.345459 0.828125 
vt 0.344482 0.827271 
vt 0.345703 0.826904 
vt 0.345703 0.825195 
vt 0.345215 0.760132 
vt 0.347412 0.760132 
vt 0.335205 0.760254 
vt 0.333008 0.822876 
vt 0.330078 0.760254 
vt 0.333008 0.822876 
vt 0.335205 0.760254 
vt 0.336182 0.822998 
vt 0.352295 0.900696 
vt 0.354248 0.898682 
vt 0.354492 0.900635 
vt 0.354248 0.898682 
vt 0.352295 0.900696 
vt 0.352051 0.89856 
vt 0.325928 0.70166 
vt 0.330078 0.700684 
vt 0.325928 0.699707 
vt 0.327148 0.703613 
vt 0.330078 0.700684 
vt 0.325928 0.70166 
vt 0.325928 0.699707 
vt 0.330078 0.700684 
vt 0.327148 0.697998 
vt 0.328857 0.70459 
vt 0.330078 0.700684 
vt 0.327148 0.703613 
vt 0.327148 0.697998 
vt 0.330078 0.700684 
vt 0.329102 0.696777 
vt 0.331055 0.70459 
vt 0.330078 0.700684 
vt 0.328857 0.70459 
vt 0.329102 0.696777 
vt 0.330078 0.700684 
vt 0.331299 0.696777 
vt 0.333008 0.703369 
vt 0.330078 0.700684 
vt 0.331055 0.70459 
vt 0.331299 0.696777 
vt 0.330078 0.700684 
vt 0.333008 0.697754 
vt 0.333984 0.70166 
vt 0.330078 0.700684 
vt 0.333008 0.703369 
vt 0.333008 0.697754 
vt 0.330078 0.700684 
vt 0.333984 0.699707 
vt 0.333984 0.699707 
vt 0.330078 0.700684 
vt 0.333984 0.70166 
vt 0.336182 0.822998 
vt 0.333008 0.824341 
vt 0.333008 0.822876 
vt 0.333008 0.824341 
vt 0.336182 0.822998 
vt 0.336182 0.824341 
vt 0.32959 0.753906 
vt 0.327881 0.760254 
vt 0.327637 0.753906 
vt 0.336914 0.827271 
vt 0.336426 0.825806 
vt 0.337646 0.825317 
vt 0.327881 0.760254 
vt 0.32959 0.753906 
vt 0.330078 0.760254 
vt 0.338379 0.82666 
vt 0.336914 0.827271 
vt 0.337646 0.825317 
vt 0.2323 0.920166 
vt 0.220703 0.607666 
vt 0.227173 0.607666 
vt 0.220703 0.607666 
vt 0.2323 0.920166 
vt 0.225952 0.921265 
vt 0.345215 0.760132 
vt 0.347412 0.755371 
vt 0.347412 0.760132 
vt 0.331299 0.696777 
vt 0.330566 0.651367 
vt 0.329102 0.696777 
vt 0.330566 0.651367 
vt 0.331299 0.696777 
vt 0.33252 0.651367 
vt 0.490234 0.919739 
vt 0.487305 0.924622 
vt 0.474609 0.914856 
vt 0.483154 0.928772 
vt 0.474609 0.914856 
vt 0.487305 0.924622 
vt 0.477539 0.910278 
vt 0.490234 0.919739 
vt 0.474609 0.914856 
vt 0.474609 0.914856 
vt 0.483154 0.928772 
vt 0.471191 0.918762 
vt 0.492188 0.911255 
vt 0.490234 0.919739 
vt 0.477539 0.910278 
vt 0.478027 0.932312 
vt 0.471191 0.918762 
vt 0.483154 0.928772 
vt 0.479492 0.902222 
vt 0.492188 0.911255 
vt 0.477539 0.910278 
vt 0.471191 0.918762 
vt 0.478027 0.932312 
vt 0.466553 0.922119 
vt 0.479492 0.902222 
vt 0.492188 0.611328 
vt 0.492188 0.911255 
vt 0.471436 0.935425 
vt 0.466553 0.922119 
vt 0.478027 0.932312 
vt 0.492188 0.611328 
vt 0.479492 0.902222 
vt 0.47998 0.619141 
vt 0.466553 0.922119 
vt 0.471436 0.935425 
vt 0.460693 0.92511 
vt 0.383789 0.607422 
vt 0.492188 0.611328 
vt 0.47998 0.619141 
vt 0.455566 0.940216 
vt 0.460693 0.92511 
vt 0.471436 0.935425 
vt 0.47998 0.619141 
vt 0.383789 0.61792 
vt 0.383789 0.607422 
vt 0.460693 0.92511 
vt 0.455566 0.940216 
vt 0.446777 0.929565 
vt 0.287354 0.623291 
vt 0.383789 0.607422 
vt 0.383789 0.61792 
vt 0.437012 0.944366 
vt 0.446777 0.929565 
vt 0.455566 0.940216 
vt 0.383789 0.607422 
vt 0.287354 0.623291 
vt 0.275391 0.610107 
vt 0.446777 0.929565 
vt 0.437012 0.944366 
vt 0.43042 0.933411 
vt 0.287354 0.623291 
vt 0.267822 0.925354 
vt 0.275391 0.610107 
vt 0.418213 0.947632 
vt 0.43042 0.933411 
vt 0.437012 0.944366 
vt 0.267822 0.925354 
vt 0.287354 0.623291 
vt 0.280273 0.915161 
vt 0.43042 0.933411 
vt 0.418213 0.947632 
vt 0.413574 0.936462 
vt 0.281982 0.922913 
vt 0.267822 0.925354 
vt 0.280273 0.915161 
vt 0.397705 0.950287 
vt 0.413574 0.936462 
vt 0.418213 0.947632 
vt 0.267822 0.925354 
vt 0.281982 0.922913 
vt 0.269531 0.933594 
vt 0.413574 0.936462 
vt 0.397705 0.950287 
vt 0.395508 0.938873 
vt 0.284668 0.927124 
vt 0.269531 0.933594 
vt 0.281982 0.922913 
vt 0.397705 0.950287 
vt 0.378906 0.94043 
vt 0.395508 0.938873 
vt 0.269531 0.933594 
vt 0.284668 0.927124 
vt 0.272461 0.938049 
vt 0.397705 0.950287 
vt 0.378662 0.952026 
vt 0.378906 0.94043 
vt 0.284668 0.927124 
vt 0.276123 0.941742 
vt 0.272461 0.938049 
vt 0.378662 0.952026 
vt 0.362061 0.941193 
vt 0.378906 0.94043 
vt 0.276123 0.941742 
vt 0.284668 0.927124 
vt 0.288086 0.930664 
vt 0.362061 0.941193 
vt 0.378662 0.952026 
vt 0.359863 0.952911 
vt 0.288086 0.930664 
vt 0.281006 0.944672 
vt 0.276123 0.941742 
vt 0.359863 0.952911 
vt 0.344238 0.941193 
vt 0.362061 0.941193 
vt 0.281006 0.944672 
vt 0.288086 0.930664 
vt 0.29248 0.933411 
vt 0.344238 0.941193 
vt 0.359863 0.952911 
vt 0.3396 0.952972 
vt 0.29248 0.933411 
vt 0.287354 0.947052 
vt 0.281006 0.944672 
vt 0.3396 0.952972 
vt 0.327637 0.940369 
vt 0.344238 0.941193 
vt 0.287354 0.947052 
vt 0.29248 0.933411 
vt 0.298096 0.93573 
vt 0.327637 0.940369 
vt 0.3396 0.952972 
vt 0.320801 0.952118 
vt 0.298096 0.93573 
vt 0.302734 0.950104 
vt 0.287354 0.947052 
vt 0.320801 0.952118 
vt 0.311523 0.938538 
vt 0.327637 0.940369 
vt 0.302734 0.950104 
vt 0.298096 0.93573 
vt 0.311523 0.938538 
vt 0.311523 0.938538 
vt 0.320801 0.952118 
vt 0.302734 0.950104 
vt 0.347412 0.755371 
vt 0.345215 0.760132 
vt 0.345215 0.755127 
vt 0.331299 0.696777 
vt 0.330566 0.651367 
vt 0.329102 0.696777 
vt 0.330566 0.651367 
vt 0.331299 0.696777 
vt 0.33252 0.651367 
vt 0.920898 0.876282 
vt 0.834961 0.615723 
vt 0.918457 0.615967 
vt 0.74707 0.888428 
vt 0.751465 0.621338 
vt 0.834961 0.615723 
vt 0.833984 0.911438 
vt 0.834961 0.615723 
vt 0.920898 0.876282 
vt 0.834961 0.615723 
vt 0.833984 0.911438 
vt 0.74707 0.888428 
vt 0.833984 0.911438 
vt 0.920898 0.876282 
vt 0.919434 0.883545 
vt 0.833984 0.911438 
vt 0.748535 0.89563 
vt 0.74707 0.888428 
vt 0.748535 0.89563 
vt 0.833984 0.911438 
vt 0.750977 0.899597 
vt 0.833984 0.911438 
vt 0.753906 0.902771 
vt 0.750977 0.899597 
vt 0.753906 0.902771 
vt 0.762695 0.907288 
vt 0.757812 0.905273 
vt 0.753906 0.902771 
vt 0.833984 0.911438 
vt 0.762695 0.907288 
vt 0.833984 0.911438 
vt 0.774902 0.909729 
vt 0.762695 0.907288 
vt 0.774902 0.909729 
vt 0.833984 0.911438 
vt 0.789062 0.911316 
vt 0.789062 0.911316 
vt 0.819336 0.912109 
vt 0.803711 0.912109 
vt 0.819336 0.912109 
vt 0.789062 0.911316 
vt 0.833984 0.911438 
vt 0.848633 0.909912 
vt 0.878906 0.904602 
vt 0.864258 0.907471 
vt 0.878906 0.904602 
vt 0.848633 0.909912 
vt 0.833984 0.911438 
vt 0.893066 0.90094 
vt 0.878906 0.904602 
vt 0.833984 0.911438 
vt 0.833984 0.911438 
vt 0.905273 0.896851 
vt 0.893066 0.90094 
vt 0.905273 0.896851 
vt 0.914062 0.891235 
vt 0.910156 0.894226 
vt 0.833984 0.911438 
vt 0.914062 0.891235 
vt 0.905273 0.896851 
vt 0.833984 0.911438 
vt 0.916992 0.887695 
vt 0.914062 0.891235 
vt 0.919434 0.883545 
vt 0.916992 0.887695 
vt 0.833984 0.911438 
vt 0.339355 0.828003 
vt 0.336914 0.827271 
vt 0.338379 0.82666 
vt 0.336914 0.827271 
vt 0.339355 0.828003 
vt 0.337402 0.828979 
vt 0.327637 0.852295 
vt 0.330078 0.852295 
vt 0.330078 0.85437 
vt 0.332764 0.825684 
vt 0.336182 0.824341 
vt 0.336426 0.825806 
vt 0.336182 0.824341 
vt 0.332764 0.825684 
vt 0.333008 0.824341 
vt 0.0460815 0.908875 
vt 0.0621033 0.606689 
vt 0.0606995 0.913635 
vt 0.0621033 0.606689 
vt 0.0460815 0.908875 
vt 0.04776 0.606689 
vt 0.348389 0.853638 
vt 0.329834 0.898315 
vt 0.330078 0.85437 
vt 0.329834 0.898315 
vt 0.348389 0.853638 
vt 0.352051 0.89856 
vt 0.327637 0.852295 
vt 0.330078 0.85437 
vt 0.327637 0.854248 
vt 0.345215 0.755127 
vt 0.3479 0.750977 
vt 0.347412 0.755371 
vt 0.345215 0.755127 
vt 0.345459 0.750366 
vt 0.3479 0.750977 
vt 0.327393 0.850952 
vt 0.327637 0.852295 
vt 0.326172 0.851929 
vt 0.330078 0.760254 
vt 0.331543 0.822998 
vt 0.327881 0.760254 
vt 0.0606995 0.913635 
vt 0.0621033 0.606689 
vt 0.0792236 0.606934 
vt 0.0792236 0.606934 
vt 0.0784912 0.918518 
vt 0.0606995 0.913635 
vt 0.345947 0.745605 
vt 0.346924 0.740723 
vt 0.349609 0.741943 
vt 0.341309 0.830078 
vt 0.338623 0.832031 
vt 0.337402 0.828979 
vt 0.0784912 0.918518 
vt 0.0792236 0.606934 
vt 0.0971069 0.606934 
vt 0.0971069 0.606934 
vt 0.0971069 0.922363 
vt 0.0784912 0.918518 
vt 0.353516 0.732666 
vt 0.349609 0.741943 
vt 0.346924 0.740723 
vt 0.334961 0.648926 
vt 0.331543 0.648193 
vt 0.333984 0.650635 
vt 0.334717 0.647217 
vt 0.331543 0.648193 
vt 0.334961 0.648926 
vt 0.333984 0.650635 
vt 0.331543 0.648193 
vt 0.33252 0.651367 
vt 0.333984 0.645752 
vt 0.331543 0.648193 
vt 0.334717 0.647217 
vt 0.206299 0.607666 
vt 0.225952 0.921265 
vt 0.211304 0.924255 
vt 0.225952 0.921265 
vt 0.206299 0.607666 
vt 0.220703 0.607666 
vt 0.33252 0.651367 
vt 0.331543 0.648193 
vt 0.330566 0.651367 
vt 0.332275 0.644775 
vt 0.331543 0.648193 
vt 0.333984 0.645752 
vt 0.330566 0.651367 
vt 0.331543 0.648193 
vt 0.329102 0.650635 
vt 0.330322 0.64502 
vt 0.331543 0.648193 
vt 0.332275 0.644775 
vt 0.329102 0.650635 
vt 0.331543 0.648193 
vt 0.328125 0.64917 
vt 0.328857 0.645752 
vt 0.331543 0.648193 
vt 0.330322 0.64502 
vt 0.328125 0.64917 
vt 0.331543 0.648193 
vt 0.327881 0.647217 
vt 0.327881 0.647217 
vt 0.331543 0.648193 
vt 0.328857 0.645752 
vt 0.326172 0.848999 
vt 0.326172 0.851929 
vt 0.324219 0.85083 
vt 0.326172 0.851929 
vt 0.326172 0.848999 
vt 0.327393 0.850952 
vt 0.0971069 0.922363 
vt 0.0971069 0.606934 
vt 0.116394 0.606934 
vt 0.345459 0.750366 
vt 0.345947 0.745605 
vt 0.348633 0.746582 
vt 0.116394 0.606934 
vt 0.117371 0.925293 
vt 0.0971069 0.922363 
vt 0.988281 0.0429688 
vt 0.884277 0.129395 
vt 0.948242 0.00878906 
vt 0.884277 0.129395 
vt 0.988281 0.0429688 
vt 0.992188 0.135742 
vt 0.948242 0.00878906 
vt 0.884277 0.129395 
vt 0.828125 0.00830078 
vt 0.828125 0.00830078 
vt 0.884277 0.129395 
vt 0.82959 0.103027 
vt 0.337402 0.828979 
vt 0.339355 0.828003 
vt 0.341309 0.830078 
vt 0.117371 0.925293 
vt 0.116394 0.606934 
vt 0.134155 0.607178 
vt 0.134155 0.607178 
vt 0.136108 0.927124 
vt 0.117371 0.925293 
vt 0.193604 0.926758 
vt 0.189209 0.607422 
vt 0.211304 0.924255 
vt 0.211304 0.924255 
vt 0.189209 0.607422 
vt 0.206299 0.607666 
vt 0.988281 0.0429688 
vt 0.948242 0.00878906 
vt 0.992188 0.00634766 
vt 0.331543 0.822998 
vt 0.330078 0.760254 
vt 0.333008 0.822876 
vt 0.175049 0.927979 
vt 0.171387 0.607422 
vt 0.193604 0.926758 
vt 0.193604 0.926758 
vt 0.171387 0.607422 
vt 0.189209 0.607422 
vt 0.349609 0.741943 
vt 0.348633 0.746582 
vt 0.345947 0.745605 
vt 0.1521 0.607178 
vt 0.136108 0.927124 
vt 0.134155 0.607178 
vt 0.136108 0.927124 
vt 0.1521 0.607178 
vt 0.154785 0.92804 
vt 0.171387 0.607422 
vt 0.154785 0.92804 
vt 0.1521 0.607178 
vt 0.154785 0.92804 
vt 0.171387 0.607422 
vt 0.175049 0.927979 
vt 0.31958 0.846924 
vt 0.326172 0.848999 
vt 0.324219 0.85083 
vt 0.326172 0.848999 
vt 0.31958 0.846924 
vt 0.32251 0.844116 
vt 0.345459 0.750366 
vt 0.348633 0.746582 
vt 0.3479 0.750977 
vt 0.333008 0.822876 
vt 0.331787 0.824341 
vt 0.331543 0.822998 
vt 0.331787 0.824341 
vt 0.333008 0.822876 
vt 0.333008 0.824341 
vt 0.336914 0.827271 
vt 0.332764 0.825684 
vt 0.336426 0.825806 
vt 0.332764 0.825684 
vt 0.336914 0.827271 
vt 0.33252 0.827393 
vt 0.352051 0.89856 
vt 0.35083 0.853638 
vt 0.354248 0.898682 
vt 0.35083 0.853638 
vt 0.352051 0.89856 
vt 0.348389 0.853638 
vt 0.330078 0.852295 
vt 0.348389 0.853638 
vt 0.330078 0.85437 
vt 0.330078 0.852295 
vt 0.348389 0.851562 
vt 0.348389 0.853638 
vt 0.323975 0.737061 
vt 0.32666 0.742188 
vt 0.324707 0.74292 
vt 0.324707 0.74292 
vt 0.327393 0.748047 
vt 0.325439 0.748535 
vt 0.332764 0.825684 
vt 0.331787 0.824341 
vt 0.333008 0.824341 
vt 0.331787 0.824341 
vt 0.332764 0.825684 
vt 0.331543 0.825195 
vt 0.354248 0.898682 
vt 0.355957 0.90094 
vt 0.354492 0.900635 
vt 0.355957 0.90094 
vt 0.354248 0.898682 
vt 0.356689 0.899048 
vt 0.345703 0.825195 
vt 0.347168 0.826782 
vt 0.345703 0.826904 
vt 0.347412 0.760132 
vt 0.347412 0.825073 
vt 0.345703 0.825195 
vt 0.345459 0.828125 
vt 0.347168 0.826782 
vt 0.346924 0.828613 
vt 0.347168 0.826782 
vt 0.345459 0.828125 
vt 0.345703 0.826904 
vt 0.321045 0.72168 
vt 0.326172 0.736084 
vt 0.323975 0.737061 
vt 0.327393 0.748047 
vt 0.324707 0.74292 
vt 0.32666 0.742188 
vt 0.32666 0.742188 
vt 0.323975 0.737061 
vt 0.326172 0.736084 
vt 0.347168 0.826782 
vt 0.345703 0.825195 
vt 0.347412 0.825073 
vt 0.337402 0.828979 
vt 0.33252 0.827393 
vt 0.336914 0.827271 
vt 0.33252 0.827393 
vt 0.337402 0.828979 
vt 0.332031 0.828979 
vt 0.828125 0.128418 
vt 0.82959 0.103027 
vt 0.884277 0.129395 
vt 0.325439 0.748535 
vt 0.327637 0.753906 
vt 0.325684 0.75415 
vt 0.347412 0.825073 
vt 0.347412 0.760132 
vt 0.349609 0.76001 
vt 0.327637 0.753906 
vt 0.325439 0.748535 
vt 0.327393 0.748047 
vt 0.338623 0.832031 
vt 0.332031 0.828979 
vt 0.337402 0.828979 
vt 0.338623 0.832031 
vt 0.330566 0.831787 
vt 0.332031 0.828979 
vt 0.327881 0.760254 
vt 0.325684 0.75415 
vt 0.327637 0.753906 
vt 0.325684 0.75415 
vt 0.327881 0.760254 
vt 0.326172 0.760254 
vt 0.343262 0.651611 
vt 0.341797 0.697021 
vt 0.34375 0.697021 
vt 0.341797 0.697021 
vt 0.343262 0.651611 
vt 0.341309 0.651611 
vt 0.350586 0.851685 
vt 0.348389 0.853638 
vt 0.348389 0.851562 
vt 0.348389 0.853638 
vt 0.350586 0.851685 
vt 0.35083 0.853638 
vt 0.326172 0.736084 
vt 0.321045 0.72168 
vt 0.32373 0.719238 
vt 0.341797 0.697021 
vt 0.343262 0.651611 
vt 0.341309 0.651611 
vt 0.343262 0.651611 
vt 0.341797 0.697021 
vt 0.34375 0.697021 
vt 0.327393 0.850952 
vt 0.330078 0.852295 
vt 0.327637 0.852295 
vt 0.330078 0.852295 
vt 0.327393 0.850952 
vt 0.32959 0.849976 
vt 0.331543 0.825195 
vt 0.33252 0.827393 
vt 0.330811 0.82666 
vt 0.347412 0.755371 
vt 0.349609 0.76001 
vt 0.347412 0.760132 
vt 0.356689 0.899048 
vt 0.358887 0.899658 
vt 0.355957 0.90094 
vt 0.349609 0.76001 
vt 0.347412 0.755371 
vt 0.350098 0.755493 
vt 0.33252 0.827393 
vt 0.331543 0.825195 
vt 0.332764 0.825684 
vt 0.358887 0.899658 
vt 0.35791 0.901855 
vt 0.355957 0.90094 
vt 0.351318 0.828613 
vt 0.347168 0.826782 
vt 0.351318 0.826782 
vt 0.351318 0.828613 
vt 0.346924 0.828613 
vt 0.347168 0.826782 
vt 0.327881 0.760254 
vt 0.330078 0.823242 
vt 0.326172 0.760254 
vt 0.349609 0.76001 
vt 0.351318 0.825073 
vt 0.347412 0.825073 
vt 0.351318 0.825073 
vt 0.349609 0.76001 
vt 0.355713 0.760254 
vt 0.35791 0.901855 
vt 0.364014 0.902283 
vt 0.362305 0.905273 
vt 0.364014 0.902283 
vt 0.35791 0.901855 
vt 0.358887 0.899658 
vt 0.351318 0.826782 
vt 0.347412 0.825073 
vt 0.351318 0.825073 
vt 0.351318 0.826782 
vt 0.347168 0.826782 
vt 0.347412 0.825073 
vt 0.329834 0.828003 
vt 0.33252 0.827393 
vt 0.332031 0.828979 
vt 0.33252 0.827393 
vt 0.329834 0.828003 
vt 0.330811 0.82666 
vt 0.347412 0.755371 
vt 0.350586 0.751343 
vt 0.350098 0.755493 
vt 0.350586 0.751343 
vt 0.347412 0.755371 
vt 0.3479 0.750977 
vt 0.353271 0.853271 
vt 0.354248 0.898682 
vt 0.35083 0.853638 
vt 0.354248 0.898682 
vt 0.353271 0.853271 
vt 0.356689 0.899048 
vt 0.32959 0.849976 
vt 0.348389 0.851562 
vt 0.330078 0.852295 
vt 0.32959 0.849976 
vt 0.348633 0.849365 
vt 0.348389 0.851562 
vt 0.352295 0.742676 
vt 0.353516 0.732666 
vt 0.355957 0.733887 
vt 0.331787 0.824341 
vt 0.331543 0.825195 
vt 0.330811 0.824585 
vt 0.332031 0.828979 
vt 0.327881 0.829834 
vt 0.329834 0.828003 
vt 0.327881 0.829834 
vt 0.332031 0.828979 
vt 0.330566 0.831787 
vt 0.330078 0.823242 
vt 0.327881 0.760254 
vt 0.331543 0.822998 
vt 0.331543 0.822998 
vt 0.330811 0.824585 
vt 0.330078 0.823242 
vt 0.330811 0.824585 
vt 0.331543 0.822998 
vt 0.331787 0.824341 
vt 0.355713 0.760254 
vt 0.350098 0.755493 
vt 0.356445 0.755981 
vt 0.350098 0.755493 
vt 0.355713 0.760254 
vt 0.349609 0.76001 
vt 0.328857 0.847656 
vt 0.32959 0.849976 
vt 0.327393 0.850952 
vt 0.326172 0.848999 
vt 0.328857 0.847656 
vt 0.327393 0.850952 
vt 0.353027 0.828125 
vt 0.351318 0.826782 
vt 0.352783 0.826782 
vt 0.351318 0.826782 
vt 0.353027 0.828125 
vt 0.351318 0.828613 
vt 0.351318 0.74707 
vt 0.3479 0.750977 
vt 0.348633 0.746582 
vt 0.353027 0.825073 
vt 0.355713 0.760254 
vt 0.35791 0.760376 
vt 0.35083 0.853638 
vt 0.352295 0.851318 
vt 0.353271 0.853271 
vt 0.352295 0.851318 
vt 0.35083 0.853638 
vt 0.350586 0.851685 
vt 0.3479 0.750977 
vt 0.351318 0.74707 
vt 0.350586 0.751343 
vt 0.32251 0.844116 
vt 0.328857 0.847656 
vt 0.326172 0.848999 
vt 0.328857 0.847656 
vt 0.32251 0.844116 
vt 0.326172 0.842041 
vt 0.348389 0.851562 
vt 0.35083 0.85022 
vt 0.350586 0.851685 
vt 0.35083 0.85022 
vt 0.348389 0.851562 
vt 0.348633 0.849365 
vt 0.280273 0.915161 
vt 0.294922 0.630371 
vt 0.288086 0.90979 
vt 0.352783 0.826782 
vt 0.351318 0.825073 
vt 0.353027 0.825073 
vt 0.351318 0.74707 
vt 0.349609 0.741943 
vt 0.352295 0.742676 
vt 0.355713 0.760254 
vt 0.353027 0.825073 
vt 0.351318 0.825073 
vt 0.294922 0.630371 
vt 0.280273 0.915161 
vt 0.287354 0.623291 
vt 0.352783 0.826782 
vt 0.351318 0.826782 
vt 0.351318 0.825073 
vt 0.349609 0.741943 
vt 0.351318 0.74707 
vt 0.348633 0.746582 
vt 0.356445 0.755981 
vt 0.350586 0.751343 
vt 0.357178 0.752197 
vt 0.350586 0.751343 
vt 0.356445 0.755981 
vt 0.350098 0.755493 
vt 0.353516 0.732666 
vt 0.352295 0.742676 
vt 0.349609 0.741943 
vt 0.330811 0.824585 
vt 0.330811 0.82666 
vt 0.32959 0.825439 
vt 0.330811 0.82666 
vt 0.330811 0.824585 
vt 0.331543 0.825195 
vt 0.35791 0.760376 
vt 0.356445 0.755981 
vt 0.358643 0.756226 
vt 0.289307 0.916931 
vt 0.280273 0.915161 
vt 0.288086 0.90979 
vt 0.356445 0.755981 
vt 0.35791 0.760376 
vt 0.355713 0.760254 
vt 0.348633 0.849365 
vt 0.328857 0.847656 
vt 0.349121 0.847046 
vt 0.328857 0.847656 
vt 0.348633 0.849365 
vt 0.32959 0.849976 
vt 0.322754 0.743896 
vt 0.325439 0.748535 
vt 0.32373 0.749023 
vt 0.280273 0.915161 
vt 0.289307 0.916931 
vt 0.281982 0.922913 
vt 0.321777 0.738525 
vt 0.324707 0.74292 
vt 0.322754 0.743896 
vt 0.325439 0.748535 
vt 0.322754 0.743896 
vt 0.324707 0.74292 
vt 0.324707 0.74292 
vt 0.321777 0.738525 
vt 0.323975 0.737061 
vt 0.317871 0.725098 
vt 0.323975 0.737061 
vt 0.321777 0.738525 
vt 0.32373 0.749023 
vt 0.325684 0.75415 
vt 0.323975 0.754517 
vt 0.325684 0.75415 
vt 0.32373 0.749023 
vt 0.325439 0.748535 
vt 0.356689 0.899048 
vt 0.355469 0.852539 
vt 0.358887 0.899658 
vt 0.355469 0.852539 
vt 0.356689 0.899048 
vt 0.353271 0.853271 
vt 0.326172 0.760254 
vt 0.323975 0.754517 
vt 0.325684 0.75415 
vt 0.323975 0.754517 
vt 0.326172 0.760254 
vt 0.324219 0.760254 
vt 0.328369 0.826416 
vt 0.330811 0.82666 
vt 0.329834 0.828003 
vt 0.330811 0.82666 
vt 0.328369 0.826416 
vt 0.32959 0.825439 
vt 0.349121 0.847046 
vt 0.326172 0.842041 
vt 0.351807 0.841431 
vt 0.326172 0.842041 
vt 0.349121 0.847046 
vt 0.328857 0.847656 
vt 0.323975 0.737061 
vt 0.317871 0.725098 
vt 0.321045 0.72168 
vt 0.350586 0.851685 
vt 0.35083 0.85022 
vt 0.352295 0.851318 
vt 0.291748 0.920776 
vt 0.281982 0.922913 
vt 0.289307 0.916931 
vt 0.330078 0.823242 
vt 0.324219 0.760254 
vt 0.326172 0.760254 
vt 0.281982 0.922913 
vt 0.291748 0.920776 
vt 0.284668 0.927124 
vt 0.328369 0.826416 
vt 0.327881 0.829834 
vt 0.326416 0.828003 
vt 0.327881 0.829834 
vt 0.328369 0.826416 
vt 0.329834 0.828003 
vt 0.353027 0.828125 
vt 0.352783 0.826782 
vt 0.354004 0.827148 
vt 0.358643 0.756226 
vt 0.357178 0.752197 
vt 0.359619 0.752563 
vt 0.357178 0.752197 
vt 0.351318 0.74707 
vt 0.358154 0.748535 
vt 0.357178 0.752197 
vt 0.358643 0.756226 
vt 0.356445 0.755981 
vt 0.351318 0.74707 
vt 0.357178 0.752197 
vt 0.350586 0.751343 
vt 0.358887 0.899658 
vt 0.360352 0.849609 
vt 0.364014 0.902283 
vt 0.360352 0.849609 
vt 0.358887 0.899658 
vt 0.355469 0.852539 
vt 0.330811 0.824585 
vt 0.32959 0.825439 
vt 0.328613 0.823853 
vt 0.328613 0.823853 
vt 0.330078 0.823242 
vt 0.330811 0.824585 
vt 0.324219 0.760254 
vt 0.330078 0.823242 
vt 0.328613 0.823853 
vt 0.291748 0.920776 
vt 0.288086 0.930664 
vt 0.284668 0.927124 
vt 0.288086 0.930664 
vt 0.291748 0.920776 
vt 0.294678 0.924011 
vt 0.35083 0.85022 
vt 0.349121 0.847046 
vt 0.352051 0.848389 
vt 0.354736 0.825317 
vt 0.35791 0.760376 
vt 0.359863 0.760498 
vt 0.352295 0.851318 
vt 0.354004 0.85022 
vt 0.355469 0.852539 
vt 0.354248 0.696777 
vt 0.350342 0.651367 
vt 0.352295 0.696777 
vt 0.349121 0.847046 
vt 0.35083 0.85022 
vt 0.348633 0.849365 
vt 0.350342 0.651367 
vt 0.354248 0.696777 
vt 0.352295 0.651367 
vt 0.352295 0.851318 
vt 0.355469 0.852539 
vt 0.353271 0.853271 
vt 0.358154 0.748535 
vt 0.352295 0.742676 
vt 0.359375 0.744385 
vt 0.352295 0.742676 
vt 0.358154 0.748535 
vt 0.351318 0.74707 
vt 0.354248 0.696777 
vt 0.350342 0.651367 
vt 0.352295 0.696777 
vt 0.350342 0.651367 
vt 0.354248 0.696777 
vt 0.352295 0.651367 
vt 0.294678 0.924011 
vt 0.29248 0.933411 
vt 0.288086 0.930664 
vt 0.29248 0.933411 
vt 0.294678 0.924011 
vt 0.298828 0.926514 
vt 0.354736 0.825317 
vt 0.352783 0.826782 
vt 0.353027 0.825073 
vt 0.352783 0.826782 
vt 0.354736 0.825317 
vt 0.354004 0.827148 
vt 0.327148 0.824463 
vt 0.32959 0.825439 
vt 0.328369 0.826416 
vt 0.32959 0.825439 
vt 0.327148 0.824463 
vt 0.328613 0.823853 
vt 0.321777 0.738525 
vt 0.313721 0.730225 
vt 0.317871 0.725098 
vt 0.35791 0.760376 
vt 0.354736 0.825317 
vt 0.353027 0.825073 
vt 0.321045 0.750244 
vt 0.323975 0.754517 
vt 0.321533 0.755127 
vt 0.323975 0.754517 
vt 0.321045 0.750244 
vt 0.32373 0.749023 
vt 0.320068 0.745361 
vt 0.32373 0.749023 
vt 0.321045 0.750244 
vt 0.32373 0.749023 
vt 0.320068 0.745361 
vt 0.322754 0.743896 
vt 0.318848 0.740723 
vt 0.322754 0.743896 
vt 0.320068 0.745361 
vt 0.313721 0.730225 
vt 0.321777 0.738525 
vt 0.318848 0.740723 
vt 0.322754 0.743896 
vt 0.318848 0.740723 
vt 0.321777 0.738525 
vt 0.321533 0.755127 
vt 0.324219 0.760254 
vt 0.321777 0.760498 
vt 0.324219 0.760254 
vt 0.321533 0.755127 
vt 0.323975 0.754517 
vt 0.328613 0.823853 
vt 0.321777 0.760498 
vt 0.324219 0.760254 
vt 0.352051 0.848389 
vt 0.351807 0.841431 
vt 0.355713 0.843628 
vt 0.351807 0.841431 
vt 0.352051 0.848389 
vt 0.349121 0.847046 
vt 0.321777 0.760498 
vt 0.328613 0.823853 
vt 0.327148 0.824463 
vt 0.298828 0.926514 
vt 0.298096 0.93573 
vt 0.29248 0.933411 
vt 0.359375 0.744385 
vt 0.355957 0.733887 
vt 0.361328 0.735352 
vt 0.355957 0.733887 
vt 0.359375 0.744385 
vt 0.352295 0.742676 
vt 0.298096 0.93573 
vt 0.298828 0.926514 
vt 0.303955 0.928589 
vt 0.354004 0.85022 
vt 0.360352 0.849609 
vt 0.355469 0.852539 
vt 0.360352 0.849609 
vt 0.354004 0.85022 
vt 0.358398 0.846558 
vt 0.359863 0.760498 
vt 0.358643 0.756226 
vt 0.36084 0.756348 
vt 0.358643 0.756226 
vt 0.359863 0.760498 
vt 0.35791 0.760376 
vt 0.327148 0.824463 
vt 0.326416 0.828003 
vt 0.325195 0.825562 
vt 0.326416 0.828003 
vt 0.327148 0.824463 
vt 0.328369 0.826416 
vt 0.303955 0.928589 
vt 0.311523 0.938538 
vt 0.298096 0.93573 
vt 0.358154 0.748535 
vt 0.359619 0.752563 
vt 0.357178 0.752197 
vt 0.311523 0.938538 
vt 0.303955 0.928589 
vt 0.316406 0.931091 
vt 0.359619 0.752563 
vt 0.358154 0.748535 
vt 0.36084 0.748779 
vt 0.319824 0.76062 
vt 0.327148 0.824463 
vt 0.325195 0.825562 
vt 0.327148 0.824463 
vt 0.319824 0.76062 
vt 0.321777 0.760498 
vt 0.316406 0.931091 
vt 0.327637 0.940369 
vt 0.311523 0.938538 
vt 0.352295 0.851318 
vt 0.352051 0.848389 
vt 0.354004 0.85022 
vt 0.352051 0.848389 
vt 0.352295 0.851318 
vt 0.35083 0.85022 
vt 0.327637 0.940369 
vt 0.316406 0.931091 
vt 0.331299 0.932739 
vt 0.472412 0.626221 
vt 0.479492 0.902222 
vt 0.471436 0.897339 
vt 0.331299 0.932739 
vt 0.344238 0.941193 
vt 0.327637 0.940369 
vt 0.344238 0.941193 
vt 0.331299 0.932739 
vt 0.34668 0.933533 
vt 0.31958 0.755737 
vt 0.321777 0.760498 
vt 0.319824 0.76062 
vt 0.321777 0.760498 
vt 0.31958 0.755737 
vt 0.321533 0.755127 
vt 0.479492 0.902222 
vt 0.472412 0.626221 
vt 0.47998 0.619141 
vt 0.34668 0.933533 
vt 0.362061 0.941193 
vt 0.344238 0.941193 
vt 0.362061 0.941193 
vt 0.34668 0.933533 
vt 0.363281 0.933472 
vt 0.318848 0.740723 
vt 0.310791 0.733887 
vt 0.313721 0.730225 
vt 0.469727 0.904785 
vt 0.471436 0.897339 
vt 0.479492 0.902222 
vt 0.479492 0.902222 
vt 0.477539 0.910278 
vt 0.469727 0.904785 
vt 0.363281 0.933472 
vt 0.378906 0.94043 
vt 0.362061 0.941193 
vt 0.36084 0.756348 
vt 0.359619 0.752563 
vt 0.361816 0.752686 
vt 0.359619 0.752563 
vt 0.36084 0.756348 
vt 0.358643 0.756226 
vt 0.378906 0.94043 
vt 0.363281 0.933472 
vt 0.378662 0.9328 
vt 0.318848 0.751099 
vt 0.321533 0.755127 
vt 0.31958 0.755737 
vt 0.321533 0.755127 
vt 0.318848 0.751099 
vt 0.321045 0.750244 
vt 0.395508 0.938873 
vt 0.378662 0.9328 
vt 0.394287 0.931335 
vt 0.395508 0.938873 
vt 0.378906 0.94043 
vt 0.378662 0.9328 
vt 0.446777 0.929565 
vt 0.45459 0.918457 
vt 0.460693 0.92511 
vt 0.43042 0.933411 
vt 0.441895 0.922546 
vt 0.446777 0.929565 
vt 0.395508 0.938873 
vt 0.411133 0.929016 
vt 0.413574 0.936462 
vt 0.413574 0.936462 
vt 0.426758 0.926147 
vt 0.43042 0.933411 
vt 0.354004 0.85022 
vt 0.355713 0.843628 
vt 0.358398 0.846558 
vt 0.355713 0.843628 
vt 0.354004 0.85022 
vt 0.352051 0.848389 
vt 0.469727 0.904785 
vt 0.477539 0.910278 
vt 0.467529 0.909058 
vt 0.411133 0.929016 
vt 0.395508 0.938873 
vt 0.394287 0.931335 
vt 0.358154 0.748535 
vt 0.362061 0.745117 
vt 0.36084 0.748779 
vt 0.426758 0.926147 
vt 0.413574 0.936462 
vt 0.411133 0.929016 
vt 0.477539 0.910278 
vt 0.474609 0.914856 
vt 0.467529 0.909058 
vt 0.460693 0.92511 
vt 0.459961 0.91571 
vt 0.466553 0.922119 
vt 0.45459 0.918457 
vt 0.446777 0.929565 
vt 0.441895 0.922546 
vt 0.441895 0.922546 
vt 0.43042 0.933411 
vt 0.426758 0.926147 
vt 0.471191 0.918762 
vt 0.467529 0.909058 
vt 0.474609 0.914856 
vt 0.466553 0.922119 
vt 0.464111 0.912659 
vt 0.471191 0.918762 
vt 0.459961 0.91571 
vt 0.460693 0.92511 
vt 0.45459 0.918457 
vt 0.321045 0.750244 
vt 0.317871 0.746826 
vt 0.320068 0.745361 
vt 0.467529 0.909058 
vt 0.471191 0.918762 
vt 0.464111 0.912659 
vt 0.362061 0.745117 
vt 0.358154 0.748535 
vt 0.359375 0.744385 
vt 0.320068 0.745361 
vt 0.31665 0.742432 
vt 0.318848 0.740723 
vt 0.464111 0.912659 
vt 0.466553 0.922119 
vt 0.459961 0.91571 
vt 0.317871 0.746826 
vt 0.321045 0.750244 
vt 0.318848 0.751099 
vt 0.310791 0.733887 
vt 0.318848 0.740723 
vt 0.31665 0.742432 
vt 0.31665 0.742432 
vt 0.320068 0.745361 
vt 0.317871 0.746826 
vt 0.359375 0.744385 
vt 0.364014 0.735596 
vt 0.362061 0.745117 
vt 0.361816 0.752686 
vt 0.36084 0.748779 
vt 0.363037 0.749268 
vt 0.36084 0.748779 
vt 0.361816 0.752686 
vt 0.359619 0.752563 
vt 0.364014 0.735596 
vt 0.359375 0.744385 
vt 0.361328 0.735352 
vt 0.364746 0.745605 
vt 0.364014 0.735596 
vt 0.36792 0.73584 
vt 0.363037 0.749268 
vt 0.362061 0.745117 
vt 0.364746 0.745605 
vt 0.362061 0.745117 
vt 0.363037 0.749268 
vt 0.36084 0.748779 
vt 0.364014 0.735596 
vt 0.364746 0.745605 
vt 0.362061 0.745117 
vt 0.344971 0.651611 
vt 0.34375 0.697021 
vt 0.345947 0.697021 
vt 0.34375 0.697021 
vt 0.344971 0.651611 
vt 0.343262 0.651611 
vt 0.344971 0.651611 
vt 0.34375 0.697021 
vt 0.345947 0.697021 
vt 0.34375 0.697021 
vt 0.344971 0.651611 
vt 0.343262 0.651611 
vt 0.352295 0.696777 
vt 0.348633 0.651611 
vt 0.350098 0.697021 
vt 0.348633 0.651611 
vt 0.352295 0.696777 
vt 0.350342 0.651367 
vt 0.352295 0.696777 
vt 0.348633 0.651611 
vt 0.350098 0.697021 
vt 0.348633 0.651611 
vt 0.352295 0.696777 
vt 0.350342 0.651367 
vt 0.325928 0.70166 
vt 0.330078 0.700684 
vt 0.325928 0.699707 
vt 0.327148 0.703613 
vt 0.330078 0.700684 
vt 0.325928 0.70166 
vt 0.325928 0.699707 
vt 0.330078 0.700684 
vt 0.327148 0.697998 
vt 0.328857 0.70459 
vt 0.330078 0.700684 
vt 0.327148 0.703613 
vt 0.327148 0.697998 
vt 0.330078 0.700684 
vt 0.329102 0.696777 
vt 0.331055 0.70459 
vt 0.330078 0.700684 
vt 0.328857 0.70459 
vt 0.329102 0.696777 
vt 0.330078 0.700684 
vt 0.331299 0.696777 
vt 0.333008 0.703369 
vt 0.330078 0.700684 
vt 0.331055 0.70459 
vt 0.331299 0.696777 
vt 0.330078 0.700684 
vt 0.333008 0.697754 
vt 0.333984 0.70166 
vt 0.330078 0.700684 
vt 0.333008 0.703369 
vt 0.333008 0.697754 
vt 0.330078 0.700684 
vt 0.333984 0.699707 
vt 0.333984 0.699707 
vt 0.330078 0.700684 
vt 0.333984 0.70166 
vt 0.383789 0.61792 
vt 0.294922 0.630371 
vt 0.287354 0.623291 
vt 0.472412 0.626221 
vt 0.383545 0.625488 
vt 0.383789 0.61792 
vt 0.294922 0.630371 
vt 0.383789 0.61792 
vt 0.383545 0.625488 
vt 0.383789 0.61792 
vt 0.47998 0.619141 
vt 0.472412 0.626221 
vt 0.345947 0.697021 
vt 0.34668 0.651611 
vt 0.344971 0.651611 
vt 0.34668 0.651611 
vt 0.345947 0.697021 
vt 0.348145 0.697021 
vt 0.345947 0.697021 
vt 0.34668 0.651611 
vt 0.344971 0.651611 
vt 0.34668 0.651611 
vt 0.345947 0.697021 
vt 0.348145 0.697021 
vt 0.350098 0.697021 
vt 0.34668 0.651611 
vt 0.348145 0.697021 
vt 0.34668 0.651611 
vt 0.350098 0.697021 
vt 0.348633 0.651611 
vt 0.350098 0.697021 
vt 0.34668 0.651611 
vt 0.348145 0.697021 
vt 0.34668 0.651611 
vt 0.350098 0.697021 
vt 0.348633 0.651611 

usemtl Doorpart1Mtl

f 3462/3462/3462 3463/3463/3463 3464/3464/3464 
f 3465/3465/3465 3466/3466/3466 3467/3467/3467 
f 3468/3468/3468 3469/3469/3469 3470/3470/3470 
f 3471/3471/3471 3472/3472/3472 3473/3473/3473 
f 3474/3474/3474 3475/3475/3475 3476/3476/3476 
f 3477/3477/3477 3478/3478/3478 3479/3479/3479 
f 3480/3480/3480 3481/3481/3481 3482/3482/3482 
f 3483/3483/3483 3484/3484/3484 3485/3485/3485 
f 3486/3486/3486 3487/3487/3487 3488/3488/3488 
f 3489/3489/3489 3490/3490/3490 3491/3491/3491 
f 3492/3492/3492 3493/3493/3493 3494/3494/3494 
f 3495/3495/3495 3496/3496/3496 3497/3497/3497 
f 3498/3498/3498 3499/3499/3499 3500/3500/3500 
f 3501/3501/3501 3502/3502/3502 3503/3503/3503 
f 3504/3504/3504 3505/3505/3505 3506/3506/3506 
f 3507/3507/3507 3508/3508/3508 3509/3509/3509 
f 3510/3510/3510 3511/3511/3511 3512/3512/3512 
f 3513/3513/3513 3514/3514/3514 3515/3515/3515 
f 3516/3516/3516 3517/3517/3517 3518/3518/3518 
f 3519/3519/3519 3520/3520/3520 3521/3521/3521 
f 3522/3522/3522 3523/3523/3523 3524/3524/3524 
f 3525/3525/3525 3526/3526/3526 3527/3527/3527 
f 3528/3528/3528 3529/3529/3529 3530/3530/3530 
f 3531/3531/3531 3532/3532/3532 3533/3533/3533 
f 3534/3534/3534 3535/3535/3535 3536/3536/3536 
f 3537/3537/3537 3538/3538/3538 3539/3539/3539 
f 3540/3540/3540 3541/3541/3541 3542/3542/3542 
f 3543/3543/3543 3544/3544/3544 3545/3545/3545 
f 3546/3546/3546 3547/3547/3547 3548/3548/3548 
f 3549/3549/3549 3550/3550/3550 3551/3551/3551 
f 3552/3552/3552 3553/3553/3553 3554/3554/3554 
f 3555/3555/3555 3556/3556/3556 3557/3557/3557 
f 3558/3558/3558 3559/3559/3559 3560/3560/3560 
f 3561/3561/3561 3562/3562/3562 3563/3563/3563 
f 3564/3564/3564 3565/3565/3565 3566/3566/3566 
f 3567/3567/3567 3568/3568/3568 3569/3569/3569 
f 3570/3570/3570 3571/3571/3571 3572/3572/3572 
f 3573/3573/3573 3574/3574/3574 3575/3575/3575 
f 3576/3576/3576 3577/3577/3577 3578/3578/3578 
f 3579/3579/3579 3580/3580/3580 3581/3581/3581 
f 3582/3582/3582 3583/3583/3583 3584/3584/3584 
f 3585/3585/3585 3586/3586/3586 3587/3587/3587 
f 3588/3588/3588 3589/3589/3589 3590/3590/3590 
f 3591/3591/3591 3592/3592/3592 3593/3593/3593 
f 3594/3594/3594 3595/3595/3595 3596/3596/3596 
f 3597/3597/3597 3598/3598/3598 3599/3599/3599 
f 3600/3600/3600 3601/3601/3601 3602/3602/3602 
f 3603/3603/3603 3604/3604/3604 3605/3605/3605 
f 3606/3606/3606 3607/3607/3607 3608/3608/3608 
f 3609/3609/3609 3610/3610/3610 3611/3611/3611 
f 3612/3612/3612 3613/3613/3613 3614/3614/3614 
f 3615/3615/3615 3616/3616/3616 3617/3617/3617 
f 3618/3618/3618 3619/3619/3619 3620/3620/3620 
f 3621/3621/3621 3622/3622/3622 3623/3623/3623 
f 3624/3624/3624 3625/3625/3625 3626/3626/3626 
f 3627/3627/3627 3628/3628/3628 3629/3629/3629 
f 3630/3630/3630 3631/3631/3631 3632/3632/3632 
f 3633/3633/3633 3634/3634/3634 3635/3635/3635 
f 3636/3636/3636 3637/3637/3637 3638/3638/3638 
f 3639/3639/3639 3640/3640/3640 3641/3641/3641 
f 3642/3642/3642 3643/3643/3643 3644/3644/3644 
f 3645/3645/3645 3646/3646/3646 3647/3647/3647 
f 3648/3648/3648 3649/3649/3649 3650/3650/3650 
f 3651/3651/3651 3652/3652/3652 3653/3653/3653 
f 3654/3654/3654 3655/3655/3655 3656/3656/3656 
f 3657/3657/3657 3658/3658/3658 3659/3659/3659 
f 3660/3660/3660 3661/3661/3661 3662/3662/3662 
f 3663/3663/3663 3664/3664/3664 3665/3665/3665 
f 3666/3666/3666 3667/3667/3667 3668/3668/3668 
f 3669/3669/3669 3670/3670/3670 3671/3671/3671 
f 3672/3672/3672 3673/3673/3673 3674/3674/3674 
f 3675/3675/3675 3676/3676/3676 3677/3677/3677 
f 3678/3678/3678 3679/3679/3679 3680/3680/3680 
f 3681/3681/3681 3682/3682/3682 3683/3683/3683 
f 3684/3684/3684 3685/3685/3685 3686/3686/3686 
f 3687/3687/3687 3688/3688/3688 3689/3689/3689 
f 3690/3690/3690 3691/3691/3691 3692/3692/3692 
f 3693/3693/3693 3694/3694/3694 3695/3695/3695 
f 3696/3696/3696 3697/3697/3697 3698/3698/3698 
f 3699/3699/3699 3700/3700/3700 3701/3701/3701 
f 3702/3702/3702 3703/3703/3703 3704/3704/3704 
f 3705/3705/3705 3706/3706/3706 3707/3707/3707 
f 3708/3708/3708 3709/3709/3709 3710/3710/3710 
f 3711/3711/3711 3712/3712/3712 3713/3713/3713 
f 3714/3714/3714 3715/3715/3715 3716/3716/3716 
f 3717/3717/3717 3718/3718/3718 3719/3719/3719 
f 3720/3720/3720 3721/3721/3721 3722/3722/3722 
f 3723/3723/3723 3724/3724/3724 3725/3725/3725 
f 3726/3726/3726 3727/3727/3727 3728/3728/3728 
f 3729/3729/3729 3730/3730/3730 3731/3731/3731 
f 3732/3732/3732 3733/3733/3733 3734/3734/3734 
f 3735/3735/3735 3736/3736/3736 3737/3737/3737 
f 3738/3738/3738 3739/3739/3739 3740/3740/3740 
f 3741/3741/3741 3742/3742/3742 3743/3743/3743 
f 3744/3744/3744 3745/3745/3745 3746/3746/3746 
f 3747/3747/3747 3748/3748/3748 3749/3749/3749 
f 3750/3750/3750 3751/3751/3751 3752/3752/3752 
f 3753/3753/3753 3754/3754/3754 3755/3755/3755 
f 3756/3756/3756 3757/3757/3757 3758/3758/3758 
f 3759/3759/3759 3760/3760/3760 3761/3761/3761 
f 3762/3762/3762 3763/3763/3763 3764/3764/3764 
f 3765/3765/3765 3766/3766/3766 3767/3767/3767 
f 3768/3768/3768 3769/3769/3769 3770/3770/3770 
f 3771/3771/3771 3772/3772/3772 3773/3773/3773 
f 3774/3774/3774 3775/3775/3775 3776/3776/3776 
f 3777/3777/3777 3778/3778/3778 3779/3779/3779 
f 3780/3780/3780 3781/3781/3781 3782/3782/3782 
f 3783/3783/3783 3784/3784/3784 3785/3785/3785 
f 3786/3786/3786 3787/3787/3787 3788/3788/3788 
f 3789/3789/3789 3790/3790/3790 3791/3791/3791 
f 3792/3792/3792 3793/3793/3793 3794/3794/3794 
f 3795/3795/3795 3796/3796/3796 3797/3797/3797 
f 3798/3798/3798 3799/3799/3799 3800/3800/3800 
f 3801/3801/3801 3802/3802/3802 3803/3803/3803 
f 3804/3804/3804 3805/3805/3805 3806/3806/3806 
f 3807/3807/3807 3808/3808/3808 3809/3809/3809 
f 3810/3810/3810 3811/3811/3811 3812/3812/3812 
f 3813/3813/3813 3814/3814/3814 3815/3815/3815 
f 3816/3816/3816 3817/3817/3817 3818/3818/3818 
f 3819/3819/3819 3820/3820/3820 3821/3821/3821 
f 3822/3822/3822 3823/3823/3823 3824/3824/3824 
f 3825/3825/3825 3826/3826/3826 3827/3827/3827 
f 3828/3828/3828 3829/3829/3829 3830/3830/3830 
f 3831/3831/3831 3832/3832/3832 3833/3833/3833 
f 3834/3834/3834 3835/3835/3835 3836/3836/3836 
f 3837/3837/3837 3838/3838/3838 3839/3839/3839 
f 3840/3840/3840 3841/3841/3841 3842/3842/3842 
f 3843/3843/3843 3844/3844/3844 3845/3845/3845 
f 3846/3846/3846 3847/3847/3847 3848/3848/3848 
f 3849/3849/3849 3850/3850/3850 3851/3851/3851 
f 3852/3852/3852 3853/3853/3853 3854/3854/3854 
f 3855/3855/3855 3856/3856/3856 3857/3857/3857 
f 3858/3858/3858 3859/3859/3859 3860/3860/3860 
f 3861/3861/3861 3862/3862/3862 3863/3863/3863 
f 3864/3864/3864 3865/3865/3865 3866/3866/3866 
f 3867/3867/3867 3868/3868/3868 3869/3869/3869 
f 3870/3870/3870 3871/3871/3871 3872/3872/3872 
f 3873/3873/3873 3874/3874/3874 3875/3875/3875 
f 3876/3876/3876 3877/3877/3877 3878/3878/3878 
f 3879/3879/3879 3880/3880/3880 3881/3881/3881 
f 3882/3882/3882 3883/3883/3883 3884/3884/3884 
f 3885/3885/3885 3886/3886/3886 3887/3887/3887 
f 3888/3888/3888 3889/3889/3889 3890/3890/3890 
f 3891/3891/3891 3892/3892/3892 3893/3893/3893 
f 3894/3894/3894 3895/3895/3895 3896/3896/3896 
f 3897/3897/3897 3898/3898/3898 3899/3899/3899 
f 3900/3900/3900 3901/3901/3901 3902/3902/3902 
f 3903/3903/3903 3904/3904/3904 3905/3905/3905 
f 3906/3906/3906 3907/3907/3907 3908/3908/3908 
f 3909/3909/3909 3910/3910/3910 3911/3911/3911 
f 3912/3912/3912 3913/3913/3913 3914/3914/3914 
f 3915/3915/3915 3916/3916/3916 3917/3917/3917 
f 3918/3918/3918 3919/3919/3919 3920/3920/3920 
f 3921/3921/3921 3922/3922/3922 3923/3923/3923 
f 3924/3924/3924 3925/3925/3925 3926/3926/3926 
f 3927/3927/3927 3928/3928/3928 3929/3929/3929 
f 3930/3930/3930 3931/3931/3931 3932/3932/3932 
f 3933/3933/3933 3934/3934/3934 3935/3935/3935 
f 3936/3936/3936 3937/3937/3937 3938/3938/3938 
f 3939/3939/3939 3940/3940/3940 3941/3941/3941 
f 3942/3942/3942 3943/3943/3943 3944/3944/3944 
f 3945/3945/3945 3946/3946/3946 3947/3947/3947 
f 3948/3948/3948 3949/3949/3949 3950/3950/3950 
f 3951/3951/3951 3952/3952/3952 3953/3953/3953 
f 3954/3954/3954 3955/3955/3955 3956/3956/3956 
f 3957/3957/3957 3958/3958/3958 3959/3959/3959 
f 3960/3960/3960 3961/3961/3961 3962/3962/3962 
f 3963/3963/3963 3964/3964/3964 3965/3965/3965 
f 3966/3966/3966 3967/3967/3967 3968/3968/3968 
f 3969/3969/3969 3970/3970/3970 3971/3971/3971 
f 3972/3972/3972 3973/3973/3973 3974/3974/3974 
f 3975/3975/3975 3976/3976/3976 3977/3977/3977 
f 3978/3978/3978 3979/3979/3979 3980/3980/3980 
f 3981/3981/3981 3982/3982/3982 3983/3983/3983 
f 3984/3984/3984 3985/3985/3985 3986/3986/3986 
f 3987/3987/3987 3988/3988/3988 3989/3989/3989 
f 3990/3990/3990 3991/3991/3991 3992/3992/3992 
f 3993/3993/3993 3994/3994/3994 3995/3995/3995 
f 3996/3996/3996 3997/3997/3997 3998/3998/3998 
f 3999/3999/3999 4000/4000/4000 4001/4001/4001 
f 4002/4002/4002 4003/4003/4003 4004/4004/4004 
f 4005/4005/4005 4006/4006/4006 4007/4007/4007 
f 4008/4008/4008 4009/4009/4009 4010/4010/4010 
f 4011/4011/4011 4012/4012/4012 4013/4013/4013 
f 4014/4014/4014 4015/4015/4015 4016/4016/4016 
f 4017/4017/4017 4018/4018/4018 4019/4019/4019 
f 4020/4020/4020 4021/4021/4021 4022/4022/4022 
f 4023/4023/4023 4024/4024/4024 4025/4025/4025 
f 4026/4026/4026 4027/4027/4027 4028/4028/4028 
f 4029/4029/4029 4030/4030/4030 4031/4031/4031 
f 4032/4032/4032 4033/4033/4033 4034/4034/4034 
f 4035/4035/4035 4036/4036/4036 4037/4037/4037 
f 4038/4038/4038 4039/4039/4039 4040/4040/4040 
f 4041/4041/4041 4042/4042/4042 4043/4043/4043 
f 4044/4044/4044 4045/4045/4045 4046/4046/4046 
f 4047/4047/4047 4048/4048/4048 4049/4049/4049 
f 4050/4050/4050 4051/4051/4051 4052/4052/4052 
f 4053/4053/4053 4054/4054/4054 4055/4055/4055 
f 4056/4056/4056 4057/4057/4057 4058/4058/4058 
f 4059/4059/4059 4060/4060/4060 4061/4061/4061 
f 4062/4062/4062 4063/4063/4063 4064/4064/4064 
f 4065/4065/4065 4066/4066/4066 4067/4067/4067 
f 4068/4068/4068 4069/4069/4069 4070/4070/4070 
f 4071/4071/4071 4072/4072/4072 4073/4073/4073 
f 4074/4074/4074 4075/4075/4075 4076/4076/4076 
f 4077/4077/4077 4078/4078/4078 4079/4079/4079 
f 4080/4080/4080 4081/4081/4081 4082/4082/4082 
f 4083/4083/4083 4084/4084/4084 4085/4085/4085 
f 4086/4086/4086 4087/4087/4087 4088/4088/4088 
f 4089/4089/4089 4090/4090/4090 4091/4091/4091 
f 4092/4092/4092 4093/4093/4093 4094/4094/4094 
f 4095/4095/4095 4096/4096/4096 4097/4097/4097 
f 4098/4098/4098 4099/4099/4099 4100/4100/4100 
f 4101/4101/4101 4102/4102/4102 4103/4103/4103 
f 4104/4104/4104 4105/4105/4105 4106/4106/4106 
f 4107/4107/4107 4108/4108/4108 4109/4109/4109 
f 4110/4110/4110 4111/4111/4111 4112/4112/4112 
f 4113/4113/4113 4114/4114/4114 4115/4115/4115 
f 4116/4116/4116 4117/4117/4117 4118/4118/4118 
f 4119/4119/4119 4120/4120/4120 4121/4121/4121 
f 4122/4122/4122 4123/4123/4123 4124/4124/4124 
f 4125/4125/4125 4126/4126/4126 4127/4127/4127 
f 4128/4128/4128 4129/4129/4129 4130/4130/4130 
f 4131/4131/4131 4132/4132/4132 4133/4133/4133 
f 4134/4134/4134 4135/4135/4135 4136/4136/4136 
f 4137/4137/4137 4138/4138/4138 4139/4139/4139 
f 4140/4140/4140 4141/4141/4141 4142/4142/4142 
f 4143/4143/4143 4144/4144/4144 4145/4145/4145 
f 4146/4146/4146 4147/4147/4147 4148/4148/4148 
f 4149/4149/4149 4150/4150/4150 4151/4151/4151 
f 4152/4152/4152 4153/4153/4153 4154/4154/4154 
f 4155/4155/4155 4156/4156/4156 4157/4157/4157 
f 4158/4158/4158 4159/4159/4159 4160/4160/4160 
f 4161/4161/4161 4162/4162/4162 4163/4163/4163 
f 4164/4164/4164 4165/4165/4165 4166/4166/4166 
f 4167/4167/4167 4168/4168/4168 4169/4169/4169 
f 4170/4170/4170 4171/4171/4171 4172/4172/4172 
f 4173/4173/4173 4174/4174/4174 4175/4175/4175 
f 4176/4176/4176 4177/4177/4177 4178/4178/4178 
f 4179/4179/4179 4180/4180/4180 4181/4181/4181 
f 4182/4182/4182 4183/4183/4183 4184/4184/4184 
f 4185/4185/4185 4186/4186/4186 4187/4187/4187 
f 4188/4188/4188 4189/4189/4189 4190/4190/4190 
f 4191/4191/4191 4192/4192/4192 4193/4193/4193 
f 4194/4194/4194 4195/4195/4195 4196/4196/4196 
f 4197/4197/4197 4198/4198/4198 4199/4199/4199 
f 4200/4200/4200 4201/4201/4201 4202/4202/4202 
f 4203/4203/4203 4204/4204/4204 4205/4205/4205 
f 4206/4206/4206 4207/4207/4207 4208/4208/4208 
f 4209/4209/4209 4210/4210/4210 4211/4211/4211 
f 4212/4212/4212 4213/4213/4213 4214/4214/4214 
f 4215/4215/4215 4216/4216/4216 4217/4217/4217 
f 4218/4218/4218 4219/4219/4219 4220/4220/4220 
f 4221/4221/4221 4222/4222/4222 4223/4223/4223 
f 4224/4224/4224 4225/4225/4225 4226/4226/4226 
f 4227/4227/4227 4228/4228/4228 4229/4229/4229 
f 4230/4230/4230 4231/4231/4231 4232/4232/4232 
f 4233/4233/4233 4234/4234/4234 4235/4235/4235 
f 4236/4236/4236 4237/4237/4237 4238/4238/4238 
f 4239/4239/4239 4240/4240/4240 4241/4241/4241 
f 4242/4242/4242 4243/4243/4243 4244/4244/4244 
f 4245/4245/4245 4246/4246/4246 4247/4247/4247 
f 4248/4248/4248 4249/4249/4249 4250/4250/4250 
f 4251/4251/4251 4252/4252/4252 4253/4253/4253 
f 4254/4254/4254 4255/4255/4255 4256/4256/4256 
f 4257/4257/4257 4258/4258/4258 4259/4259/4259 
f 4260/4260/4260 4261/4261/4261 4262/4262/4262 
f 4263/4263/4263 4264/4264/4264 4265/4265/4265 
f 4266/4266/4266 4267/4267/4267 4268/4268/4268 
f 4269/4269/4269 4270/4270/4270 4271/4271/4271 
f 4272/4272/4272 4273/4273/4273 4274/4274/4274 
f 4275/4275/4275 4276/4276/4276 4277/4277/4277 
f 4278/4278/4278 4279/4279/4279 4280/4280/4280 
f 4281/4281/4281 4282/4282/4282 4283/4283/4283 
f 4284/4284/4284 4285/4285/4285 4286/4286/4286 
f 4287/4287/4287 4288/4288/4288 4289/4289/4289 
f 4290/4290/4290 4291/4291/4291 4292/4292/4292 
f 4293/4293/4293 4294/4294/4294 4295/4295/4295 
f 4296/4296/4296 4297/4297/4297 4298/4298/4298 
f 4299/4299/4299 4300/4300/4300 4301/4301/4301 
f 4302/4302/4302 4303/4303/4303 4304/4304/4304 
f 4305/4305/4305 4306/4306/4306 4307/4307/4307 
f 4308/4308/4308 4309/4309/4309 4310/4310/4310 
f 4311/4311/4311 4312/4312/4312 4313/4313/4313 
f 4314/4314/4314 4315/4315/4315 4316/4316/4316 
f 4317/4317/4317 4318/4318/4318 4319/4319/4319 
f 4320/4320/4320 4321/4321/4321 4322/4322/4322 
f 4323/4323/4323 4324/4324/4324 4325/4325/4325 
f 4326/4326/4326 4327/4327/4327 4328/4328/4328 
f 4329/4329/4329 4330/4330/4330 4331/4331/4331 
f 4332/4332/4332 4333/4333/4333 4334/4334/4334 
f 4335/4335/4335 4336/4336/4336 4337/4337/4337 
f 4338/4338/4338 4339/4339/4339 4340/4340/4340 
f 4341/4341/4341 4342/4342/4342 4343/4343/4343 
f 4344/4344/4344 4345/4345/4345 4346/4346/4346 
f 4347/4347/4347 4348/4348/4348 4349/4349/4349 
f 4350/4350/4350 4351/4351/4351 4352/4352/4352 
f 4353/4353/4353 4354/4354/4354 4355/4355/4355 
f 4356/4356/4356 4357/4357/4357 4358/4358/4358 
f 4359/4359/4359 4360/4360/4360 4361/4361/4361 
f 4362/4362/4362 4363/4363/4363 4364/4364/4364 
f 4365/4365/4365 4366/4366/4366 4367/4367/4367 
f 4368/4368/4368 4369/4369/4369 4370/4370/4370 
f 4371/4371/4371 4372/4372/4372 4373/4373/4373 
f 4374/4374/4374 4375/4375/4375 4376/4376/4376 
f 4377/4377/4377 4378/4378/4378 4379/4379/4379 
f 4380/4380/4380 4381/4381/4381 4382/4382/4382 
f 4383/4383/4383 4384/4384/4384 4385/4385/4385 
f 4386/4386/4386 4387/4387/4387 4388/4388/4388 
f 4389/4389/4389 4390/4390/4390 4391/4391/4391 
f 4392/4392/4392 4393/4393/4393 4394/4394/4394 
f 4395/4395/4395 4396/4396/4396 4397/4397/4397 
f 4398/4398/4398 4399/4399/4399 4400/4400/4400 
f 4401/4401/4401 4402/4402/4402 4403/4403/4403 
f 4404/4404/4404 4405/4405/4405 4406/4406/4406 
f 4407/4407/4407 4408/4408/4408 4409/4409/4409 
f 4410/4410/4410 4411/4411/4411 4412/4412/4412 
f 4413/4413/4413 4414/4414/4414 4415/4415/4415 
f 4416/4416/4416 4417/4417/4417 4418/4418/4418 
f 4419/4419/4419 4420/4420/4420 4421/4421/4421 
f 4422/4422/4422 4423/4423/4423 4424/4424/4424 
f 4425/4425/4425 4426/4426/4426 4427/4427/4427 
f 4428/4428/4428 4429/4429/4429 4430/4430/4430 
f 4431/4431/4431 4432/4432/4432 4433/4433/4433 
f 4434/4434/4434 4435/4435/4435 4436/4436/4436 
f 4437/4437/4437 4438/4438/4438 4439/4439/4439 
f 4440/4440/4440 4441/4441/4441 4442/4442/4442 
f 4443/4443/4443 4444/4444/4444 4445/4445/4445 
f 4446/4446/4446 4447/4447/4447 4448/4448/4448 
f 4449/4449/4449 4450/4450/4450 4451/4451/4451 
f 4452/4452/4452 4453/4453/4453 4454/4454/4454 
f 4455/4455/4455 4456/4456/4456 4457/4457/4457 
f 4458/4458/4458 4459/4459/4459 4460/4460/4460 
f 4461/4461/4461 4462/4462/4462 4463/4463/4463 
f 4464/4464/4464 4465/4465/4465 4466/4466/4466 
f 4467/4467/4467 4468/4468/4468 4469/4469/4469 
f 4470/4470/4470 4471/4471/4471 4472/4472/4472 
f 4473/4473/4473 4474/4474/4474 4475/4475/4475 
f 4476/4476/4476 4477/4477/4477 4478/4478/4478 
f 4479/4479/4479 4480/4480/4480 4481/4481/4481 
f 4482/4482/4482 4483/4483/4483 4484/4484/4484 
f 4485/4485/4485 4486/4486/4486 4487/4487/4487 
f 4488/4488/4488 4489/4489/4489 4490/4490/4490 
f 4491/4491/4491 4492/4492/4492 4493/4493/4493 
f 4494/4494/4494 4495/4495/4495 4496/4496/4496 
f 4497/4497/4497 4498/4498/4498 4499/4499/4499 
f 4500/4500/4500 4501/4501/4501 4502/4502/4502 
f 4503/4503/4503 4504/4504/4504 4505/4505/4505 
f 4506/4506/4506 4507/4507/4507 4508/4508/4508 
f 4509/4509/4509 4510/4510/4510 4511/4511/4511 
f 4512/4512/4512 4513/4513/4513 4514/4514/4514 
f 4515/4515/4515 4516/4516/4516 4517/4517/4517 
f 4518/4518/4518 4519/4519/4519 4520/4520/4520 
f 4521/4521/4521 4522/4522/4522 4523/4523/4523 
f 4524/4524/4524 4525/4525/4525 4526/4526/4526 
f 4527/4527/4527 4528/4528/4528 4529/4529/4529 
f 4530/4530/4530 4531/4531/4531 4532/4532/4532 
f 4533/4533/4533 4534/4534/4534 4535/4535/4535 
f 4536/4536/4536 4537/4537/4537 4538/4538/4538 
f 4539/4539/4539 4540/4540/4540 4541/4541/4541 
f 4542/4542/4542 4543/4543/4543 4544/4544/4544 
f 4545/4545/4545 4546/4546/4546 4547/4547/4547 
f 4548/4548/4548 4549/4549/4549 4550/4550/4550 
f 4551/4551/4551 4552/4552/4552 4553/4553/4553 
f 4554/4554/4554 4555/4555/4555 4556/4556/4556 
f 4557/4557/4557 4558/4558/4558 4559/4559/4559 
f 4560/4560/4560 4561/4561/4561 4562/4562/4562 
f 4563/4563/4563 4564/4564/4564 4565/4565/4565 
f 4566/4566/4566 4567/4567/4567 4568/4568/4568 
f 4569/4569/4569 4570/4570/4570 4571/4571/4571 
f 4572/4572/4572 4573/4573/4573 4574/4574/4574 
f 4575/4575/4575 4576/4576/4576 4577/4577/4577 
f 4578/4578/4578 4579/4579/4579 4580/4580/4580 
f 4581/4581/4581 4582/4582/4582 4583/4583/4583 
f 4584/4584/4584 4585/4585/4585 4586/4586/4586 
f 4587/4587/4587 4588/4588/4588 4589/4589/4589 
f 4590/4590/4590 4591/4591/4591 4592/4592/4592 
f 4593/4593/4593 4594/4594/4594 4595/4595/4595 
f 4596/4596/4596 4597/4597/4597 4598/4598/4598 
f 4599/4599/4599 4600/4600/4600 4601/4601/4601 
f 4602/4602/4602 4603/4603/4603 4604/4604/4604 
f 4605/4605/4605 4606/4606/4606 4607/4607/4607 
f 4608/4608/4608 4609/4609/4609 4610/4610/4610 
f 4611/4611/4611 4612/4612/4612 4613/4613/4613 
f 4614/4614/4614 4615/4615/4615 4616/4616/4616 
f 4617/4617/4617 4618/4618/4618 4619/4619/4619 
f 4620/4620/4620 4621/4621/4621 4622/4622/4622 
f 4623/4623/4623 4624/4624/4624 4625/4625/4625 
f 4626/4626/4626 4627/4627/4627 4628/4628/4628 
f 4629/4629/4629 4630/4630/4630 4631/4631/4631 
f 4632/4632/4632 4633/4633/4633 4634/4634/4634 
f 4635/4635/4635 4636/4636/4636 4637/4637/4637 
f 4638/4638/4638 4639/4639/4639 4640/4640/4640 
f 4641/4641/4641 4642/4642/4642 4643/4643/4643 
f 4644/4644/4644 4645/4645/4645 4646/4646/4646 
f 4647/4647/4647 4648/4648/4648 4649/4649/4649 
f 4650/4650/4650 4651/4651/4651 4652/4652/4652 
f 4653/4653/4653 4654/4654/4654 4655/4655/4655 
f 4656/4656/4656 4657/4657/4657 4658/4658/4658 
f 4659/4659/4659 4660/4660/4660 4661/4661/4661 
f 4662/4662/4662 4663/4663/4663 4664/4664/4664 
f 4665/4665/4665 4666/4666/4666 4667/4667/4667 
f 4668/4668/4668 4669/4669/4669 4670/4670/4670 
f 4671/4671/4671 4672/4672/4672 4673/4673/4673 
f 4674/4674/4674 4675/4675/4675 4676/4676/4676 
f 4677/4677/4677 4678/4678/4678 4679/4679/4679 
f 4680/4680/4680 4681/4681/4681 4682/4682/4682 
f 4683/4683/4683 4684/4684/4684 4685/4685/4685 
f 4686/4686/4686 4687/4687/4687 4688/4688/4688 
f 4689/4689/4689 4690/4690/4690 4691/4691/4691 
f 4692/4692/4692 4693/4693/4693 4694/4694/4694 
f 4695/4695/4695 4696/4696/4696 4697/4697/4697 
f 4698/4698/4698 4699/4699/4699 4700/4700/4700 
f 4701/4701/4701 4702/4702/4702 4703/4703/4703 
f 4704/4704/4704 4705/4705/4705 4706/4706/4706 
f 4707/4707/4707 4708/4708/4708 4709/4709/4709 
f 4710/4710/4710 4711/4711/4711 4712/4712/4712 
f 4713/4713/4713 4714/4714/4714 4715/4715/4715 
f 4716/4716/4716 4717/4717/4717 4718/4718/4718 
f 4719/4719/4719 4720/4720/4720 4721/4721/4721 
f 4722/4722/4722 4723/4723/4723 4724/4724/4724 
f 4725/4725/4725 4726/4726/4726 4727/4727/4727 
f 4728/4728/4728 4729/4729/4729 4730/4730/4730 
f 4731/4731/4731 4732/4732/4732 4733/4733/4733 
f 4734/4734/4734 4735/4735/4735 4736/4736/4736 
f 4737/4737/4737 4738/4738/4738 4739/4739/4739 
f 4740/4740/4740 4741/4741/4741 4742/4742/4742 
f 4743/4743/4743 4744/4744/4744 4745/4745/4745 
f 4746/4746/4746 4747/4747/4747 4748/4748/4748 
f 4749/4749/4749 4750/4750/4750 4751/4751/4751 
f 4752/4752/4752 4753/4753/4753 4754/4754/4754 
f 4755/4755/4755 4756/4756/4756 4757/4757/4757 
f 4758/4758/4758 4759/4759/4759 4760/4760/4760 
f 4761/4761/4761 4762/4762/4762 4763/4763/4763 
f 4764/4764/4764 4765/4765/4765 4766/4766/4766 
f 4767/4767/4767 4768/4768/4768 4769/4769/4769 
f 4770/4770/4770 4771/4771/4771 4772/4772/4772 
f 4773/4773/4773 4774/4774/4774 4775/4775/4775 
f 4776/4776/4776 4777/4777/4777 4778/4778/4778 
f 4779/4779/4779 4780/4780/4780 4781/4781/4781 
f 4782/4782/4782 4783/4783/4783 4784/4784/4784 
f 4785/4785/4785 4786/4786/4786 4787/4787/4787 
f 4788/4788/4788 4789/4789/4789 4790/4790/4790 
f 4791/4791/4791 4792/4792/4792 4793/4793/4793 
f 4794/4794/4794 4795/4795/4795 4796/4796/4796 
f 4797/4797/4797 4798/4798/4798 4799/4799/4799 
f 4800/4800/4800 4801/4801/4801 4802/4802/4802 
f 4803/4803/4803 4804/4804/4804 4805/4805/4805 
f 4806/4806/4806 4807/4807/4807 4808/4808/4808 
f 4809/4809/4809 4810/4810/4810 4811/4811/4811 
f 4812/4812/4812 4813/4813/4813 4814/4814/4814 
f 4815/4815/4815 4816/4816/4816 4817/4817/4817 
f 4818/4818/4818 4819/4819/4819 4820/4820/4820 
f 4821/4821/4821 4822/4822/4822 4823/4823/4823 
f 4824/4824/4824 4825/4825/4825 4826/4826/4826 
f 4827/4827/4827 4828/4828/4828 4829/4829/4829 
f 4830/4830/4830 4831/4831/4831 4832/4832/4832 
f 4833/4833/4833 4834/4834/4834 4835/4835/4835 
f 4836/4836/4836 4837/4837/4837 4838/4838/4838 
f 4839/4839/4839 4840/4840/4840 4841/4841/4841 
f 4842/4842/4842 4843/4843/4843 4844/4844/4844 
f 4845/4845/4845 4846/4846/4846 4847/4847/4847 
f 4848/4848/4848 4849/4849/4849 4850/4850/4850 
f 4851/4851/4851 4852/4852/4852 4853/4853/4853 
f 4854/4854/4854 4855/4855/4855 4856/4856/4856 
f 4857/4857/4857 4858/4858/4858 4859/4859/4859 
f 4860/4860/4860 4861/4861/4861 4862/4862/4862 
f 4863/4863/4863 4864/4864/4864 4865/4865/4865 
f 4866/4866/4866 4867/4867/4867 4868/4868/4868 
f 4869/4869/4869 4870/4870/4870 4871/4871/4871 
f 4872/4872/4872 4873/4873/4873 4874/4874/4874 
f 4875/4875/4875 4876/4876/4876 4877/4877/4877 
f 4878/4878/4878 4879/4879/4879 4880/4880/4880 
f 4881/4881/4881 4882/4882/4882 4883/4883/4883 
f 4884/4884/4884 4885/4885/4885 4886/4886/4886 
f 4887/4887/4887 4888/4888/4888 4889/4889/4889 
f 4890/4890/4890 4891/4891/4891 4892/4892/4892 
f 4893/4893/4893 4894/4894/4894 4895/4895/4895 
f 4896/4896/4896 4897/4897/4897 4898/4898/4898 
f 4899/4899/4899 4900/4900/4900 4901/4901/4901 
f 4902/4902/4902 4903/4903/4903 4904/4904/4904 
f 4905/4905/4905 4906/4906/4906 4907/4907/4907 
f 4908/4908/4908 4909/4909/4909 4910/4910/4910 
f 4911/4911/4911 4912/4912/4912 4913/4913/4913 
f 4914/4914/4914 4915/4915/4915 4916/4916/4916 
f 4917/4917/4917 4918/4918/4918 4919/4919/4919 
f 4920/4920/4920 4921/4921/4921 4922/4922/4922 
f 4923/4923/4923 4924/4924/4924 4925/4925/4925 
f 4926/4926/4926 4927/4927/4927 4928/4928/4928 
f 4929/4929/4929 4930/4930/4930 4931/4931/4931 
f 4932/4932/4932 4933/4933/4933 4934/4934/4934 
f 4935/4935/4935 4936/4936/4936 4937/4937/4937 
f 4938/4938/4938 4939/4939/4939 4940/4940/4940 
f 4941/4941/4941 4942/4942/4942 4943/4943/4943 
f 4944/4944/4944 4945/4945/4945 4946/4946/4946 
f 4947/4947/4947 4948/4948/4948 4949/4949/4949 
f 4950/4950/4950 4951/4951/4951 4952/4952/4952 
f 4953/4953/4953 4954/4954/4954 4955/4955/4955 
f 4956/4956/4956 4957/4957/4957 4958/4958/4958 
f 4959/4959/4959 4960/4960/4960 4961/4961/4961 
f 4962/4962/4962 4963/4963/4963 4964/4964/4964 
f 4965/4965/4965 4966/4966/4966 4967/4967/4967 
f 4968/4968/4968 4969/4969/4969 4970/4970/4970 
f 4971/4971/4971 4972/4972/4972 4973/4973/4973 
f 4974/4974/4974 4975/4975/4975 4976/4976/4976 
f 4977/4977/4977 4978/4978/4978 4979/4979/4979 
f 4980/4980/4980 4981/4981/4981 4982/4982/4982 
f 4983/4983/4983 4984/4984/4984 4985/4985/4985 
f 4986/4986/4986 4987/4987/4987 4988/4988/4988 
f 4989/4989/4989 4990/4990/4990 4991/4991/4991 
f 4992/4992/4992 4993/4993/4993 4994/4994/4994 
f 4995/4995/4995 4996/4996/4996 4997/4997/4997 
f 4998/4998/4998 4999/4999/4999 5000/5000/5000 
f 5001/5001/5001 5002/5002/5002 5003/5003/5003 
f 5004/5004/5004 5005/5005/5005 5006/5006/5006 
f 5007/5007/5007 5008/5008/5008 5009/5009/5009 
f 5010/5010/5010 5011/5011/5011 5012/5012/5012 
f 5013/5013/5013 5014/5014/5014 5015/5015/5015 
f 5016/5016/5016 5017/5017/5017 5018/5018/5018 
f 5019/5019/5019 5020/5020/5020 5021/5021/5021 
f 5022/5022/5022 5023/5023/5023 5024/5024/5024 
f 5025/5025/5025 5026/5026/5026 5027/5027/5027 
f 5028/5028/5028 5029/5029/5029 5030/5030/5030 
f 5031/5031/5031 5032/5032/5032 5033/5033/5033 
f 5034/5034/5034 5035/5035/5035 5036/5036/5036 
f 5037/5037/5037 5038/5038/5038 5039/5039/5039 
f 5040/5040/5040 5041/5041/5041 5042/5042/5042 
f 5043/5043/5043 5044/5044/5044 5045/5045/5045 
f 5046/5046/5046 5047/5047/5047 5048/5048/5048 
f 5049/5049/5049 5050/5050/5050 5051/5051/5051 
f 5052/5052/5052 5053/5053/5053 5054/5054/5054 
f 5055/5055/5055 5056/5056/5056 5057/5057/5057 
f 5058/5058/5058 5059/5059/5059 5060/5060/5060 
f 5061/5061/5061 5062/5062/5062 5063/5063/5063 
f 5064/5064/5064 5065/5065/5065 5066/5066/5066 
f 5067/5067/5067 5068/5068/5068 5069/5069/5069 
f 5070/5070/5070 5071/5071/5071 5072/5072/5072 
f 5073/5073/5073 5074/5074/5074 5075/5075/5075 
f 5076/5076/5076 5077/5077/5077 5078/5078/5078 
f 5079/5079/5079 5080/5080/5080 5081/5081/5081 
f 5082/5082/5082 5083/5083/5083 5084/5084/5084 
f 5085/5085/5085 5086/5086/5086 5087/5087/5087 
f 5088/5088/5088 5089/5089/5089 5090/5090/5090 
f 5091/5091/5091 5092/5092/5092 5093/5093/5093 
f 5094/5094/5094 5095/5095/5095 5096/5096/5096 
f 5097/5097/5097 5098/5098/5098 5099/5099/5099 
f 5100/5100/5100 5101/5101/5101 5102/5102/5102 
f 5103/5103/5103 5104/5104/5104 5105/5105/5105 
f 5106/5106/5106 5107/5107/5107 5108/5108/5108 
f 5109/5109/5109 5110/5110/5110 5111/5111/5111 
f 5112/5112/5112 5113/5113/5113 5114/5114/5114 
f 5115/5115/5115 5116/5116/5116 5117/5117/5117 
f 5118/5118/5118 5119/5119/5119 5120/5120/5120 
f 5121/5121/5121 5122/5122/5122 5123/5123/5123 
f 5124/5124/5124 5125/5125/5125 5126/5126/5126 
f 5127/5127/5127 5128/5128/5128 5129/5129/5129 
f 5130/5130/5130 5131/5131/5131 5132/5132/5132 
f 5133/5133/5133 5134/5134/5134 5135/5135/5135 
f 5136/5136/5136 5137/5137/5137 5138/5138/5138 
f 5139/5139/5139 5140/5140/5140 5141/5141/5141 
f 5142/5142/5142 5143/5143/5143 5144/5144/5144 
f 5145/5145/5145 5146/5146/5146 5147/5147/5147 
f 5148/5148/5148 5149/5149/5149 5150/5150/5150 
f 5151/5151/5151 5152/5152/5152 5153/5153/5153 
f 5154/5154/5154 5155/5155/5155 5156/5156/5156 
f 5157/5157/5157 5158/5158/5158 5159/5159/5159 
f 5160/5160/5160 5161/5161/5161 5162/5162/5162 
f 5163/5163/5163 5164/5164/5164 5165/5165/5165 
f 5166/5166/5166 5167/5167/5167 5168/5168/5168 
f 5169/5169/5169 5170/5170/5170 5171/5171/5171 
f 5172/5172/5172 5173/5173/5173 5174/5174/5174 
f 5175/5175/5175 5176/5176/5176 5177/5177/5177 
f 5178/5178/5178 5179/5179/5179 5180/5180/5180 
f 5181/5181/5181 5182/5182/5182 5183/5183/5183 
f 5184/5184/5184 5185/5185/5185 5186/5186/5186 
f 5187/5187/5187 5188/5188/5188 5189/5189/5189 
f 5190/5190/5190 5191/5191/5191 5192/5192/5192 
f 5193/5193/5193 5194/5194/5194 5195/5195/5195 
f 5196/5196/5196 5197/5197/5197 5198/5198/5198 
f 5199/5199/5199 5200/5200/5200 5201/5201/5201 
f 5202/5202/5202 5203/5203/5203 5204/5204/5204 
f 5205/5205/5205 5206/5206/5206 5207/5207/5207 
f 5208/5208/5208 5209/5209/5209 5210/5210/5210 
f 5211/5211/5211 5212/5212/5212 5213/5213/5213 
f 5214/5214/5214 5215/5215/5215 5216/5216/5216 
f 5217/5217/5217 5218/5218/5218 5219/5219/5219 
f 5220/5220/5220 5221/5221/5221 5222/5222/5222 
f 5223/5223/5223 5224/5224/5224 5225/5225/5225 
f 5226/5226/5226 5227/5227/5227 5228/5228/5228 
f 5229/5229/5229 5230/5230/5230 5231/5231/5231 
f 5232/5232/5232 5233/5233/5233 5234/5234/5234 
f 5235/5235/5235 5236/5236/5236 5237/5237/5237 
f 5238/5238/5238 5239/5239/5239 5240/5240/5240 
f 5241/5241/5241 5242/5242/5242 5243/5243/5243 
f 5244/5244/5244 5245/5245/5245 5246/5246/5246 
f 5247/5247/5247 5248/5248/5248 5249/5249/5249 
f 5250/5250/5250 5251/5251/5251 5252/5252/5252 
f 5253/5253/5253 5254/5254/5254 5255/5255/5255 
f 5256/5256/5256 5257/5257/5257 5258/5258/5258 
f 5259/5259/5259 5260/5260/5260 5261/5261/5261 
f 5262/5262/5262 5263/5263/5263 5264/5264/5264 
f 5265/5265/5265 5266/5266/5266 5267/5267/5267 
f 5268/5268/5268 5269/5269/5269 5270/5270/5270 
f 5271/5271/5271 5272/5272/5272 5273/5273/5273 
f 5274/5274/5274 5275/5275/5275 5276/5276/5276 
f 5277/5277/5277 5278/5278/5278 5279/5279/5279 
f 5280/5280/5280 5281/5281/5281 5282/5282/5282 
f 5283/5283/5283 5284/5284/5284 5285/5285/5285 
f 5286/5286/5286 5287/5287/5287 5288/5288/5288 
f 5289/5289/5289 5290/5290/5290 5291/5291/5291 
f 5292/5292/5292 5293/5293/5293 5294/5294/5294 
f 5295/5295/5295 5296/5296/5296 5297/5297/5297 
f 5298/5298/5298 5299/5299/5299 5300/5300/5300 
f 5301/5301/5301 5302/5302/5302 5303/5303/5303 
f 5304/5304/5304 5305/5305/5305 5306/5306/5306 
f 5307/5307/5307 5308/5308/5308 5309/5309/5309 
f 5310/5310/5310 5311/5311/5311 5312/5312/5312 
f 5313/5313/5313 5314/5314/5314 5315/5315/5315 
f 5316/5316/5316 5317/5317/5317 5318/5318/5318 
f 5319/5319/5319 5320/5320/5320 5321/5321/5321 
f 5322/5322/5322 5323/5323/5323 5324/5324/5324 
f 5325/5325/5325 5326/5326/5326 5327/5327/5327 
f 5328/5328/5328 5329/5329/5329 5330/5330/5330 
f 5331/5331/5331 5332/5332/5332 5333/5333/5333 
f 5334/5334/5334 5335/5335/5335 5336/5336/5336 
f 5337/5337/5337 5338/5338/5338 5339/5339/5339 
f 5340/5340/5340 5341/5341/5341 5342/5342/5342 
f 5343/5343/5343 5344/5344/5344 5345/5345/5345 
f 5346/5346/5346 5347/5347/5347 5348/5348/5348 
f 5349/5349/5349 5350/5350/5350 5351/5351/5351 
f 5352/5352/5352 5353/5353/5353 5354/5354/5354 
f 5355/5355/5355 5356/5356/5356 5357/5357/5357 
f 5358/5358/5358 5359/5359/5359 5360/5360/5360 
f 5361/5361/5361 5362/5362/5362 5363/5363/5363 
f 5364/5364/5364 5365/5365/5365 5366/5366/5366 
f 5367/5367/5367 5368/5368/5368 5369/5369/5369 
f 5370/5370/5370 5371/5371/5371 5372/5372/5372 
f 5373/5373/5373 5374/5374/5374 5375/5375/5375 
f 5376/5376/5376 5377/5377/5377 5378/5378/5378 
f 5379/5379/5379 5380/5380/5380 5381/5381/5381 
f 5382/5382/5382 5383/5383/5383 5384/5384/5384 
f 5385/5385/5385 5386/5386/5386 5387/5387/5387 
f 5388/5388/5388 5389/5389/5389 5390/5390/5390 
f 5391/5391/5391 5392/5392/5392 5393/5393/5393 
f 5394/5394/5394 5395/5395/5395 5396/5396/5396 
f 5397/5397/5397 5398/5398/5398 5399/5399/5399 
f 5400/5400/5400 5401/5401/5401 5402/5402/5402 
f 5403/5403/5403 5404/5404/5404 5405/5405/5405 
f 5406/5406/5406 5407/5407/5407 5408/5408/5408 
f 5409/5409/5409 5410/5410/5410 5411/5411/5411 
f 5412/5412/5412 5413/5413/5413 5414/5414/5414 
f 5415/5415/5415 5416/5416/5416 5417/5417/5417 
f 5418/5418/5418 5419/5419/5419 5420/5420/5420 
f 5421/5421/5421 5422/5422/5422 5423/5423/5423 
f 5424/5424/5424 5425/5425/5425 5426/5426/5426 
f 5427/5427/5427 5428/5428/5428 5429/5429/5429 
f 5430/5430/5430 5431/5431/5431 5432/5432/5432 
f 5433/5433/5433 5434/5434/5434 5435/5435/5435 
f 5436/5436/5436 5437/5437/5437 5438/5438/5438 
f 5439/5439/5439 5440/5440/5440 5441/5441/5441 
f 5442/5442/5442 5443/5443/5443 5444/5444/5444 
f 5445/5445/5445 5446/5446/5446 5447/5447/5447 
f 5448/5448/5448 5449/5449/5449 5450/5450/5450 
f 5451/5451/5451 5452/5452/5452 5453/5453/5453 
f 5454/5454/5454 5455/5455/5455 5456/5456/5456 
f 5457/5457/5457 5458/5458/5458 5459/5459/5459 
f 5460/5460/5460 5461/5461/5461 5462/5462/5462 
f 5463/5463/5463 5464/5464/5464 5465/5465/5465 
f 5466/5466/5466 5467/5467/5467 5468/5468/5468 
f 5469/5469/5469 5470/5470/5470 5471/5471/5471 
f 5472/5472/5472 5473/5473/5473 5474/5474/5474 
f 5475/5475/5475 5476/5476/5476 5477/5477/5477 
f 5478/5478/5478 5479/5479/5479 5480/5480/5480 
f 5481/5481/5481 5482/5482/5482 5483/5483/5483 
f 5484/5484/5484 5485/5485/5485 5486/5486/5486 
f 5487/5487/5487 5488/5488/5488 5489/5489/5489 
f 5490/5490/5490 5491/5491/5491 5492/5492/5492 
f 5493/5493/5493 5494/5494/5494 5495/5495/5495 
f 5496/5496/5496 5497/5497/5497 5498/5498/5498 
f 5499/5499/5499 5500/5500/5500 5501/5501/5501 
f 5502/5502/5502 5503/5503/5503 5504/5504/5504 
f 5505/5505/5505 5506/5506/5506 5507/5507/5507 
f 5508/5508/5508 5509/5509/5509 5510/5510/5510 
f 5511/5511/5511 5512/5512/5512 5513/5513/5513 
f 5514/5514/5514 5515/5515/5515 5516/5516/5516 
f 5517/5517/5517 5518/5518/5518 5519/5519/5519 
f 5520/5520/5520 5521/5521/5521 5522/5522/5522 
f 5523/5523/5523 5524/5524/5524 5525/5525/5525 
f 5526/5526/5526 5527/5527/5527 5528/5528/5528 
f 5529/5529/5529 5530/5530/5530 5531/5531/5531 
f 5532/5532/5532 5533/5533/5533 5534/5534/5534 
f 5535/5535/5535 5536/5536/5536 5537/5537/5537 
f 5538/5538/5538 5539/5539/5539 5540/5540/5540 
f 5541/5541/5541 5542/5542/5542 5543/5543/5543 
f 5544/5544/5544 5545/5545/5545 5546/5546/5546 
f 5547/5547/5547 5548/5548/5548 5549/5549/5549 
f 5550/5550/5550 5551/5551/5551 5552/5552/5552 
f 5553/5553/5553 5554/5554/5554 5555/5555/5555 
f 5556/5556/5556 5557/5557/5557 5558/5558/5558 
f 5559/5559/5559 5560/5560/5560 5561/5561/5561 
f 5562/5562/5562 5563/5563/5563 5564/5564/5564 
f 5565/5565/5565 5566/5566/5566 5567/5567/5567 
f 5568/5568/5568 5569/5569/5569 5570/5570/5570 
f 5571/5571/5571 5572/5572/5572 5573/5573/5573 
f 5574/5574/5574 5575/5575/5575 5576/5576/5576 
f 5577/5577/5577 5578/5578/5578 5579/5579/5579 
f 5580/5580/5580 5581/5581/5581 5582/5582/5582 
f 5583/5583/5583 5584/5584/5584 5585/5585/5585 
f 5586/5586/5586 5587/5587/5587 5588/5588/5588 
f 5589/5589/5589 5590/5590/5590 5591/5591/5591 
f 5592/5592/5592 5593/5593/5593 5594/5594/5594 
f 5595/5595/5595 5596/5596/5596 5597/5597/5597 
f 5598/5598/5598 5599/5599/5599 5600/5600/5600 
f 5601/5601/5601 5602/5602/5602 5603/5603/5603 
f 5604/5604/5604 5605/5605/5605 5606/5606/5606 
f 5607/5607/5607 5608/5608/5608 5609/5609/5609 
f 5610/5610/5610 5611/5611/5611 5612/5612/5612 
f 5613/5613/5613 5614/5614/5614 5615/5615/5615 
f 5616/5616/5616 5617/5617/5617 5618/5618/5618 
f 5619/5619/5619 5620/5620/5620 5621/5621/5621 
f 5622/5622/5622 5623/5623/5623 5624/5624/5624 
f 5625/5625/5625 5626/5626/5626 5627/5627/5627 
f 5628/5628/5628 5629/5629/5629 5630/5630/5630 
f 5631/5631/5631 5632/5632/5632 5633/5633/5633 
f 5634/5634/5634 5635/5635/5635 5636/5636/5636 
f 5637/5637/5637 5638/5638/5638 5639/5639/5639 
f 5640/5640/5640 5641/5641/5641 5642/5642/5642 
f 5643/5643/5643 5644/5644/5644 5645/5645/5645 
f 5646/5646/5646 5647/5647/5647 5648/5648/5648 
f 5649/5649/5649 5650/5650/5650 5651/5651/5651 
f 5652/5652/5652 5653/5653/5653 5654/5654/5654 
f 5655/5655/5655 5656/5656/5656 5657/5657/5657 
f 5658/5658/5658 5659/5659/5659 5660/5660/5660 
f 5661/5661/5661 5662/5662/5662 5663/5663/5663 
f 5664/5664/5664 5665/5665/5665 5666/5666/5666 
f 5667/5667/5667 5668/5668/5668 5669/5669/5669 
f 5670/5670/5670 5671/5671/5671 5672/5672/5672 
f 5673/5673/5673 5674/5674/5674 5675/5675/5675 
f 5676/5676/5676 5677/5677/5677 5678/5678/5678 
f 5679/5679/5679 5680/5680/5680 5681/5681/5681 
f 5682/5682/5682 5683/5683/5683 5684/5684/5684 
f 5685/5685/5685 5686/5686/5686 5687/5687/5687 
f 5688/5688/5688 5689/5689/5689 5690/5690/5690 
f 5691/5691/5691 5692/5692/5692 5693/5693/5693 
f 5694/5694/5694 5695/5695/5695 5696/5696/5696 
f 5697/5697/5697 5698/5698/5698 5699/5699/5699 
f 5700/5700/5700 5701/5701/5701 5702/5702/5702 
f 5703/5703/5703 5704/5704/5704 5705/5705/5705 
f 5706/5706/5706 5707/5707/5707 5708/5708/5708 
f 5709/5709/5709 5710/5710/5710 5711/5711/5711 
f 5712/5712/5712 5713/5713/5713 5714/5714/5714 
f 5715/5715/5715 5716/5716/5716 5717/5717/5717 
f 5718/5718/5718 5719/5719/5719 5720/5720/5720 
f 5721/5721/5721 5722/5722/5722 5723/5723/5723 
f 5724/5724/5724 5725/5725/5725 5726/5726/5726 
f 5727/5727/5727 5728/5728/5728 5729/5729/5729 
f 5730/5730/5730 5731/5731/5731 5732/5732/5732 
f 5733/5733/5733 5734/5734/5734 5735/5735/5735 
f 5736/5736/5736 5737/5737/5737 5738/5738/5738 
f 5739/5739/5739 5740/5740/5740 5741/5741/5741 
f 5742/5742/5742 5743/5743/5743 5744/5744/5744 
f 5745/5745/5745 5746/5746/5746 5747/5747/5747 
f 5748/5748/5748 5749/5749/5749 5750/5750/5750 
f 5751/5751/5751 5752/5752/5752 5753/5753/5753 
f 5754/5754/5754 5755/5755/5755 5756/5756/5756 
f 5757/5757/5757 5758/5758/5758 5759/5759/5759 
f 5760/5760/5760 5761/5761/5761 5762/5762/5762 
f 5763/5763/5763 5764/5764/5764 5765/5765/5765 
f 5766/5766/5766 5767/5767/5767 5768/5768/5768 
f 5769/5769/5769 5770/5770/5770 5771/5771/5771 
f 5772/5772/5772 5773/5773/5773 5774/5774/5774 
f 5775/5775/5775 5776/5776/5776 5777/5777/5777 
f 5778/5778/5778 5779/5779/5779 5780/5780/5780 
f 5781/5781/5781 5782/5782/5782 5783/5783/5783 
f 5784/5784/5784 5785/5785/5785 5786/5786/5786 
f 5787/5787/5787 5788/5788/5788 5789/5789/5789 
f 5790/5790/5790 5791/5791/5791 5792/5792/5792 
f 5793/5793/5793 5794/5794/5794 5795/5795/5795 
f 5796/5796/5796 5797/5797/5797 5798/5798/5798 
f 5799/5799/5799 5800/5800/5800 5801/5801/5801 
f 5802/5802/5802 5803/5803/5803 5804/5804/5804 
f 5805/5805/5805 5806/5806/5806 5807/5807/5807 
f 5808/5808/5808 5809/5809/5809 5810/5810/5810 
f 5811/5811/5811 5812/5812/5812 5813/5813/5813 
f 5814/5814/5814 5815/5815/5815 5816/5816/5816 
f 5817/5817/5817 5818/5818/5818 5819/5819/5819 
f 5820/5820/5820 5821/5821/5821 5822/5822/5822 
f 5823/5823/5823 5824/5824/5824 5825/5825/5825 
f 5826/5826/5826 5827/5827/5827 5828/5828/5828 
f 5829/5829/5829 5830/5830/5830 5831/5831/5831 
f 5832/5832/5832 5833/5833/5833 5834/5834/5834 
f 5835/5835/5835 5836/5836/5836 5837/5837/5837 
f 5838/5838/5838 5839/5839/5839 5840/5840/5840 
f 5841/5841/5841 5842/5842/5842 5843/5843/5843 
f 5844/5844/5844 5845/5845/5845 5846/5846/5846 
f 5847/5847/5847 5848/5848/5848 5849/5849/5849 
f 5850/5850/5850 5851/5851/5851 5852/5852/5852 
f 5853/5853/5853 5854/5854/5854 5855/5855/5855 
f 5856/5856/5856 5857/5857/5857 5858/5858/5858 
f 5859/5859/5859 5860/5860/5860 5861/5861/5861 
f 5862/5862/5862 5863/5863/5863 5864/5864/5864 
f 5865/5865/5865 5866/5866/5866 5867/5867/5867 
f 5868/5868/5868 5869/5869/5869 5870/5870/5870 
f 5871/5871/5871 5872/5872/5872 5873/5873/5873 
f 5874/5874/5874 5875/5875/5875 5876/5876/5876 
f 5877/5877/5877 5878/5878/5878 5879/5879/5879 
f 5880/5880/5880 5881/5881/5881 5882/5882/5882 
f 5883/5883/5883 5884/5884/5884 5885/5885/5885 
f 5886/5886/5886 5887/5887/5887 5888/5888/5888 
f 5889/5889/5889 5890/5890/5890 5891/5891/5891 
f 5892/5892/5892 5893/5893/5893 5894/5894/5894 
f 5895/5895/5895 5896/5896/5896 5897/5897/5897 
f 5898/5898/5898 5899/5899/5899 5900/5900/5900 
f 5901/5901/5901 5902/5902/5902 5903/5903/5903 
f 5904/5904/5904 5905/5905/5905 5906/5906/5906 
f 5907/5907/5907 5908/5908/5908 5909/5909/5909 
f 5910/5910/5910 5911/5911/5911 5912/5912/5912 
f 5913/5913/5913 5914/5914/5914 5915/5915/5915 
f 5916/5916/5916 5917/5917/5917 5918/5918/5918 
f 5919/5919/5919 5920/5920/5920 5921/5921/5921 
f 5922/5922/5922 5923/5923/5923 5924/5924/5924 
f 5925/5925/5925 5926/5926/5926 5927/5927/5927 
f 5928/5928/5928 5929/5929/5929 5930/5930/5930 
f 5931/5931/5931 5932/5932/5932 5933/5933/5933 
f 5934/5934/5934 5935/5935/5935 5936/5936/5936 
f 5937/5937/5937 5938/5938/5938 5939/5939/5939 
f 5940/5940/5940 5941/5941/5941 5942/5942/5942 
f 5943/5943/5943 5944/5944/5944 5945/5945/5945 
f 5946/5946/5946 5947/5947/5947 5948/5948/5948 
f 5949/5949/5949 5950/5950/5950 5951/5951/5951 
f 5952/5952/5952 5953/5953/5953 5954/5954/5954 
f 5955/5955/5955 5956/5956/5956 5957/5957/5957 
f 5958/5958/5958 5959/5959/5959 5960/5960/5960 
f 5961/5961/5961 5962/5962/5962 5963/5963/5963 
f 5964/5964/5964 5965/5965/5965 5966/5966/5966 
f 5967/5967/5967 5968/5968/5968 5969/5969/5969 
f 5970/5970/5970 5971/5971/5971 5972/5972/5972 
f 5973/5973/5973 5974/5974/5974 5975/5975/5975 
f 5976/5976/5976 5977/5977/5977 5978/5978/5978 
f 5979/5979/5979 5980/5980/5980 5981/5981/5981 
f 5982/5982/5982 5983/5983/5983 5984/5984/5984 
f 5985/5985/5985 5986/5986/5986 5987/5987/5987 
f 5988/5988/5988 5989/5989/5989 5990/5990/5990 
f 5991/5991/5991 5992/5992/5992 5993/5993/5993 
f 5994/5994/5994 5995/5995/5995 5996/5996/5996 
f 5997/5997/5997 5998/5998/5998 5999/5999/5999 
f 6000/6000/6000 6001/6001/6001 6002/6002/6002 
f 6003/6003/6003 6004/6004/6004 6005/6005/6005 
f 6006/6006/6006 6007/6007/6007 6008/6008/6008 
f 6009/6009/6009 6010/6010/6010 6011/6011/6011 
f 6012/6012/6012 6013/6013/6013 6014/6014/6014 
f 6015/6015/6015 6016/6016/6016 6017/6017/6017 

