# This file is brought to you by Roblox Corporation
# Generated by Roblox Studio

mtllib hello neighbor camera.mtl

g Camerabase21

v 5.46043 0.687737 -9.71208 
v 5.4401 0.676178 -9.70392 
v 5.44299 0.678944 -9.73031 
v 5.45909 0.684478 -9.68705 
v 5.46356 0.692414 -9.73896 
v 5.48018 0.696283 -9.6964 
v 5.48279 0.699363 -9.72254 
v 5.27687 0.748317 -9.4846 
v 5.29723 0.750342 -9.49242 
v 5.29333 0.752964 -9.47063 
v 5.28093 0.746153 -9.50615 
v 5.27299 0.751336 -9.46286 
v 5.26019 0.744384 -9.49897 
v 5.25623 0.747041 -9.47688 
v 5.25736 0.766815 -9.53015 
v 5.27772 0.770775 -9.5372 
v 5.27382 0.767735 -9.51546 
v 5.26143 0.770237 -9.55154 
v 5.25348 0.764171 -9.50836 
v 5.24069 0.766691 -9.54505 
v 5.23672 0.763608 -9.52302 
v 4.84382 2.13927 -9.3476 
v 4.86176 2.13927 -9.20656 
v 5.56641 2.13927 -9.25621 
v 5.60469 2.13927 -9.37157 
v 4.8482 2.13927 -9.63159 
v 5.63789 2.13927 -9.61716 
v 5.63288 2.13927 -9.74845 
v 4.85542 2.13927 -9.77339 
v 5.36812 0.75544 -9.55084 
v 5.36357 0.730963 -9.52641 
v 5.35926 0.716357 -9.55973 
v 5.37197 0.769907 -9.52051 
v 5.3633 0.741126 -9.5827 
v 5.37608 0.793086 -9.54556 
v 5.37155 0.778167 -9.57696 
v 5.27239 1.15653 -9.53591 
v 5.28537 1.15653 -9.50456 
v 5.31033 0.788655 -9.50455 
v 5.29518 0.788655 -9.54112 
v 5.28971 1.59914 -9.50456 
v 5.25862 0.788655 -9.55626 
v 5.27442 1.59914 -9.54146 
v 5.24103 1.15653 -9.5489 
v 5.32864 2.00666 -9.50456 
v 5.30813 2.00666 -9.55407 
v 5.25862 2.00666 -9.57458 
v 5.23751 1.59914 -9.55675 
v 5.22206 0.788653 -9.54112 
v 5.20968 1.15653 -9.53591 
v 5.20911 2.00666 -9.55407 
v 5.2006 1.59914 -9.54146 
v 5.20691 0.788647 -9.50455 
v 5.19669 1.1565 -9.50456 
v 5.18532 1.59914 -9.50456 
v 5.1886 2.00666 -9.50456 
v 5.20968 1.15653 -9.4732 
v 5.2006 1.59914 -9.46765 
v 5.22206 0.788653 -9.46799 
v 5.24103 1.15653 -9.46021 
v 5.23751 1.59914 -9.45236 
v 5.20911 2.00666 -9.45504 
v 5.25862 2.00666 -9.43454 
v 5.27442 1.59914 -9.46765 
v 5.25862 0.788655 -9.45285 
v 5.27239 1.15653 -9.4732 
v 5.28971 1.59914 -9.50456 
v 5.30813 2.00666 -9.45504 
v 5.32864 2.00666 -9.50456 
v 5.29518 0.788655 -9.46799 
v 5.31033 0.788655 -9.50455 
v 5.28537 1.15653 -9.50456 
v 4.86176 2.13927 -9.20656 
v 4.84382 2.13927 -9.3476 
v 4.91838 2.00631 -9.23948 
v 4.88785 2.00631 -9.36427 
v 4.8482 2.13927 -9.63159 
v 4.89541 2.00631 -9.61744 
v 4.90469 2.00631 -9.74469 
v 4.85542 2.13927 -9.77339 
v 5.63288 2.13927 -9.74845 
v 5.63789 2.13927 -9.61716 
v 5.594 2.00631 -9.71546 
v 5.60161 2.00631 -9.6005 
v 5.60469 2.13927 -9.37157 
v 5.5746 2.00631 -9.3814 
v 5.53936 2.00631 -9.27519 
v 5.56641 2.13927 -9.25621 
v 5.56641 2.13927 -9.25621 
v 4.91838 2.00631 -9.23948 
v 5.53936 2.00631 -9.27519 
v 4.86176 2.13927 -9.20656 
v 4.85542 2.13927 -9.77339 
v 5.63288 2.13927 -9.74845 
v 4.90469 2.00631 -9.74469 
v 5.594 2.00631 -9.71546 
v 4.9788 1.98616 -9.68398 
v 4.97145 2.00631 -9.69084 
v 4.9993 2.00631 -9.70327 
v 4.96346 2.00631 -9.66164 
v 4.99925 1.98607 -9.69367 
v 4.97206 1.98511 -9.66249 
v 5.00082 1.97548 -9.6645 
v 5.02075 1.9849 -9.68655 
v 5.02852 2.00631 -9.6939 
v 5.03003 1.98337 -9.66585 
v 5.02375 1.9823 -9.64522 
v 5.00279 1.98241 -9.63511 
v 4.98129 1.98358 -9.64231 
v 4.97475 2.00631 -9.63455 
v 5.00388 2.00631 -9.62501 
v 5.03977 2.00631 -9.66533 
v 5.03347 2.00631 -9.63877 
v 4.96366 1.98718 -9.32451 
v 4.95653 2.00631 -9.33116 
v 4.98353 2.00631 -9.34322 
v 4.94878 2.00631 -9.30285 
v 4.98349 1.98709 -9.33391 
v 4.95712 1.98616 -9.30367 
v 4.98501 1.97682 -9.30562 
v 5.00434 1.98595 -9.327 
v 5.01188 2.00631 -9.33413 
v 5.01334 1.98447 -9.30693 
v 5.00724 1.98343 -9.28692 
v 4.98692 1.98354 -9.27712 
v 4.96607 1.98467 -9.2841 
v 4.95972 2.00631 -9.27658 
v 4.98798 2.00631 -9.26732 
v 5.02279 2.00631 -9.30643 
v 5.01667 2.00631 -9.28066 
v 5.47464 1.98718 -9.35491 
v 5.46751 2.00631 -9.36156 
v 5.49451 2.00631 -9.37362 
v 5.45976 2.00631 -9.33325 
v 5.49447 1.98709 -9.36431 
v 5.4681 1.98616 -9.33407 
v 5.49599 1.97682 -9.33602 
v 5.51532 1.98595 -9.3574 
v 5.52286 2.00631 -9.36453 
v 5.52432 1.98447 -9.33733 
v 5.51822 1.98343 -9.31732 
v 5.4979 1.98354 -9.30752 
v 5.47705 1.98467 -9.3145 
v 5.4707 2.00631 -9.30698 
v 5.49896 2.00631 -9.29772 
v 5.53377 2.00631 -9.33682 
v 5.52765 2.00631 -9.31106 
v 5.51737 1.98775 -9.68022 
v 5.51142 2.00631 -9.68577 
v 5.53395 2.00631 -9.69584 
v 5.50495 2.00631 -9.66215 
v 5.53391 1.98767 -9.68807 
v 5.5119 1.9869 -9.66284 
v 5.53518 1.9791 -9.66446 
v 5.55132 1.98673 -9.6823 
v 5.5576 2.00631 -9.68826 
v 5.55883 1.98549 -9.66555 
v 5.55374 1.98462 -9.64886 
v 5.53677 1.98471 -9.64068 
v 5.51937 1.98566 -9.64651 
v 5.51408 2.00631 -9.64023 
v 5.53766 2.00631 -9.6325 
v 5.56671 2.00631 -9.66514 
v 5.5616 2.00631 -9.64363 
v 4.91838 2.00631 -9.23948 
v 4.88785 2.00631 -9.36427 
v 5.53936 2.00631 -9.27519 
v 5.5746 2.00631 -9.3814 
v 4.89541 2.00631 -9.61744 
v 5.60161 2.00631 -9.6005 
v 5.594 2.00631 -9.71546 
v 4.90469 2.00631 -9.74469 

vn 0.464567 -0.88189 -0.0787402 
vn 0.472441 -0.88189 -0.0629921 
vn 0.503937 -0.866142 -0.0629921 
vn 0.456693 -0.88189 -0.0866142 
vn 0.472441 -0.874016 -0.0944882 
vn 0.448819 -0.889764 -0.0787402 
vn 0.425197 -0.897638 -0.0866142 
vn 0.133858 -0.984252 0.141732 
vn 0.149606 -0.976378 0.133858 
vn 0.149606 -0.976378 0.149606 
vn 0.133858 -0.984252 0.125984 
vn 0.125984 -0.976378 0.15748 
vn 0.11811 -0.984252 0.133858 
vn 0.11811 -0.984252 0.149606 
vn 0.133858 -0.984252 -0.110236 
vn 0.149606 -0.984252 -0.11811 
vn 0.149606 -0.984252 -0.102362 
vn 0.133858 -0.984252 -0.133858 
vn 0.125984 -0.984252 -0.0944882 
vn 0.11811 -0.984252 -0.125984 
vn 0.11811 -0.984252 -0.110236 
vn 0 1 0 
vn 0 1 0 
vn 0 1 0 
vn 0 1 0 
vn 0 1 0 
vn 0 1 0 
vn 0 1 0 
vn 0 1 0 
vn 0.976378 -0.204724 -0.0393701 
vn 0.976378 -0.212598 -0.0314961 
vn 0.976378 -0.212598 -0.0472441 
vn 0.976378 -0.204724 -0.023622 
vn 0.976378 -0.212598 -0.0551181 
vn 0.976378 -0.204724 -0.0393701 
vn 0.976378 -0.204724 -0.0472441 
vn 0.700787 0.023622 -0.708661 
vn 1 0.0314961 0 
vn 1 0.0708661 0 
vn 0.708661 0.0551181 -0.700787 
vn 1 -0.0551181 0 
vn 0.00787402 0.023622 -1 
vn 0.700787 -0.0472441 -0.708661 
vn -0.00787402 0 -1 
vn 0.992126 -0.0944882 0 
vn 0.708661 -0.0787402 -0.700787 
vn 0.015748 -0.0472441 -1 
vn -0.00787402 -0.0314961 -1 
vn -0.700787 -0.015748 -0.716535 
vn -0.708661 -0.015748 -0.700787 
vn -0.700787 -0.00787402 -0.716535 
vn -0.708661 -0.015748 -0.700787 
vn -1 -0.0314961 0 
vn -1 -0.023622 0 
vn -1 -0.00787402 0 
vn -1 0.00787402 0 
vn -0.708661 -0.015748 0.700787 
vn -0.708661 -0.015748 0.700787 
vn -0.700787 -0.015748 0.716535 
vn -0.00787402 0 1 
vn -0.00787402 -0.0314961 1 
vn -0.700787 -0.00787402 0.716535 
vn 0.015748 -0.0472441 1 
vn 0.700787 -0.0472441 0.708661 
vn 0.00787402 0.023622 1 
vn 0.700787 0.023622 0.708661 
vn 1 -0.0551181 0 
vn 0.708661 -0.0787402 0.700787 
vn 0.992126 -0.0944882 0 
vn 0.708661 0.0551181 0.700787 
vn 1 0.0708661 0 
vn 1 0.0314961 0 
vn -0.905512 -0.409449 0.11811 
vn -0.937008 -0.346457 0.0787402 
vn -0.913386 -0.370079 0.173228 
vn -0.937008 -0.330709 0.0944882 
vn -0.937008 -0.338583 -0.0393701 
vn -0.937008 -0.338583 -0.0472441 
vn -0.937008 -0.346457 -0.0551181 
vn -0.937008 -0.354331 -0.0472441 
vn 0.952756 -0.291339 -0.0393701 
vn 0.96063 -0.267717 0.0314961 
vn 0.96063 -0.275591 -0.0472441 
vn 0.968504 -0.251969 0.0393701 
vn 0.944882 -0.23622 0.220472 
vn 0.952756 -0.228346 0.212598 
vn 0.92126 -0.228346 0.307087 
vn 0.92126 -0.228346 0.307087 
vn 0.0551181 -0.15748 0.984252 
vn 0.0708661 -0.204724 0.976378 
vn 0.0551181 -0.149606 0.984252 
vn 0.0708661 -0.212598 0.976378 
vn 0.0314961 -0.19685 -0.976378 
vn 0.0393701 -0.244094 -0.968504 
vn 0.0314961 -0.204724 -0.976378 
vn 0.0393701 -0.251969 -0.968504 
vn -0.543307 -0.692913 -0.480315 
vn -0.677165 -0.448819 -0.582677 
vn -0.0551181 -0.433071 -0.897638 
vn -0.92126 -0.393701 0.0472441 
vn -0.0629921 -0.692913 -0.716535 
vn -0.732283 -0.685039 0.00787402 
vn -0.0314961 -1 -0.0551181 
vn 0.456693 -0.708661 -0.543307 
vn 0.614173 -0.448819 -0.645669 
vn 0.700787 -0.708661 -0.0866142 
vn 0.527559 -0.732283 0.440945 
vn 0.023622 -0.716535 0.700787 
vn -0.496063 -0.708661 0.503937 
vn -0.614173 -0.409449 0.669291 
vn 0.0551181 -0.401575 0.913386 
vn 0.905512 -0.409449 -0.0629921 
vn 0.700787 -0.433071 0.559055 
vn -0.543307 -0.692913 -0.472441 
vn -0.677165 -0.456693 -0.582677 
vn -0.0551181 -0.440945 -0.897638 
vn -0.913386 -0.393701 0.0472441 
vn -0.0629921 -0.692913 -0.716535 
vn -0.732283 -0.685039 0.00787402 
vn -0.0314961 -1 -0.0551181 
vn 0.456693 -0.708661 -0.543307 
vn 0.614173 -0.456693 -0.645669 
vn 0.700787 -0.708661 -0.0866142 
vn 0.519685 -0.732283 0.433071 
vn 0.023622 -0.716535 0.692913 
vn -0.496063 -0.708661 0.503937 
vn -0.614173 -0.417323 0.669291 
vn 0.0551181 -0.401575 0.913386 
vn 0.905512 -0.417323 -0.0629921 
vn 0.700787 -0.440945 0.559055 
vn -0.543307 -0.692913 -0.472441 
vn -0.677165 -0.456693 -0.582677 
vn -0.0551181 -0.440945 -0.897638 
vn -0.913386 -0.393701 0.0472441 
vn -0.0629921 -0.692913 -0.716535 
vn -0.732283 -0.685039 0.00787402 
vn -0.0314961 -1 -0.0551181 
vn 0.456693 -0.708661 -0.543307 
vn 0.614173 -0.456693 -0.645669 
vn 0.700787 -0.708661 -0.0866142 
vn 0.519685 -0.732283 0.433071 
vn 0.023622 -0.716535 0.692913 
vn -0.496063 -0.708661 0.503937 
vn -0.614173 -0.417323 0.669291 
vn 0.0551181 -0.401575 0.913386 
vn 0.905512 -0.417323 -0.0629921 
vn 0.700787 -0.440945 0.559055 
vn -0.559055 -0.669291 -0.488189 
vn -0.692913 -0.401575 -0.598425 
vn -0.0551181 -0.385827 -0.92126 
vn -0.937008 -0.354331 0.0551181 
vn -0.0629921 -0.677165 -0.732283 
vn -0.748031 -0.669291 0.00787402 
vn -0.0314961 -1 -0.0551181 
vn 0.472441 -0.685039 -0.559055 
vn 0.629921 -0.401575 -0.661417 
vn 0.716535 -0.692913 -0.0866142 
vn 0.535433 -0.716535 0.448819 
vn 0.023622 -0.700787 0.708661 
vn -0.511811 -0.692913 0.511811 
vn -0.629921 -0.370079 0.685039 
vn 0.0551181 -0.362205 0.929134 
vn 0.92126 -0.377953 -0.0629921 
vn 0.716535 -0.401575 0.574803 
vn 0 -1 0 
vn 0 -1 0 
vn 0 -1 0 
vn 0 -1 0 
vn 0 -1 0 
vn 0 -1 0 
vn 0 -1 0 
vn 0 -1 0 

vt -0.0522766 0.994831 
vt -0.0530396 1.01859 
vt -0.0753174 1.00603 
vt -0.0307465 1.00595 
vt -0.074707 0.981049 
vt -0.0307465 0.98111 
vt -0.0528564 0.968658 
vt -0.389893 1.1781 
vt -0.408203 1.16772 
vt -0.389648 1.15686 
vt -0.408203 1.1886 
vt -0.371582 1.16724 
vt -0.390137 1.19958 
vt -0.371582 1.1886 
vt -0.0219116 1.17761 
vt -0.0401917 1.16724 
vt -0.021759 1.15637 
vt -0.0402527 1.18799 
vt -0.00350952 1.16663 
vt -0.0222015 1.19897 
vt -0.00350952 1.18799 
vt 0.827148 -0.00976562 
vt 0.805664 0.125 
vt 0.13147 0.0556641 
vt 0.0983276 -0.0556641 
vt 0.831543 -0.282227 
vt 0.0740356 -0.291992 
vt 0.0828857 -0.417969 
vt 0.829102 -0.417969 
vt -0.0449524 0.861328 
vt -0.0436096 0.827881 
vt -0.0110931 0.841309 
vt -0.0753174 0.849976 
vt -0.0135269 0.873779 
vt -0.0753174 0.882935 
vt -0.0438538 0.894714 
vt -0.302246 -0.0644531 
vt -0.334961 -0.0644531 
vt -0.35498 -0.416992 
vt -0.317139 -0.417969 
vt -0.357178 0.359375 
vt -0.279541 -0.417969 
vt -0.319092 0.362305 
vt -0.269531 -0.0634766 
vt -0.408203 0.747314 
vt -0.357178 0.752075 
vt -0.306396 0.753784 
vt -0.280762 0.363281 
vt -0.241943 -0.416992 
vt -0.236938 -0.0625 
vt -0.255371 0.753906 
vt -0.242432 0.364258 
vt -0.204102 -0.416016 
vt -0.204102 -0.0625 
vt -0.204102 0.364258 
vt -0.204102 0.753784 
vt -0.171265 -0.0625 
vt -0.165771 0.364258 
vt -0.16626 -0.416992 
vt -0.138428 -0.0634766 
vt -0.127441 0.363281 
vt -0.15271 0.753906 
vt -0.101685 0.753784 
vt -0.0891113 0.362305 
vt -0.12854 -0.417969 
vt -0.105835 -0.0644531 
vt -0.0510864 0.359375 
vt -0.0509033 0.752075 
vt 0.000101447 0.747314 
vt -0.0909424 -0.417969 
vt -0.0531006 -0.416992 
vt -0.0731812 -0.0644531 
vt 0.619141 1.30664 
vt 0.482666 1.31006 
vt 0.59082 1.16724 
vt 0.467773 1.17566 
vt 0.210205 1.3064 
vt 0.224976 1.17126 
vt 0.1026 1.16724 
vt 0.0740356 1.30298 
vt 0.905762 1.28638 
vt 1.03125 1.28149 
vt 0.940918 1.41846 
vt 1.05176 1.41309 
vt 1.26953 1.28247 
vt 1.2627 1.41333 
vt 1.37012 1.41846 
vt 1.38574 1.28784 
vt 0.0740356 0.962738 
vt 0.695312 1.09326 
vt 0.0986328 1.09186 
vt 0.751465 0.962738 
vt 0.820312 0.888794 
vt 0.0740356 0.888794 
vt 0.771973 0.758667 
vt 0.110291 0.75708 
vt -0.384766 0.88446 
vt -0.408203 0.892517 
vt -0.406738 0.854248 
vt -0.379639 0.920105 
vt -0.385254 0.865112 
vt -0.370117 0.895996 
vt -0.361816 0.874268 
vt -0.371582 0.850952 
vt -0.380127 0.827881 
vt -0.353027 0.853149 
vt -0.339844 0.86438 
vt -0.34082 0.882507 
vt -0.352051 0.896606 
vt -0.342041 0.920105 
vt -0.314941 0.892578 
vt -0.342041 0.828613 
vt -0.316162 0.851685 
vt -0.218506 1.04822 
vt -0.240967 1.05594 
vt -0.239502 1.01895 
vt -0.213379 1.0824 
vt -0.218994 1.02927 
vt -0.204346 1.05948 
vt -0.196289 1.03821 
vt -0.205811 1.01546 
vt -0.213867 0.993523 
vt -0.187622 1.01759 
vt -0.174805 1.02853 
vt -0.175781 1.04623 
vt -0.186768 1.06 
vt -0.177124 1.0824 
vt -0.150879 1.05582 
vt -0.177124 0.994171 
vt -0.152222 1.01636 
vt -0.385742 1.04874 
vt -0.408203 1.05646 
vt -0.406738 1.01949 
vt -0.380615 1.08295 
vt -0.38623 1.0298 
vt -0.371582 1.06 
vt -0.363525 1.03876 
vt -0.373047 1.01599 
vt -0.381104 0.994053 
vt -0.35498 1.01813 
vt -0.342285 1.02907 
vt -0.343018 1.04675 
vt -0.354004 1.06052 
vt -0.344482 1.08295 
vt -0.318115 1.05637 
vt -0.344482 0.994701 
vt -0.31958 1.01689 
vt 1.17383 1.17627 
vt 1.15234 1.18323 
vt 1.1543 1.15112 
vt 1.17676 1.20691 
vt 1.17383 1.16113 
vt 1.18555 1.18518 
vt 1.19141 1.16833 
vt 1.18457 1.15002 
vt 1.17676 1.12952 
vt 1.19922 1.15198 
vt 1.20898 1.16077 
vt 1.20801 1.17493 
vt 1.19922 1.18579 
vt 1.20801 1.20691 
vt 1.23145 1.18408 
vt 1.20898 1.13025 
vt 1.23047 1.14978 
vt 0.71875 0.199219 
vt 0.751465 0.317871 
vt 0.124451 0.250977 
vt 0.093689 0.354004 
vt 0.751465 0.560791 
vt 0.0740356 0.564697 
vt 0.0846558 0.674805 
vt 0.746582 0.683105 

usemtl Camerabase21Mtl

f 1/1/1 2/2/2 3/3/3 
f 1/1/1 4/4/4 2/2/2 
f 1/1/1 3/3/3 5/5/5 
f 1/1/1 6/6/6 4/4/4 
f 1/1/1 5/5/5 7/7/7 
f 1/1/1 7/7/7 6/6/6 
f 8/8/8 9/9/9 10/10/10 
f 8/8/8 11/11/11 9/9/9 
f 8/8/8 10/10/10 12/12/12 
f 8/8/8 13/13/13 11/11/11 
f 8/8/8 12/12/12 14/14/14 
f 8/8/8 14/14/14 13/13/13 
f 15/15/15 16/16/16 17/17/17 
f 15/15/15 18/18/18 16/16/16 
f 15/15/15 17/17/17 19/19/19 
f 15/15/15 20/20/20 18/18/18 
f 15/15/15 19/19/19 21/21/21 
f 15/15/15 21/21/21 20/20/20 
f 22/22/22 23/23/23 24/24/24 
f 24/24/24 25/25/25 22/22/22 
f 26/26/26 22/22/22 25/25/25 
f 25/25/25 27/27/27 26/26/26 
f 27/27/27 28/28/28 26/26/26 
f 29/29/29 26/26/26 28/28/28 
f 30/30/30 31/31/31 32/32/32 
f 30/30/30 33/33/33 31/31/31 
f 30/30/30 32/32/32 34/34/34 
f 30/30/30 35/35/35 33/33/33 
f 30/30/30 34/34/34 36/36/36 
f 30/30/30 36/36/36 35/35/35 
f 37/37/37 38/38/38 39/39/39 
f 39/39/39 40/40/40 37/37/37 
f 38/38/38 37/37/37 41/41/41 
f 40/40/40 42/42/42 37/37/37 
f 43/43/43 41/41/41 37/37/37 
f 44/44/44 37/37/37 42/42/42 
f 37/37/37 44/44/44 43/43/43 
f 41/41/41 43/43/43 45/45/45 
f 46/46/46 45/45/45 43/43/43 
f 47/47/47 46/46/46 43/43/43 
f 48/48/48 47/47/47 43/43/43 
f 48/48/48 43/43/43 44/44/44 
f 42/42/42 49/49/49 44/44/44 
f 50/50/50 44/44/44 49/49/49 
f 44/44/44 50/50/50 48/48/48 
f 51/51/51 47/47/47 48/48/48 
f 52/52/52 51/51/51 48/48/48 
f 52/52/52 48/48/48 50/50/50 
f 49/49/49 53/53/53 50/50/50 
f 54/54/54 50/50/50 53/53/53 
f 52/52/52 50/50/50 55/55/55 
f 54/54/54 55/55/55 50/50/50 
f 51/51/51 52/52/52 56/56/56 
f 55/55/55 56/56/56 52/52/52 
f 54/54/54 57/57/57 55/55/55 
f 55/55/55 58/58/58 56/56/56 
f 58/58/58 55/55/55 57/57/57 
f 54/54/54 53/53/53 57/57/57 
f 59/59/59 57/57/57 53/53/53 
f 59/59/59 60/60/60 57/57/57 
f 57/57/57 61/61/61 58/58/58 
f 57/57/57 60/60/60 61/61/61 
f 62/62/62 56/56/56 58/58/58 
f 58/58/58 61/61/61 62/62/62 
f 63/63/63 62/62/62 61/61/61 
f 61/61/61 60/60/60 64/64/64 
f 61/61/61 64/64/64 63/63/63 
f 59/59/59 65/65/65 60/60/60 
f 65/65/65 66/66/66 60/60/60 
f 60/60/60 66/66/66 64/64/64 
f 67/67/67 64/64/64 66/66/66 
f 68/68/68 63/63/63 64/64/64 
f 64/64/64 67/67/67 69/69/69 
f 69/69/69 68/68/68 64/64/64 
f 65/65/65 70/70/70 66/66/66 
f 70/70/70 71/71/71 66/66/66 
f 72/72/72 66/66/66 71/71/71 
f 66/66/66 72/72/72 67/67/67 
f 73/73/73 74/74/74 75/75/75 
f 76/76/76 75/75/75 74/74/74 
f 74/74/74 77/77/77 76/76/76 
f 78/78/78 76/76/76 77/77/77 
f 77/77/77 79/79/79 78/78/78 
f 77/77/77 80/80/80 79/79/79 
f 81/81/81 82/82/82 83/83/83 
f 84/84/84 83/83/83 82/82/82 
f 82/82/82 85/85/85 84/84/84 
f 86/86/86 84/84/84 85/85/85 
f 86/86/86 85/85/85 87/87/87 
f 88/88/88 87/87/87 85/85/85 
f 89/89/89 90/90/90 91/91/91 
f 92/92/92 90/90/90 89/89/89 
f 93/93/93 94/94/94 95/95/95 
f 96/96/96 95/95/95 94/94/94 
f 97/97/97 98/98/98 99/99/99 
f 98/98/98 97/97/97 100/100/100 
f 97/97/97 99/99/99 101/101/101 
f 102/102/102 100/100/100 97/97/97 
f 97/97/97 101/101/101 103/103/103 
f 102/102/102 97/97/97 103/103/103 
f 101/101/101 99/99/99 104/104/104 
f 105/105/105 104/104/104 99/99/99 
f 101/101/101 104/104/104 103/103/103 
f 104/104/104 106/106/106 103/103/103 
f 106/106/106 107/107/107 103/103/103 
f 107/107/107 108/108/108 103/103/103 
f 108/108/108 109/109/109 103/103/103 
f 109/109/109 102/102/102 103/103/103 
f 100/100/100 102/102/102 109/109/109 
f 110/110/110 100/100/100 109/109/109 
f 108/108/108 111/111/111 109/109/109 
f 110/110/110 109/109/109 111/111/111 
f 108/108/108 107/107/107 111/111/111 
f 106/106/106 112/112/112 107/107/107 
f 113/113/113 107/107/107 112/112/112 
f 113/113/113 111/111/111 107/107/107 
f 106/106/106 104/104/104 112/112/112 
f 112/112/112 104/104/104 105/105/105 
f 114/114/114 115/115/115 116/116/116 
f 115/115/115 114/114/114 117/117/117 
f 114/114/114 116/116/116 118/118/118 
f 119/119/119 117/117/117 114/114/114 
f 114/114/114 118/118/118 120/120/120 
f 119/119/119 114/114/114 120/120/120 
f 118/118/118 116/116/116 121/121/121 
f 122/122/122 121/121/121 116/116/116 
f 118/118/118 121/121/121 120/120/120 
f 121/121/121 123/123/123 120/120/120 
f 123/123/123 124/124/124 120/120/120 
f 124/124/124 125/125/125 120/120/120 
f 125/125/125 126/126/126 120/120/120 
f 126/126/126 119/119/119 120/120/120 
f 117/117/117 119/119/119 126/126/126 
f 127/127/127 117/117/117 126/126/126 
f 125/125/125 128/128/128 126/126/126 
f 127/127/127 126/126/126 128/128/128 
f 125/125/125 124/124/124 128/128/128 
f 123/123/123 129/129/129 124/124/124 
f 130/130/130 124/124/124 129/129/129 
f 130/130/130 128/128/128 124/124/124 
f 123/123/123 121/121/121 129/129/129 
f 129/129/129 121/121/121 122/122/122 
f 131/131/131 132/132/132 133/133/133 
f 132/132/132 131/131/131 134/134/134 
f 131/131/131 133/133/133 135/135/135 
f 136/136/136 134/134/134 131/131/131 
f 131/131/131 135/135/135 137/137/137 
f 136/136/136 131/131/131 137/137/137 
f 135/135/135 133/133/133 138/138/138 
f 139/139/139 138/138/138 133/133/133 
f 135/135/135 138/138/138 137/137/137 
f 138/138/138 140/140/140 137/137/137 
f 140/140/140 141/141/141 137/137/137 
f 141/141/141 142/142/142 137/137/137 
f 142/142/142 143/143/143 137/137/137 
f 143/143/143 136/136/136 137/137/137 
f 134/134/134 136/136/136 143/143/143 
f 144/144/144 134/134/134 143/143/143 
f 142/142/142 145/145/145 143/143/143 
f 144/144/144 143/143/143 145/145/145 
f 142/142/142 141/141/141 145/145/145 
f 140/140/140 146/146/146 141/141/141 
f 147/147/147 141/141/141 146/146/146 
f 147/147/147 145/145/145 141/141/141 
f 140/140/140 138/138/138 146/146/146 
f 146/146/146 138/138/138 139/139/139 
f 148/148/148 149/149/149 150/150/150 
f 149/149/149 148/148/148 151/151/151 
f 148/148/148 150/150/150 152/152/152 
f 153/153/153 151/151/151 148/148/148 
f 148/148/148 152/152/152 154/154/154 
f 153/153/153 148/148/148 154/154/154 
f 152/152/152 150/150/150 155/155/155 
f 156/156/156 155/155/155 150/150/150 
f 152/152/152 155/155/155 154/154/154 
f 155/155/155 157/157/157 154/154/154 
f 157/157/157 158/158/158 154/154/154 
f 158/158/158 159/159/159 154/154/154 
f 159/159/159 160/160/160 154/154/154 
f 160/160/160 153/153/153 154/154/154 
f 151/151/151 153/153/153 160/160/160 
f 161/161/161 151/151/151 160/160/160 
f 159/159/159 162/162/162 160/160/160 
f 161/161/161 160/160/160 162/162/162 
f 159/159/159 158/158/158 162/162/162 
f 157/157/157 163/163/163 158/158/158 
f 164/164/164 158/158/158 163/163/163 
f 164/164/164 162/162/162 158/158/158 
f 157/157/157 155/155/155 163/163/163 
f 163/163/163 155/155/155 156/156/156 
f 165/165/165 166/166/166 167/167/167 
f 167/167/167 166/166/166 168/168/168 
f 166/166/166 169/169/169 168/168/168 
f 170/170/170 168/168/168 169/169/169 
f 170/170/170 169/169/169 171/171/171 
f 172/172/172 171/171/171 169/169/169 

g Camerabase11

v 5.29259 2.05691 -9.57963 
v 5.28714 1.958 -9.58212 
v 5.29279 2.05641 -9.60527 
v 5.28735 1.95909 -9.60698 
v 5.24798 1.84377 -9.61218 
v 5.24749 1.8413 -9.58711 
v 5.26624 1.96347 -9.61898 
v 5.27122 2.05604 -9.61811 
v 5.22885 1.85479 -9.62418 
v 5.18745 1.74493 -9.62306 
v 5.16861 1.75893 -9.6357 
v 5.18663 1.74208 -9.59633 
v 5.10693 1.64313 -9.63461 
v 5.08679 1.65702 -9.64842 
v 5.2092 1.86333 -9.61114 
v 5.14907 1.76938 -9.62165 
v 5.24496 1.96618 -9.60648 
v 5.24953 2.05599 -9.60561 
v 5.24922 2.0564 -9.58016 
v 5.24469 1.96496 -9.58186 
v 5.2087 1.86125 -9.58622 
v 5.14806 1.76718 -9.59488 
v 5.06715 1.66845 -9.63367 
v 5.06595 1.66533 -9.60434 
v 5.0857 1.65205 -9.59028 
v 5.16716 1.75399 -9.58229 
v 5.22793 1.85077 -9.57423 
v 5.26571 1.9608 -9.56962 
v 5.27059 2.05655 -9.56712 
v 5.24749 1.8413 -9.58711 
v 5.28714 1.958 -9.58212 
v 5.29259 2.05691 -9.57963 
v 5.18663 1.74208 -9.59633 
v 5.1061 1.64009 -9.60552 
v 5.26307 0.786178 -9.49442 
v 5.26307 0.786179 -9.44271 
v 5.22651 0.786177 -9.45786 
v 5.29963 0.786179 -9.45786 
v 5.21136 0.786171 -9.49442 
v 5.31478 0.786179 -9.49442 
v 5.22651 0.786177 -9.53098 
v 5.29963 0.786179 -9.53098 
v 5.26307 0.786179 -9.54613 
v 5.01212 1.54008 -9.599 
v 5.03432 1.53075 -9.61444 
v 4.98935 1.54989 -9.61388 
v 4.96751 1.41817 -9.60893 
v 4.99227 1.41622 -9.62256 
v 4.98985 1.55205 -9.64408 
v 4.94027 1.41864 -9.62443 
v 4.96925 1.30219 -9.61092 
v 4.9916 1.30659 -9.62255 
v 4.94034 1.42025 -9.65376 
v 4.94587 1.29205 -9.65261 
v 4.94554 1.29322 -9.62536 
v 5.01266 1.54394 -9.65877 
v 4.96767 1.42052 -9.66679 
v 4.97023 1.30072 -9.66355 
v 4.96606 1.1997 -9.64452 
v 4.98878 1.21169 -9.6541 
v 4.96586 1.20314 -9.61885 
v 4.98618 1.21591 -9.6041 
v 5.01504 1.13668 -9.60138 
v 5.01768 1.13315 -9.62546 
v 5.00923 1.22207 -9.63985 
v 5.03904 1.14611 -9.63449 
v 4.99247 1.30603 -9.64933 
v 4.99251 1.41749 -9.65142 
v 5.06198 1.05883 -9.55099 
v 5.10878 1.00524 -9.56204 
v 5.08069 1.06651 -9.56112 
v 5.04406 1.1489 -9.54731 
v 5.02337 1.1415 -9.56017 
v 5.06427 1.15435 -9.55829 
v 5.02988 1.26153 -9.54476 
v 5.00915 1.25907 -9.55759 
v 5.0094 1.2594 -9.5824 
v 5.00069 1.37956 -9.55516 
v 5.02359 1.37558 -9.54043 
v 5.04577 1.37265 -9.55162 
v 5.05049 1.26352 -9.55633 
v 5.04171 1.47656 -9.53225 
v 5.06244 1.46848 -9.54331 
v 5.01973 1.486 -9.54716 
v 5.07482 1.58291 -9.52395 
v 5.09379 1.57188 -9.53559 
v 5.13516 1.70234 -9.53909 
v 5.25258 2.07302 -9.60047 
v 5.25539 1.97438 -9.6002 
v 5.2751 2.07355 -9.61425 
v 5.23366 1.97697 -9.5863 
v 5.23087 2.07292 -9.61254 
v 5.1951 1.84272 -9.56627 
v 5.21287 1.98069 -9.59757 
v 5.17603 1.85181 -9.55407 
v 5.21395 1.98176 -9.62261 
v 5.23145 2.07231 -9.6381 
v 5.15839 1.86211 -9.56691 
v 5.15992 1.86455 -9.59245 
v 5.11689 1.71431 -9.52791 
v 5.09914 1.72764 -9.54198 
v 5.05465 1.59585 -9.53881 
v 5.09981 1.73113 -9.56785 
v 5.05463 1.59889 -9.56582 
v 5.17891 1.85662 -9.60451 
v 5.2353 1.97925 -9.63654 
v 5.25361 2.07213 -9.65169 
v 5.25625 1.97547 -9.62542 
v 5.19664 1.84572 -9.59144 
v 5.1184 1.72039 -9.57878 
v 5.07549 1.58828 -9.57522 
v 5.01959 1.48815 -9.57402 
v 5.0004 1.3815 -9.58109 
v 5.04235 1.48033 -9.58333 
v 5.13583 1.70597 -9.56496 
v 5.09397 1.57493 -9.56146 
v 5.25539 1.97438 -9.6002 
v 5.1951 1.84272 -9.56627 
v 5.13516 1.70234 -9.53909 
v 5.09379 1.57188 -9.53559 
v 5.06272 1.4705 -9.56905 
v 5.02385 1.37822 -9.59127 
v 5.04598 1.37401 -9.57682 
v 5.03053 1.26219 -9.59353 
v 5.04577 1.37265 -9.55162 
v 5.06244 1.46848 -9.54331 
v 5.05089 1.2638 -9.58056 
v 5.05049 1.26352 -9.55633 
v 5.04512 1.14567 -9.595 
v 5.06483 1.15259 -9.58196 
v 5.06427 1.15435 -9.55829 
v 5.08178 1.06271 -9.58381 
v 5.08069 1.06651 -9.56112 
v 5.06375 1.05224 -9.59672 
v 5.02363 1.13975 -9.58477 
v 5.112 1.00015 -9.58387 
v 5.10878 1.00524 -9.56204 
v 5.04316 1.04386 -9.58769 
v 5.07537 0.976527 -9.58793 
v 5.0958 0.986829 -9.59605 
v 5.04294 1.04802 -9.56369 
v 5.07221 0.982197 -9.56452 
v 5.12555 0.927436 -9.56323 
v 5.13073 0.921131 -9.58546 
v 5.14996 0.933864 -9.59378 
v 5.16139 0.950306 -9.58258 
v 5.19456 0.87872 -9.56166 
v 5.19885 0.87296 -9.58252 
v 5.14039 0.944366 -9.5519 
v 5.09069 0.995743 -9.5524 
v 5.20279 0.898018 -9.55131 
v 5.15666 0.956046 -9.56155 
v 5.21533 0.910841 -9.56131 
v 5.28887 0.833213 -9.5467 
v 5.28457 0.806086 -9.55262 
v 5.28851 0.799158 -9.57596 
v 5.21271 0.888163 -9.5914 
v 5.37642 0.767431 -9.51038 
v 5.36803 0.728487 -9.51627 
v 5.36371 0.713881 -9.5496 
v 5.30285 0.847494 -9.56164 
v 5.38053 0.790611 -9.53543 
v 5.36775 0.738651 -9.57257 
v 5.30371 0.815081 -9.59235 
v 5.30958 0.838392 -9.58453 
v 5.22015 0.905519 -9.58161 
v 5.376 0.775691 -9.56682 
v 5.30285 0.847494 -9.56164 
v 5.21533 0.910841 -9.56131 
v 5.38053 0.790611 -9.53543 
v 5.15666 0.956046 -9.56155 
v 4.99227 1.41622 -9.62256 
v 4.9916 1.30659 -9.62255 
v 5.00939 1.22514 -9.61468 
v 5.05798 1.15805 -9.62071 
v 5.11434 1.0919 -9.61875 
v 5.09881 1.07757 -9.60846 
v 5.17034 1.03169 -9.5992 
v 5.16481 1.03405 -9.57523 
v 5.09271 1.07947 -9.58488 
v 5.12974 1.10729 -9.60578 
v 5.18654 1.04692 -9.60907 
v 5.05571 1.16051 -9.5973 
v 5.12537 1.10879 -9.58275 
v 5.19594 1.06228 -9.57341 
v 5.20122 1.05983 -9.59689 
v 5.27701 0.976177 -9.61309 
v 5.26173 0.963328 -9.60374 
v 5.25653 0.964097 -9.58004 
v 5.35587 0.882291 -9.63617 
v 5.34015 0.86847 -9.62826 
v 5.33865 0.866528 -9.60525 
v 5.29073 0.986276 -9.59989 
v 5.28601 0.98763 -9.57567 
v 5.36763 0.887835 -9.5985 
v 5.37041 0.889853 -9.62177 
v 5.4188 0.786847 -9.6789 
v 5.40219 0.775096 -9.67152 
v 5.40051 0.773224 -9.64869 
v 5.35164 0.874776 -9.59013 
v 5.44455 0.673702 -9.69378 
v 5.41516 0.780234 -9.63419 
v 5.46801 0.689939 -9.72883 
v 5.44744 0.676468 -9.72017 
v 5.4347 0.79375 -9.66479 
v 5.43193 0.790486 -9.64242 
v 5.48463 0.693807 -9.68626 
v 5.48724 0.696888 -9.71241 
v 5.46354 0.682003 -9.67692 
v 5.48463 0.693807 -9.68626 
v 5.43193 0.790486 -9.64242 
v 5.36763 0.887835 -9.5985 
v 5.28601 0.98763 -9.57567 
v 5.26906 0.977795 -9.56654 
v 5.19594 1.06228 -9.57341 
v 5.17882 1.05064 -9.56326 
v 5.12537 1.10879 -9.58275 
v 5.10786 1.09532 -9.57246 
v 5.05571 1.16051 -9.5973 
v 5.03512 1.15076 -9.58738 
v 5.00939 1.22514 -9.61468 
v 5.2751 2.07355 -9.61425 
v 5.27557 2.07269 -9.64012 
v 5.03432 1.53075 -9.61444 
v 5.03472 1.53289 -9.64423 
v 5.1061 1.64009 -9.60552 
v 5.25193 0.792755 -9.49539 
v 5.25793 0.761696 -9.49823 
v 5.26973 0.795874 -9.5016 
v 5.27827 0.765259 -9.50533 
v 5.27314 0.798534 -9.52061 
v 5.28217 0.768299 -9.52706 
v 5.26588 0.767762 -9.5414 
v 5.25888 0.798063 -9.53316 
v 5.24514 0.764216 -9.53492 
v 5.24074 0.79496 -9.52749 
v 5.24117 0.761132 -9.51288 
v 5.23727 0.792262 -9.50821 
v 5.25193 0.792755 -9.49539 
v 5.25793 0.761696 -9.49823 
v 5.27144 0.79641 -9.46237 
v 5.27744 0.74886 -9.45272 
v 5.28924 0.797834 -9.46917 
v 5.29778 0.750488 -9.4605 
v 5.30168 0.747866 -9.48228 
v 5.29265 0.79554 -9.48823 
v 5.27839 0.791875 -9.50025 
v 5.28538 0.743677 -9.49601 
v 5.26464 0.741909 -9.48883 
v 5.26024 0.790327 -9.49397 
v 5.25677 0.792652 -9.47464 
v 5.26068 0.744566 -9.46674 
v 5.27744 0.74886 -9.45272 
v 5.27144 0.79641 -9.46237 

vn 0.858268 -0.0629921 0.503937 
vn 0.858268 -0.181102 0.480315 
vn 0.88189 -0.0393701 -0.472441 
vn 0.858268 -0.149606 -0.488189 
vn 0.80315 -0.338583 -0.496063 
vn 0.779528 -0.401575 0.472441 
vn 0.0393701 0.023622 -1 
vn 0.023622 0.00787402 -1 
vn 0.0472441 0.0629921 -1 
vn 0.724409 -0.448819 -0.519685 
vn 0.0393701 0.0944882 -0.992126 
vn 0.708661 -0.535433 0.464567 
vn 0.716535 -0.464567 -0.527559 
vn 0.00787402 0.102362 -0.992126 
vn -0.771654 0.409449 -0.488189 
vn -0.685039 0.551181 -0.472441 
vn -0.84252 0.181102 -0.511811 
vn -0.858268 0.0472441 -0.511811 
vn -0.866142 0.0314961 0.496063 
vn -0.84252 0.149606 0.527559 
vn -0.771654 0.338583 0.535433 
vn -0.708661 0.464567 0.527559 
vn -0.692913 0.559055 -0.456693 
vn -0.716535 0.480315 0.503937 
vn -0.0314961 -0.0551181 1 
vn 0 -0.0866142 1 
vn 0.023622 -0.0708661 1 
vn 0.0393701 -0.0393701 1 
vn 0.00787402 -0.023622 1 
vn 0.779528 -0.401575 0.472441 
vn 0.858268 -0.181102 0.480315 
vn 0.858268 -0.0629921 0.503937 
vn 0.708661 -0.535433 0.464567 
vn 0.700787 -0.543307 0.464567 
vn 0 -1 0 
vn 0 -1 0 
vn 0 -1 0 
vn 0 -1 0 
vn 0 -1 0 
vn 0 -1 0 
vn 0 -1 0 
vn 0 -1 0 
vn 0 -1 0 
vn -0.0472441 -0.0472441 1 
vn 0.76378 -0.425197 0.480315 
vn -0.795276 0.362205 0.488189 
vn -0.0708661 -0.023622 1 
vn 0.834646 -0.173228 0.527559 
vn -0.771654 0.425197 -0.464567 
vn -0.874016 0.11811 0.472441 
vn -0.0708661 0.0314961 1 
vn 0.834646 0.102362 0.535433 
vn -0.850394 0.141732 -0.511811 
vn -0.818898 -0.141732 -0.551181 
vn -0.88189 -0.0944882 0.464567 
vn -0.00787402 0.0866142 -1 
vn -0.00787402 0.0314961 -1 
vn 0.0629921 -0.0551181 -1 
vn -0.732283 -0.433071 -0.527559 
vn 0.102362 -0.125984 -0.984252 
vn -0.834646 -0.314961 0.456693 
vn -0.188976 0.0708661 0.976378 
vn -0.677165 -0.543307 0.496063 
vn -0.527559 -0.692913 -0.496063 
vn 0.795276 0.259843 -0.543307 
vn 0.165354 -0.141732 -0.976378 
vn 0.866142 0.0551181 -0.496063 
vn 0.84252 -0.141732 -0.519685 
vn -0.0551181 -0.0472441 1 
vn 0.692913 0.464567 0.551181 
vn 0.811024 0.23622 0.535433 
vn -0.0314961 -0.0314961 1 
vn -0.858268 -0.15748 0.488189 
vn 0.84252 0.11811 0.527559 
vn -0.0314961 -0.0314961 1 
vn -0.874016 -0.0944882 0.480315 
vn -0.850394 -0.0708661 -0.519685 
vn -0.889764 0.023622 0.464567 
vn -0.0944882 -0.0551181 0.992126 
vn 0.84252 -0.0866142 0.535433 
vn 0.858268 0.0551181 0.519685 
vn -0.0944882 -0.0551181 0.992126 
vn 0.811024 -0.23622 0.535433 
vn -0.858268 0.173228 0.480315 
vn -0.0472441 -0.00787402 1 
vn 0.811024 -0.267717 0.511811 
vn 0.818898 -0.244094 0.519685 
vn 0.0944882 0.125984 0.984252 
vn 0.858268 -0.19685 0.464567 
vn 0.889764 -0.110236 0.440945 
vn 0.110236 0.15748 0.984252 
vn -0.850394 0.23622 0.472441 
vn 0.826772 -0.251969 0.503937 
vn -0.787402 0.370079 0.496063 
vn 0.0708661 0.188976 0.976378 
vn -0.84252 0.15748 -0.511811 
vn -0.826772 0.0708661 -0.559055 
vn -0.748031 0.448819 0.480315 
vn -0.826772 0.267717 -0.488189 
vn -0.00787402 0.102362 0.992126 
vn -0.787402 0.362205 0.503937 
vn -0.826772 0.259843 0.503937 
vn -0.834646 0.283465 -0.480315 
vn -0.80315 0.275591 -0.527559 
vn -0.0787402 -0.188976 -0.976378 
vn -0.0472441 -0.19685 -0.976378 
vn 0.023622 -0.15748 -0.984252 
vn 0.80315 -0.346457 -0.488189 
vn 0.755906 -0.448819 -0.472441 
vn -0.023622 -0.102362 -0.992126 
vn 0.0944882 -0.00787402 -0.992126 
vn -0.80315 0.23622 -0.543307 
vn -0.84252 0.0708661 -0.535433 
vn 0.102362 0.0472441 -0.992126 
vn 0.80315 -0.346457 -0.488189 
vn 0.84252 -0.244094 -0.480315 
vn 0.858268 -0.19685 0.464567 
vn 0.826772 -0.251969 0.503937 
vn 0.818898 -0.244094 0.519685 
vn 0.811024 -0.267717 0.511811 
vn 0.858268 -0.165354 -0.480315 
vn 0.0551181 0.0393701 -1 
vn 0.866142 -0.023622 -0.496063 
vn 0.0314961 0.023622 -1 
vn 0.84252 -0.0866142 0.535433 
vn 0.811024 -0.23622 0.535433 
vn 0.874016 0.0866142 -0.480315 
vn 0.858268 0.0551181 0.519685 
vn 0.0472441 0.023622 -1 
vn 0.866142 0.141732 -0.480315 
vn 0.84252 0.11811 0.527559 
vn 0.818898 0.275591 -0.503937 
vn 0.811024 0.23622 0.535433 
vn 0.0393701 0.0314961 -1 
vn -0.834646 -0.125984 -0.527559 
vn 0.692913 0.496063 -0.527559 
vn 0.692913 0.464567 0.551181 
vn -0.811024 -0.267717 -0.527559 
vn -0.677165 -0.503937 -0.535433 
vn 0.0472441 0.00787402 -1 
vn -0.818898 -0.275591 0.496063 
vn -0.724409 -0.472441 0.503937 
vn -0.559055 -0.629921 0.535433 
vn -0.527559 -0.669291 -0.519685 
vn 0.0551181 0.015748 -1 
vn 0.559055 0.629921 -0.535433 
vn -0.511811 -0.645669 0.566929 
vn -0.503937 -0.692913 -0.519685 
vn -0.023622 -0.015748 1 
vn -0.0551181 -0.0393701 1 
vn -0.00787402 0.023622 1 
vn 0.566929 0.645669 0.511811 
vn 0.519685 0.708661 0.472441 
vn -0.023622 0.228346 0.976378 
vn -0.637795 -0.503937 0.582677 
vn -0.598425 -0.669291 -0.440945 
vn 0.0314961 0.015748 -1 
vn -0.228346 0.23622 0.944882 
vn -0.653543 -0.393701 0.645669 
vn -0.708661 -0.700787 -0.0629921 
vn 0.535433 0.771654 0.330709 
vn 0.480315 0.826772 0.283465 
vn -0.19685 -0.425197 -0.88189 
vn 0.00787402 -0.133858 -0.992126 
vn 0.543307 0.574803 -0.614173 
vn 0.503937 0.677165 -0.543307 
vn 0.535433 0.370079 -0.755906 
vn 0.535433 0.771654 0.330709 
vn 0.519685 0.708661 0.472441 
vn 0.480315 0.826772 0.283465 
vn 0.566929 0.645669 0.511811 
vn 0.834646 -0.173228 0.527559 
vn 0.834646 0.102362 0.535433 
vn 0.732283 0.417323 0.543307 
vn 0.669291 0.543307 -0.511811 
vn 0.11811 -0.0708661 -0.992126 
vn -0.409449 -0.740157 -0.527559 
vn -0.456693 -0.700787 -0.551181 
vn -0.503937 -0.692913 0.511811 
vn -0.551181 -0.685039 0.472441 
vn 0.551181 0.692913 -0.472441 
vn 0.0787402 0.0472441 -0.992126 
vn 0.511811 0.669291 0.543307 
vn 0.417323 0.732283 0.543307 
vn 0.488189 0.685039 0.543307 
vn 0.551181 0.716535 -0.433071 
vn 0.0314961 0.188976 -0.984252 
vn -0.606299 -0.527559 -0.598425 
vn -0.582677 -0.685039 0.433071 
vn 0 0.330709 -0.944882 
vn -0.740157 -0.338583 -0.574803 
vn -0.677165 -0.645669 0.354331 
vn 0.645669 0.677165 -0.354331 
vn 0.614173 0.527559 0.582677 
vn 0.724409 0.330709 0.606299 
vn 0.724409 0.622047 -0.299213 
vn -0.0393701 0.417323 -0.905512 
vn -0.80315 -0.165354 -0.574803 
vn -0.740157 -0.574803 0.354331 
vn 0.023622 -0.314961 0.952756 
vn -0.834646 -0.496063 0.259843 
vn 0.0551181 -0.377953 0.92126 
vn -0.0708661 0.425197 -0.897638 
vn -0.779528 -0.0472441 -0.622047 
vn 0.748031 0.590551 -0.307087 
vn 0.779528 0.204724 0.590551 
vn 0.826772 0.204724 0.527559 
vn 0.700787 0.582677 -0.409449 
vn 0.00787402 -0.393701 0.92126 
vn 0.826772 0.204724 0.527559 
vn 0.779528 0.204724 0.590551 
vn 0.724409 0.330709 0.606299 
vn 0.614173 0.527559 0.582677 
vn 0.023622 -0.102362 0.992126 
vn 0.488189 0.685039 0.543307 
vn -0.0314961 0.0314961 1 
vn 0.417323 0.732283 0.543307 
vn -0.11811 0.0629921 0.992126 
vn 0.511811 0.669291 0.543307 
vn -0.15748 0.0866142 0.984252 
vn 0.732283 0.417323 0.543307 
vn 0.889764 -0.110236 0.440945 
vn 0.84252 -0.244094 -0.488189 
vn 0.76378 -0.425197 0.480315 
vn 0.779528 -0.354331 -0.519685 
vn 0.700787 -0.543307 0.464567 
vn -0.19685 -0.125984 0.968504 
vn -0.15748 -0.11811 0.976378 
vn 0.724409 0.11811 0.685039 
vn 0.755906 0.133858 0.637795 
vn 0.897638 0.330709 -0.283465 
vn 0.889764 0.330709 -0.299213 
vn 0.188976 0.299213 -0.937008 
vn 0.149606 0.291339 -0.944882 
vn -0.732283 0.0551181 -0.677165 
vn -0.779528 0.0393701 -0.629921 
vn -0.937008 -0.165354 0.307087 
vn -0.929134 -0.165354 0.330709 
vn -0.19685 -0.125984 0.968504 
vn -0.15748 -0.11811 0.976378 
vn -0.181102 0.173228 0.968504 
vn -0.181102 0.173228 0.968504 
vn 0.748031 0.244094 0.614173 
vn 0.748031 0.244094 0.614173 
vn 0.929134 0.133858 -0.354331 
vn 0.929134 0.133858 -0.354331 
vn 0.188976 -0.0551181 -0.984252 
vn 0.188976 -0.0551181 -0.984252 
vn -0.755906 -0.133858 -0.645669 
vn -0.755906 -0.133858 -0.645669 
vn -0.937008 -0.023622 0.338583 
vn -0.937008 -0.023622 0.338583 
vn -0.181102 0.173228 0.968504 
vn -0.181102 0.173228 0.968504 

vt 0.934082 1.20752 
vt 0.931152 1.1142 
vt 0.958496 1.20569 
vt 0.955078 1.11414 
vt 0.954102 0.997345 
vt 0.930176 0.99674 
vt 0.979004 1.11365 
vt 0.981934 1.20325 
vt 0.979004 0.998109 
vt 0.953613 0.888184 
vt 0.978516 0.887512 
vt 0.929199 0.887878 
vt 0.953125 0.768433 
vt 0.978027 0.766724 
vt 1.00391 0.998305 
vt 1.00293 0.885986 
vt 1.00391 1.11237 
vt 1.00391 1.2019 
vt 1.02734 1.20264 
vt 1.0293 1.11212 
vt 1.0293 0.99765 
vt 1.02832 0.885742 
vt 1.00195 0.765503 
vt 1.02832 0.764404 
vt 1.05273 0.766113 
vt 1.05371 0.886841 
vt 1.05371 0.996977 
vt 1.05469 1.11279 
vt 1.05078 1.20471 
vt 1.07812 0.996014 
vt 1.07812 1.1142 
vt 1.07422 1.20703 
vt 1.0791 0.887268 
vt 1.0791 0.76709 
vt -0.195068 0.873779 
vt -0.214111 0.827881 
vt -0.176147 0.827881 
vt -0.240967 0.854736 
vt -0.149292 0.854736 
vt -0.240967 0.8927 
vt -0.149292 0.8927 
vt -0.214111 0.919556 
vt -0.176147 0.919556 
vt 1.05273 0.64624 
vt 1.0791 0.646484 
vt 1.02832 0.644287 
vt 1.05176 0.53125 
vt 1.07715 0.532471 
vt 1.00195 0.644287 
vt 1.02539 0.527832 
vt 1.0498 0.426758 
vt 1.07422 0.427734 
vt 1.00098 0.528564 
vt 1 0.42334 
vt 1.02344 0.422852 
vt 0.977539 0.64624 
vt 0.976562 0.532471 
vt 0.975586 0.428711 
vt 0.999512 0.34668 
vt 0.977051 0.349121 
vt 1.02051 0.345703 
vt 1.04492 0.345703 
vt 1.01953 0.276855 
vt 0.998047 0.277344 
vt 0.952637 0.347656 
vt 0.974609 0.273926 
vt 0.95166 0.430176 
vt 0.951172 0.533447 
vt 1.28125 0.0268555 
vt 1.30078 -0.0371094 
vt 1.30176 0.0273438 
vt 1.2832 0.111328 
vt 1.25977 0.107422 
vt 1.30469 0.112793 
vt 1.28223 0.217773 
vt 1.25879 0.216797 
vt 1.23535 0.216309 
vt 1.25781 0.325684 
vt 1.28223 0.324219 
vt 1.30566 0.321777 
vt 1.30469 0.217285 
vt 1.28418 0.42041 
vt 1.30762 0.416504 
vt 1.25781 0.422852 
vt 1.28418 0.526611 
vt 1.30762 0.521973 
vt 1.30371 0.655762 
vt 1.27441 1.04657 
vt 1.30273 0.955505 
vt 1.29883 1.05402 
vt 1.27832 0.948395 
vt 1.25098 1.04352 
vt 1.30176 0.807495 
vt 1.25293 0.947449 
vt 1.27734 0.805542 
vt 1.22754 0.95343 
vt 1.22754 1.04672 
vt 1.25391 0.810059 
vt 1.22949 0.817749 
vt 1.28027 0.658936 
vt 1.25586 0.665527 
vt 1.25684 0.531982 
vt 1.23047 0.671143 
vt 1.23047 0.533691 
vt 1.20703 0.820557 
vt 1.20312 0.9599 
vt 1.20312 1.0528 
vt 1.17969 0.960083 
vt 1.18262 0.815186 
vt 1.20703 0.668701 
vt 1.20605 0.529785 
vt 1.23242 0.422852 
vt 1.23438 0.32666 
vt 1.20801 0.419922 
vt 1.18164 0.660156 
vt 1.18066 0.522705 
vt 1.15625 0.953796 
vt 1.15918 0.806763 
vt 1.15625 0.654053 
vt 1.15527 0.520264 
vt 1.18359 0.415527 
vt 1.21191 0.32373 
vt 1.1875 0.321289 
vt 1.21387 0.216309 
vt 1.16309 0.320312 
vt 1.1582 0.414551 
vt 1.19043 0.216309 
vt 1.16797 0.21582 
vt 1.21484 0.106934 
vt 1.19238 0.110352 
vt 1.16992 0.111816 
vt 1.19531 0.0234375 
vt 1.17383 0.0263672 
vt 1.2168 0.0200195 
vt 1.2373 0.105469 
vt 1.19629 -0.0429688 
vt 1.17578 -0.0380859 
vt 1.23828 0.0195312 
vt 1.23828 -0.0410156 
vt 1.21875 -0.0439453 
vt 1.25879 0.0229492 
vt 1.25781 -0.0351562 
vt 1.25879 -0.0996094 
vt 1.23926 -0.106445 
vt 1.21777 -0.111328 
vt 1.19629 -0.110352 
vt 1.26074 -0.178711 
vt 1.23926 -0.18457 
vt 1.28125 -0.0986328 
vt 1.28027 -0.0351562 
vt 1.2832 -0.172852 
vt 1.30176 -0.102539 
vt 1.30273 -0.173828 
vt 1.29199 -0.282227 
vt 1.26758 -0.297852 
vt 1.24219 -0.302734 
vt 1.21777 -0.186523 
vt 1.31348 -0.396484 
vt 1.28125 -0.416992 
vt 1.24707 -0.417969 
vt 1.31738 -0.279297 
vt 1.33789 -0.375 
vt 1.21973 -0.399414 
vt 1.21582 -0.300781 
vt 1.19336 -0.291016 
vt 1.19629 -0.181641 
vt 1.1875 -0.379883 
vt 1.17188 -0.280273 
vt 1.17676 -0.174805 
vt 1.15234 -0.375977 
vt 1.17676 -0.103516 
vt 0.924316 0.532959 
vt 0.92627 0.428711 
vt 0.928223 0.34668 
vt 0.950684 0.266602 
vt 0.972168 0.182617 
vt 0.995117 0.185059 
vt 0.994141 0.0981445 
vt 1.01855 0.102539 
vt 1.01855 0.1875 
vt 0.948242 0.177246 
vt 0.96875 0.0942383 
vt 0.927246 0.266113 
vt 0.924805 0.179199 
vt 0.921875 0.0952148 
vt 0.945801 0.0898438 
vt 0.966309 -0.0292969 
vt 0.989746 -0.0263672 
vt 1.01465 -0.0195312 
vt 0.963379 -0.164062 
vt 0.987305 -0.164062 
vt 1.01074 -0.158203 
vt 0.943359 -0.0302734 
vt 0.918945 -0.0224609 
vt 0.916992 -0.155273 
vt 0.94043 -0.162109 
vt 0.960938 -0.294922 
vt 0.983887 -0.293945 
vt 1.00684 -0.286133 
vt 1.03223 -0.15625 
vt 1.00684 -0.40918 
vt 1.0293 -0.282227 
vt 0.956055 -0.417969 
vt 0.981934 -0.417969 
vt 0.938477 -0.290039 
vt 0.916504 -0.282227 
vt 0.905762 -0.401367 
vt 0.930176 -0.412109 
vt 1.03223 -0.40332 
vt 1.05859 -0.404297 
vt 1.05078 -0.28418 
vt 1.05469 -0.158203 
vt 1.06152 -0.0253906 
vt 1.04004 -0.0185547 
vt 1.06543 0.0927734 
vt 1.04395 0.100098 
vt 1.06641 0.177734 
vt 1.04297 0.182617 
vt 1.06641 0.264648 
vt 1.04395 0.270508 
vt 1.07031 0.345215 
vt 1.15234 1.052 
vt 1.17871 1.0556 
vt 0.924316 0.647217 
vt 0.952148 0.647217 
vt 0.92627 0.768066 
vt 0.700684 1.20789 
vt 0.692871 1.17847 
vt 0.718262 1.20239 
vt 0.712891 1.17224 
vt 0.736328 1.19861 
vt 0.733887 1.16785 
vt 0.754883 1.16724 
vt 0.754883 1.19812 
vt 0.775391 1.1698 
vt 0.772949 1.20044 
vt 0.796875 1.17419 
vt 0.791504 1.20422 
vt 0.810059 1.20789 
vt 0.817871 1.17847 
vt -0.233032 1.20801 
vt -0.240967 1.16174 
vt -0.214844 1.20544 
vt -0.220215 1.15881 
vt -0.198853 1.15698 
vt -0.196289 1.20386 
vt -0.177979 1.20325 
vt -0.178101 1.15637 
vt -0.156982 1.15698 
vt -0.159546 1.20374 
vt -0.140625 1.20532 
vt -0.135376 1.15881 
vt -0.114258 1.16174 
vt -0.122131 1.20801 

usemtl Camerabase11Mtl

f 173/173/173 174/174/174 175/175/175 
f 176/176/176 175/175/175 174/174/174 
f 176/176/176 174/174/174 177/177/177 
f 178/178/178 177/177/177 174/174/174 
f 176/176/176 179/179/179 175/175/175 
f 180/180/180 175/175/175 179/179/179 
f 179/179/179 176/176/176 181/181/181 
f 181/181/181 176/176/176 177/177/177 
f 177/177/177 178/178/178 182/182/182 
f 183/183/183 177/177/177 182/182/182 
f 181/181/181 177/177/177 183/183/183 
f 184/184/184 182/182/182 178/178/178 
f 182/182/182 184/184/184 185/185/185 
f 182/182/182 185/185/185 183/183/183 
f 186/186/186 183/183/183 185/185/185 
f 181/181/181 183/183/183 187/187/187 
f 183/183/183 186/186/186 188/188/188 
f 188/188/188 187/187/187 183/183/183 
f 179/179/179 181/181/181 189/189/189 
f 187/187/187 189/189/189 181/181/181 
f 179/179/179 189/189/189 180/180/180 
f 190/190/190 180/180/180 189/189/189 
f 190/190/190 189/189/189 191/191/191 
f 192/192/192 191/191/191 189/189/189 
f 189/189/189 187/187/187 192/192/192 
f 193/193/193 192/192/192 187/187/187 
f 194/194/194 187/187/187 188/188/188 
f 193/193/193 187/187/187 194/194/194 
f 195/195/195 188/188/188 186/186/186 
f 196/196/196 188/188/188 195/195/195 
f 194/194/194 188/188/188 196/196/196 
f 197/197/197 194/194/194 196/196/196 
f 198/198/198 194/194/194 197/197/197 
f 198/198/198 193/193/193 194/194/194 
f 199/199/199 193/193/193 198/198/198 
f 199/199/199 200/200/200 193/193/193 
f 192/192/192 193/193/193 200/200/200 
f 191/191/191 192/192/192 201/201/201 
f 200/200/200 201/201/201 192/192/192 
f 202/202/202 200/200/200 199/199/199 
f 200/200/200 202/202/202 203/203/203 
f 203/203/203 204/204/204 200/200/200 
f 201/201/201 200/200/200 204/204/204 
f 205/205/205 199/199/199 198/198/198 
f 202/202/202 199/199/199 205/205/205 
f 206/206/206 198/198/198 197/197/197 
f 205/205/205 198/198/198 206/206/206 
f 207/207/207 208/208/208 209/209/209 
f 207/207/207 210/210/210 208/208/208 
f 207/207/207 209/209/209 211/211/211 
f 207/207/207 212/212/212 210/210/210 
f 207/207/207 211/211/211 213/213/213 
f 207/207/207 214/214/214 212/212/212 
f 207/207/207 213/213/213 215/215/215 
f 207/207/207 215/215/215 214/214/214 
f 197/197/197 196/196/196 216/216/216 
f 217/217/217 197/197/197 216/216/216 
f 206/206/206 197/197/197 217/217/217 
f 216/216/216 218/218/218 219/219/219 
f 220/220/220 216/216/216 219/219/219 
f 216/216/216 196/196/196 218/218/218 
f 217/217/217 216/216/216 220/220/220 
f 218/218/218 221/221/221 222/222/222 
f 218/218/218 196/196/196 221/221/221 
f 219/219/219 218/218/218 222/222/222 
f 222/222/222 223/223/223 219/219/219 
f 224/224/224 219/219/219 223/223/223 
f 219/219/219 224/224/224 220/220/220 
f 225/225/225 226/226/226 222/222/222 
f 227/227/227 222/222/222 226/226/226 
f 222/222/222 221/221/221 225/225/225 
f 223/223/223 222/222/222 227/227/227 
f 221/221/221 195/195/195 228/228/228 
f 195/195/195 221/221/221 196/196/196 
f 228/228/228 229/229/229 221/221/221 
f 225/225/225 221/221/221 229/229/229 
f 229/229/229 230/230/230 225/225/225 
f 226/226/226 225/225/225 230/230/230 
f 231/231/231 226/226/226 232/232/232 
f 233/233/233 226/226/226 231/231/231 
f 230/230/230 232/232/232 226/226/226 
f 227/227/227 226/226/226 233/233/233 
f 234/234/234 227/227/227 233/233/233 
f 227/227/227 234/234/234 223/223/223 
f 235/235/235 233/233/233 236/236/236 
f 233/233/233 235/235/235 234/234/234 
f 231/231/231 236/236/236 233/233/233 
f 232/232/232 236/236/236 231/231/231 
f 232/232/232 230/230/230 237/237/237 
f 237/237/237 238/238/238 232/232/232 
f 238/238/238 236/236/236 232/232/232 
f 230/230/230 229/229/229 239/239/239 
f 239/239/239 237/237/237 230/230/230 
f 229/229/229 228/228/228 240/240/240 
f 240/240/240 239/239/239 229/229/229 
f 241/241/241 242/242/242 243/243/243 
f 243/243/243 244/244/244 241/241/241 
f 245/245/245 241/241/241 244/244/244 
f 244/244/244 243/243/243 246/246/246 
f 246/246/246 247/247/247 244/244/244 
f 248/248/248 244/244/244 247/247/247 
f 244/244/244 248/248/248 245/245/245 
f 248/248/248 249/249/249 245/245/245 
f 250/250/250 248/248/248 251/251/251 
f 247/247/247 251/251/251 248/248/248 
f 248/248/248 250/250/250 249/249/249 
f 251/251/251 247/247/247 252/252/252 
f 253/253/253 252/252/252 247/247/247 
f 247/247/247 246/246/246 253/253/253 
f 254/254/254 251/251/251 255/255/255 
f 252/252/252 255/255/255 251/251/251 
f 251/251/251 254/254/254 250/250/250 
f 256/256/256 250/250/250 254/254/254 
f 257/257/257 254/254/254 258/258/258 
f 254/254/254 257/257/257 256/256/256 
f 255/255/255 258/258/258 254/254/254 
f 258/258/258 259/259/259 257/257/257 
f 260/260/260 261/261/261 262/262/262 
f 261/261/261 260/260/260 263/263/263 
f 264/264/264 263/263/263 260/260/260 
f 263/263/263 265/265/265 261/261/261 
f 263/263/263 264/264/264 266/266/266 
f 265/265/265 263/263/263 267/267/267 
f 266/266/266 267/267/267 263/263/263 
f 266/266/266 264/264/264 268/268/268 
f 269/269/269 268/268/268 264/264/264 
f 267/267/267 266/266/266 270/270/270 
f 268/268/268 271/271/271 266/266/266 
f 270/270/270 266/266/266 271/271/271 
f 267/267/267 272/272/272 265/265/265 
f 270/270/270 273/273/273 267/267/267 
f 272/272/272 267/267/267 273/273/273 
f 259/259/259 265/265/265 272/272/272 
f 273/273/273 274/274/274 272/272/272 
f 257/257/257 272/272/272 274/274/274 
f 272/272/272 257/257/257 259/259/259 
f 273/273/273 270/270/270 275/275/275 
f 275/275/275 276/276/276 273/273/273 
f 274/274/274 273/273/273 276/276/276 
f 271/271/271 275/275/275 270/270/270 
f 271/271/271 268/268/268 277/277/277 
f 271/271/271 277/277/277 275/275/275 
f 268/268/268 269/269/269 278/278/278 
f 278/278/278 277/277/277 268/268/268 
f 279/279/279 278/278/278 269/269/269 
f 278/278/278 279/279/279 280/280/280 
f 280/280/280 281/281/281 278/278/278 
f 277/277/277 278/278/278 281/281/281 
f 277/277/277 281/281/281 282/282/282 
f 275/275/275 277/277/277 282/282/282 
f 275/275/275 282/282/282 276/276/276 
f 276/276/276 282/282/282 283/283/283 
f 276/276/276 284/284/284 274/274/274 
f 276/276/276 283/283/283 284/284/284 
f 274/274/274 256/256/256 257/257/257 
f 256/256/256 274/274/274 284/284/284 
f 284/284/284 285/285/285 256/256/256 
f 284/284/284 286/286/286 285/285/285 
f 284/284/284 283/283/283 286/286/286 
f 282/282/282 287/287/287 283/283/283 
f 283/283/283 288/288/288 286/286/286 
f 283/283/283 287/287/287 288/288/288 
f 282/282/282 281/281/281 287/287/287 
f 289/289/289 281/281/281 280/280/280 
f 281/281/281 289/289/289 290/290/290 
f 290/290/290 287/287/287 281/281/281 
f 287/287/287 290/290/290 291/291/291 
f 291/291/291 288/288/288 287/287/287 
f 288/288/288 292/292/292 293/293/293 
f 286/286/286 288/288/288 293/293/293 
f 292/292/292 288/288/288 291/291/291 
f 294/294/294 285/285/285 286/286/286 
f 286/286/286 293/293/293 294/294/294 
f 250/250/250 256/256/256 285/285/285 
f 285/285/285 249/249/249 250/250/250 
f 285/285/285 294/294/294 249/249/249 
f 294/294/294 295/295/295 296/296/296 
f 296/296/296 249/249/249 294/294/294 
f 295/295/295 294/294/294 293/293/293 
f 295/295/295 293/293/293 297/297/297 
f 298/298/298 297/297/297 293/293/293 
f 298/298/298 293/293/293 292/292/292 
f 299/299/299 295/295/295 300/300/300 
f 299/299/299 296/296/296 295/295/295 
f 297/297/297 300/300/300 295/295/295 
f 296/296/296 301/301/301 249/249/249 
f 301/301/301 296/296/296 302/302/302 
f 299/299/299 302/302/302 296/296/296 
f 302/302/302 299/299/299 303/303/303 
f 300/300/300 303/303/303 299/299/299 
f 302/302/302 304/304/304 301/301/301 
f 304/304/304 302/302/302 305/305/305 
f 303/303/303 305/305/305 302/302/302 
f 301/301/301 306/306/306 307/307/307 
f 307/307/307 249/249/249 301/301/301 
f 306/306/306 301/301/301 304/304/304 
f 304/304/304 308/308/308 306/306/306 
f 308/308/308 304/304/304 309/309/309 
f 305/305/305 309/309/309 304/304/304 
f 310/310/310 307/307/307 306/306/306 
f 310/310/310 306/306/306 311/311/311 
f 312/312/312 311/311/311 306/306/306 
f 312/312/312 306/306/306 308/308/308 
f 245/245/245 307/307/307 313/313/313 
f 245/245/245 249/249/249 307/307/307 
f 313/313/313 307/307/307 310/310/310 
f 313/313/313 310/310/310 314/314/314 
f 314/314/314 310/310/310 311/311/311 
f 311/311/311 315/315/315 314/314/314 
f 315/315/315 311/311/311 316/316/316 
f 312/312/312 316/316/316 311/311/311 
f 317/317/317 316/316/316 312/312/312 
f 317/317/317 312/312/312 318/318/318 
f 308/308/308 318/318/318 312/312/312 
f 316/316/316 319/319/319 315/315/315 
f 319/319/319 316/316/316 320/320/320 
f 317/317/317 320/320/320 316/316/316 
f 321/321/321 322/322/322 315/315/315 
f 321/321/321 315/315/315 323/323/323 
f 314/314/314 315/315/315 322/322/322 
f 319/319/319 323/323/323 315/315/315 
f 314/314/314 322/322/322 313/313/313 
f 241/241/241 245/245/245 313/313/313 
f 313/313/313 322/322/322 241/241/241 
f 322/322/322 242/242/242 241/241/241 
f 322/322/322 321/321/321 242/242/242 
f 324/324/324 242/242/242 321/321/321 
f 321/321/321 323/323/323 324/324/324 
f 325/325/325 324/324/324 323/323/323 
f 323/323/323 319/319/319 326/326/326 
f 323/323/323 326/326/326 325/325/325 
f 326/326/326 319/319/319 327/327/327 
f 319/319/319 320/320/320 327/327/327 
f 327/327/327 320/320/320 328/328/328 
f 329/329/329 328/328/328 320/320/320 
f 320/320/320 317/317/317 329/329/329 
f 326/326/326 327/327/327 330/330/330 
f 331/331/331 330/330/330 327/327/327 
f 332/332/332 331/331/331 327/327/327 
f 328/328/328 332/332/332 327/327/327 
f 333/333/333 325/325/325 326/326/326 
f 333/333/333 326/326/326 334/334/334 
f 330/330/330 334/334/334 326/326/326 
f 335/335/335 332/332/332 328/328/328 
f 328/328/328 336/336/336 335/335/335 
f 328/328/328 329/329/329 336/336/336 
f 336/336/336 329/329/329 337/337/337 
f 329/329/329 317/317/317 338/338/338 
f 338/338/338 337/337/337 329/329/329 
f 339/339/339 335/335/335 336/336/336 
f 339/339/339 336/336/336 337/337/337 
f 337/337/337 340/340/340 339/339/339 
f 337/337/337 338/338/338 340/340/340 
f 341/341/341 340/340/340 338/338/338 
f 318/318/318 338/338/338 317/317/317 
f 338/338/338 318/318/318 341/341/341 
f 342/342/342 339/339/339 340/340/340 
f 343/343/343 341/341/341 318/318/318 
f 318/318/318 308/308/308 343/343/343 
f 309/309/309 343/343/343 308/308/308 
f 344/344/344 239/239/239 240/240/240 
f 345/345/345 239/239/239 344/344/344 
f 345/345/345 237/237/237 239/239/239 
f 346/346/346 237/237/237 345/345/345 
f 346/346/346 347/347/347 237/237/237 
f 347/347/347 238/238/238 237/237/237 
f 347/347/347 348/348/348 238/238/238 
f 349/349/349 238/238/238 348/348/348 
f 238/238/238 349/349/349 236/236/236 
f 236/236/236 349/349/349 235/235/235 
f 348/348/348 350/350/350 349/349/349 
f 351/351/351 349/349/349 350/350/350 
f 349/349/349 351/351/351 352/352/352 
f 352/352/352 235/235/235 349/349/349 
f 348/348/348 347/347/347 353/353/353 
f 353/353/353 354/354/354 348/348/348 
f 350/350/350 348/348/348 354/354/354 
f 355/355/355 347/347/347 346/346/346 
f 355/355/355 353/353/353 347/347/347 
f 356/356/356 353/353/353 355/355/355 
f 356/356/356 357/357/357 353/353/353 
f 358/358/358 353/353/353 357/357/357 
f 354/354/354 353/353/353 358/358/358 
f 358/358/358 359/359/359 354/354/354 
f 360/360/360 354/354/354 359/359/359 
f 354/354/354 360/360/360 350/350/350 
f 361/361/361 350/350/350 360/360/360 
f 350/350/350 361/361/361 351/351/351 
f 359/359/359 362/362/362 360/360/360 
f 363/363/363 360/360/360 362/362/362 
f 364/364/364 360/360/360 363/363/363 
f 361/361/361 360/360/360 364/364/364 
f 359/359/359 358/358/358 365/365/365 
f 365/365/365 362/362/362 359/359/359 
f 357/357/357 366/366/366 358/358/358 
f 365/365/365 358/358/358 366/366/366 
f 366/366/366 367/367/367 365/365/365 
f 368/368/368 365/365/365 367/367/367 
f 362/362/362 365/365/365 368/368/368 
f 362/362/362 368/368/368 369/369/369 
f 363/363/363 362/362/362 369/369/369 
f 369/369/369 370/370/370 363/363/363 
f 370/370/370 371/371/371 363/363/363 
f 364/364/364 363/363/363 371/371/371 
f 372/372/372 364/364/364 371/371/371 
f 364/364/364 372/372/372 361/361/361 
f 371/371/371 370/370/370 373/373/373 
f 374/374/374 371/371/371 373/373/373 
f 371/371/371 374/374/374 372/372/372 
f 370/370/370 369/369/369 375/375/375 
f 375/375/375 376/376/376 370/370/370 
f 376/376/376 373/373/373 370/370/370 
f 377/377/377 369/369/369 368/368/368 
f 369/369/369 377/377/377 375/375/375 
f 368/368/368 367/367/367 378/378/378 
f 378/378/378 377/377/377 368/368/368 
f 377/377/377 378/378/378 379/379/379 
f 379/379/379 380/380/380 377/377/377 
f 380/380/380 375/375/375 377/377/377 
f 373/373/373 381/381/381 374/374/374 
f 381/381/381 382/382/382 374/374/374 
f 383/383/383 374/374/374 382/382/382 
f 374/374/374 383/383/383 372/372/372 
f 384/384/384 372/372/372 383/383/383 
f 384/384/384 385/385/385 372/372/372 
f 386/386/386 372/372/372 385/385/385 
f 385/385/385 387/387/387 386/386/386 
f 386/386/386 361/361/361 372/372/372 
f 388/388/388 386/386/386 387/387/387 
f 386/386/386 388/388/388 361/361/361 
f 387/387/387 389/389/389 388/388/388 
f 351/351/351 361/361/361 388/388/388 
f 390/390/390 388/388/388 389/389/389 
f 388/388/388 390/390/390 351/351/351 
f 389/389/389 391/391/391 390/390/390 
f 352/352/352 351/351/351 390/390/390 
f 392/392/392 390/390/390 391/391/391 
f 390/390/390 392/392/392 352/352/352 
f 391/391/391 393/393/393 392/392/392 
f 235/235/235 352/352/352 392/392/392 
f 392/392/392 234/234/234 235/235/235 
f 234/234/234 392/392/392 393/393/393 
f 393/393/393 223/223/223 234/234/234 
f 223/223/223 393/393/393 224/224/224 
f 289/289/289 280/280/280 394/394/394 
f 395/395/395 280/280/280 279/279/279 
f 394/394/394 280/280/280 395/395/395 
f 396/396/396 344/344/344 397/397/397 
f 240/240/240 397/397/397 344/344/344 
f 396/396/396 397/397/397 398/398/398 
f 185/185/185 398/398/398 397/397/397 
f 185/185/185 397/397/397 186/186/186 
f 228/228/228 186/186/186 397/397/397 
f 397/397/397 240/240/240 228/228/228 
f 398/398/398 185/185/185 184/184/184 
f 186/186/186 228/228/228 195/195/195 
f 399/399/399 400/400/400 401/401/401 
f 402/402/402 401/401/401 400/400/400 
f 401/401/401 402/402/402 403/403/403 
f 404/404/404 403/403/403 402/402/402 
f 404/404/404 405/405/405 403/403/403 
f 406/406/406 403/403/403 405/405/405 
f 405/405/405 407/407/407 406/406/406 
f 408/408/408 406/406/406 407/407/407 
f 409/409/409 408/408/408 407/407/407 
f 410/410/410 408/408/408 409/409/409 
f 410/410/410 409/409/409 411/411/411 
f 412/412/412 411/411/411 409/409/409 
f 413/413/413 414/414/414 415/415/415 
f 416/416/416 415/415/415 414/414/414 
f 416/416/416 417/417/417 415/415/415 
f 415/415/415 417/417/417 418/418/418 
f 418/418/418 417/417/417 419/419/419 
f 420/420/420 419/419/419 417/417/417 
f 420/420/420 421/421/421 419/419/419 
f 422/422/422 419/419/419 421/421/421 
f 422/422/422 421/421/421 423/423/423 
f 424/424/424 423/423/423 421/421/421 
f 425/425/425 423/423/423 424/424/424 
f 423/423/423 425/425/425 426/426/426 

g Camera31

v 3.53825 0.612946 -9.7121 
v 3.55113 0.546372 -9.79862 
v 3.49218 0.577441 -9.6982 
v 3.53054 0.6326 -9.607 
v 3.50051 0.519486 -9.77312 
v 3.48891 0.594884 -9.60718 
v 3.52892 0.604126 -9.49923 
v 3.49101 0.570705 -9.51385 
v 3.5293 0.268059 -9.43248 
v 3.56966 0.253819 -9.40529 
v 3.55577 0.341753 -9.35441 
v 3.51894 0.344342 -9.38842 
v 3.50775 0.430892 -9.38989 
v 3.5429 0.44181 -9.35611 
v 3.53825 0.612946 -9.7121 
v 3.55113 0.546372 -9.79862 
v 3.49218 0.577441 -9.6982 
v 3.50051 0.519486 -9.77312 
v 3.48891 0.594884 -9.60718 
v 3.4484 0.507637 -9.66776 
v 3.52892 0.604126 -9.49923 
v 3.49101 0.570705 -9.51385 
v 3.44625 0.519173 -9.60756 
v 3.45391 0.469309 -9.71731 
v 3.44435 0.381864 -9.60831 
v 3.51201 0.434409 -9.81752 
v 3.52395 0.342717 -9.82333 
v 3.46152 0.413044 -9.74667 
v 3.46942 0.352404 -9.75051 
v 3.53391 0.262744 -9.78785 
v 3.47601 0.299514 -9.72705 
v 3.53997 0.209844 -9.71567 
v 3.48001 0.264529 -9.67931 
v 3.54106 0.193101 -9.61835 
v 3.48073 0.253456 -9.61495 
v 3.53714 0.214518 -9.51485 
v 3.47814 0.26762 -9.5465 
v 3.47296 0.303029 -9.49203 
v 3.5293 0.268059 -9.43248 
v 3.4661 0.353479 -9.46289 
v 3.51894 0.344342 -9.38842 
v 3.4587 0.410718 -9.46386 
v 3.45212 0.464092 -9.49411 
v 3.44763 0.503183 -9.54584 
v 3.50775 0.430892 -9.38989 
v 3.4978 0.511598 -9.43564 
v 3.5429 0.44181 -9.35611 
v 3.53339 0.535361 -9.40893 
v 3.53391 0.262744 -9.78785 
v 3.59038 0.249668 -9.81562 
v 3.59425 0.188111 -9.73228 
v 3.53997 0.209844 -9.71567 
v 3.5913 0.168212 -9.61991 
v 3.54106 0.193101 -9.61835 
v 3.48073 0.253456 -9.61495 
v 3.53714 0.214518 -9.51485 
v 3.47814 0.26762 -9.5465 
v 3.58229 0.192388 -9.50039 
v 3.5293 0.268059 -9.43248 
v 3.56966 0.253819 -9.40529 
v 3.55113 0.546372 -9.79862 
v 3.50051 0.519486 -9.77312 
v 3.56635 0.448273 -9.84988 
v 3.51201 0.434409 -9.81752 
v 3.52395 0.342717 -9.82333 
v 3.5804 0.342313 -9.85659 
v 3.53391 0.262744 -9.78785 
v 3.59038 0.249668 -9.81562 

vn -0.637795 0.677165 -0.377953 
vn -0.582677 0.456693 -0.669291 
vn -0.748031 0.574803 -0.322835 
vn -0.669291 0.740157 0.00787402 
vn -0.716535 0.385827 -0.582677 
vn -0.771654 0.637795 0.015748 
vn -0.692913 0.645669 0.322835 
vn -0.779528 0.551181 0.299213 
vn -0.661417 -0.566929 0.488189 
vn -0.582677 -0.606299 0.543307 
vn -0.661417 -0.267717 0.700787 
vn -0.732283 -0.259843 0.629921 
vn -0.771654 0.0787402 0.637795 
vn -0.700787 0.102362 0.700787 
vn -0.637795 0.677165 -0.377953 
vn -0.582677 0.456693 -0.669291 
vn -0.748031 0.574803 -0.322835 
vn -0.716535 0.385827 -0.582677 
vn -0.771654 0.637795 0.015748 
vn -0.952756 0.251969 -0.181102 
vn -0.692913 0.645669 0.322835 
vn -0.779528 0.551181 0.299213 
vn -0.96063 0.291339 0.00787402 
vn -0.937008 0.141732 -0.322835 
vn -0.992126 -0.125984 -0.00787402 
vn -0.677165 0.110236 -0.724409 
vn -0.645669 -0.212598 -0.732283 
vn -0.92126 -0.00787402 -0.393701 
vn -0.897638 -0.181102 -0.393701 
vn -0.614173 -0.535433 -0.582677 
vn -0.874016 -0.362205 -0.314961 
vn -0.582677 -0.755906 -0.299213 
vn -0.858268 -0.488189 -0.165354 
vn -0.574803 -0.818898 0.00787402 
vn -0.850394 -0.527559 0 
vn -0.598425 -0.755906 0.267717 
vn -0.850394 -0.496063 0.149606 
vn -0.874016 -0.393701 0.283465 
vn -0.661417 -0.566929 0.488189 
vn -0.905512 -0.220472 0.370079 
vn -0.732283 -0.259843 0.629921 
vn -0.929134 -0.015748 0.370079 
vn -0.944882 0.149606 0.291339 
vn -0.952756 0.251969 0.165354 
vn -0.771654 0.0787402 0.637795 
vn -0.779528 0.362205 0.511811 
vn -0.700787 0.102362 0.700787 
vn -0.700787 0.425197 0.566929 
vn -0.614173 -0.535433 -0.582677 
vn -0.464567 -0.574803 -0.677165 
vn -0.433071 -0.826772 -0.362205 
vn -0.582677 -0.755906 -0.299213 
vn -0.440945 -0.897638 -0.00787402 
vn -0.574803 -0.818898 0.00787402 
vn -0.850394 -0.527559 0 
vn -0.598425 -0.755906 0.267717 
vn -0.850394 -0.496063 0.149606 
vn -0.496063 -0.818898 0.291339 
vn -0.661417 -0.566929 0.488189 
vn -0.582677 -0.606299 0.543307 
vn -0.582677 0.456693 -0.669291 
vn -0.716535 0.385827 -0.582677 
vn -0.535433 0.149606 -0.826772 
vn -0.677165 0.110236 -0.724409 
vn -0.645669 -0.212598 -0.732283 
vn -0.496063 -0.212598 -0.84252 
vn -0.614173 -0.535433 -0.582677 
vn -0.464567 -0.574803 -0.677165 

vt 0.182314 0.393399 
vt 0.169439 0.306882 
vt 0.228391 0.407302 
vt 0.190029 0.498494 
vt 0.220059 0.332373 
vt 0.231655 0.498319 
vt 0.191643 0.606263 
vt 0.229555 0.591652 
vt 0.21126 0.367651 
vt 0.25162 0.353411 
vt 0.237732 0.441345 
vt 0.200896 0.443935 
vt 0.189705 0.530484 
vt 0.22486 0.541403 
vt 0.0946642 0.712539 
vt 0.00814655 0.645964 
vt 0.108567 0.677034 
vt 0.0336383 0.619078 
vt 0.199584 0.694477 
vt 0.139007 0.60723 
vt 0.307528 0.703719 
vt 0.292917 0.670298 
vt 0.1992 0.618766 
vt 0.0894531 0.568901 
vt 0.198452 0.481457 
vt -0.0107601 0.534001 
vt -0.0165668 0.442309 
vt 0.0600906 0.512636 
vt 0.0562503 0.451996 
vt 0.0189136 0.362337 
vt 0.0797151 0.399107 
vt 0.0910913 0.309436 
vt 0.127449 0.364121 
vt 0.188408 0.292694 
vt 0.19181 0.353049 
vt 0.291916 0.31411 
vt 0.260264 0.367212 
vt 0.314735 0.402622 
vt 0.37428 0.367651 
vt 0.343874 0.453071 
vt 0.41834 0.443935 
vt 0.3429 0.51031 
vt 0.312648 0.563685 
vt 0.260926 0.602775 
vt 0.416868 0.530484 
vt 0.371125 0.61119 
vt 0.45065 0.541403 
vt 0.397832 0.634953 
vt 0.215873 0.317649 
vt 0.272342 0.289879 
vt 0.276213 0.373221 
vt 0.221926 0.389826 
vt 0.273262 0.48559 
vt 0.223019 0.487144 
vt 0.162692 0.490545 
vt 0.219102 0.590651 
vt 0.160102 0.558999 
vt 0.264253 0.605107 
vt 0.21126 0.673015 
vt 0.25162 0.700211 
vt 0.169439 0.645964 
vt 0.220059 0.619078 
vt 0.154215 0.547866 
vt 0.208553 0.534001 
vt 0.196616 0.442309 
vt 0.140165 0.441905 
vt 0.186653 0.362337 
vt 0.130185 0.34926 

usemtl Camera31Mtl

f 427/427/427 429/429/429 430/430/430 
f 431/431/431 429/429/429 428/428/428 
f 432/432/432 430/430/430 429/429/429 
f 433/433/433 430/430/430 434/434/434 
f 432/432/432 434/434/434 430/430/430 
f 436/436/436 437/437/437 435/435/435 
f 438/438/438 435/435/435 437/437/437 
f 437/437/437 440/440/440 438/438/438 
f 439/439/439 438/438/438 440/440/440 
f 441/441/441 442/442/442 443/443/443 
f 443/443/443 444/444/444 446/446/446 
f 443/443/443 446/446/446 445/445/445 
f 445/445/445 449/449/449 448/448/448 
f 449/449/449 445/445/445 446/446/446 
f 450/450/450 446/446/446 444/444/444 
f 451/451/451 446/446/446 450/450/450 
f 451/451/451 449/449/449 446/446/446 
f 444/444/444 452/452/452 450/450/450 
f 454/454/454 450/450/450 452/452/452 
f 452/452/452 453/453/453 454/454/454 
f 451/451/451 450/450/450 454/454/454 
f 455/455/455 454/454/454 453/453/453 
f 451/451/451 454/454/454 455/455/455 
f 453/453/453 456/456/456 455/455/455 
f 457/457/457 455/455/455 456/456/456 
f 456/456/456 458/458/458 457/457/457 
f 451/451/451 455/455/455 457/457/457 
f 459/459/459 457/457/457 458/458/458 
f 451/451/451 457/457/457 459/459/459 
f 458/458/458 460/460/460 459/459/459 
f 461/461/461 459/459/459 460/460/460 
f 451/451/451 459/459/459 461/461/461 
f 463/463/463 462/462/462 464/464/464 
f 465/465/465 464/464/464 462/462/462 
f 451/451/451 461/461/461 463/463/463 
f 451/451/451 463/463/463 464/464/464 
f 464/464/464 465/465/465 466/466/466 
f 451/451/451 464/464/464 466/466/466 
f 467/467/467 466/466/466 465/465/465 
f 467/467/467 468/468/468 466/466/466 
f 451/451/451 466/466/466 468/468/468 
f 451/451/451 468/468/468 469/469/469 
f 451/451/451 469/469/469 470/470/470 
f 451/451/451 470/470/470 449/449/449 
f 468/468/468 467/467/467 471/471/471 
f 471/471/471 472/472/472 468/468/468 
f 469/469/469 468/468/468 472/472/472 
f 473/473/473 472/472/472 471/471/471 
f 472/472/472 473/473/473 474/474/474 
f 472/472/472 474/474/474 448/448/448 
f 472/472/472 448/448/448 469/469/469 
f 470/470/470 469/469/469 448/448/448 
f 470/470/470 448/448/448 449/449/449 
f 448/448/448 474/474/474 447/447/447 
f 476/476/476 477/477/477 475/475/475 
f 478/478/478 475/475/475 477/477/477 
f 477/477/477 479/479/479 478/478/478 
f 480/480/480 478/478/478 479/479/479 
f 479/479/479 482/482/482 480/480/480 
f 483/483/483 481/481/481 480/480/480 
f 483/483/483 480/480/480 482/482/482 
f 482/482/482 479/479/479 484/484/484 
f 485/485/485 482/482/482 484/484/484 
f 485/485/485 484/484/484 486/486/486 
f 487/487/487 489/489/489 488/488/488 
f 490/490/490 488/488/488 489/489/489 
f 489/489/489 491/491/491 490/490/490 
f 491/491/491 489/489/489 492/492/492 
f 493/493/493 491/491/491 492/492/492 
f 493/493/493 492/492/492 494/494/494 

g Camera21

v 5.1705 0.593073 -9.89094 
v 5.17086 0.552209 -9.9418 
v 5.19818 0.744518 -9.98498 
v 5.19245 0.734416 -9.92234 
v 5.1908 0.748672 -9.25554 
v 5.16755 0.601158 -9.286 
v 5.20662 0.743957 -9.26017 
v 5.1845 0.592934 -9.29172 
v 5.08762 0.648356 -9.25697 
v 5.10767 0.64027 -9.26335 
v 5.12188 0.76471 -9.23646 
v 5.10406 0.777635 -9.22941 
v 5.03343 0.798609 -9.20877 
v 5.01544 0.649122 -9.24086 
v 5.04699 0.787026 -9.21456 
v 5.02968 0.642544 -9.24559 
v 5.16755 0.601158 -9.286 
v 5.19911 0.762307 -9.19319 
v 5.17003 0.56158 -9.2352 
v 5.1908 0.748672 -9.25554 
v 4.24003 1.15341 -9.73081 
v 4.23598 1.164 -9.76023 
v 4.18178 1.13178 -9.75391 
v 4.1948 1.14675 -9.77765 
v 4.14771 1.11751 -9.80675 
v 4.16937 1.13478 -9.81531 
v 4.16937 1.13157 -9.86049 
v 4.14769 1.11545 -9.86973 
v 4.19483 1.13842 -9.89725 
v 4.18178 1.12558 -9.92253 
v 4.23607 1.15191 -9.9101 
v 4.24005 1.14511 -9.94393 
v 4.29909 1.16842 -9.92277 
v 4.27733 1.16958 -9.89263 
v 4.33506 1.18364 -9.86766 
v 4.30263 1.18199 -9.8529 
v 4.33516 1.18603 -9.79983 
v 4.30254 1.1864 -9.80502 
v 4.29912 1.1744 -9.74889 
v 4.27713 1.17834 -9.77179 
v 4.24003 1.15341 -9.73081 
v 4.23598 1.164 -9.76023 
v 5.08943 0.634625 -9.91662 
v 5.0905 0.598907 -9.96832 
v 5.10734 0.76524 -10.0073 
v 5.1047 0.758147 -9.94484 
v 5.10928 0.788353 -9.16709 
v 5.08762 0.648356 -9.25697 
v 5.10406 0.777635 -9.22941 
v 5.09084 0.612832 -9.20536 
v 4.18178 1.13178 -9.75391 
v 4.27478 1.05185 -9.71376 
v 4.24003 1.15341 -9.73081 
v 4.2089 1.02861 -9.73645 
v 4.14771 1.11751 -9.80675 
v 4.16816 1.014 -9.79584 
v 4.16815 1.01371 -9.8694 
v 4.14769 1.11545 -9.86973 
v 4.20898 1.0278 -9.92897 
v 4.18178 1.12558 -9.92253 
v 4.275 1.05086 -9.95161 
v 4.24005 1.14511 -9.94393 
v 4.29909 1.16842 -9.92277 
v 4.34085 1.07472 -9.92884 
v 4.38141 1.08937 -9.86933 
v 4.33506 1.18364 -9.86766 
v 4.38136 1.08942 -9.79589 
v 4.33516 1.18603 -9.79983 
v 4.29912 1.1744 -9.74889 
v 4.34065 1.07508 -9.73647 
v 4.27478 1.05185 -9.71376 
v 4.24003 1.15341 -9.73081 
v 5.01664 0.63393 -9.92972 
v 5.02005 0.593809 -9.98015 
v 5.0377 0.786906 -10.0256 
v 5.03328 0.776322 -9.96253 
v 5.08943 0.634625 -9.91662 
v 5.12281 0.74584 -9.93853 
v 5.10972 0.62772 -9.91108 
v 5.1047 0.758147 -9.94484 
v 5.03107 0.628079 -9.92558 
v 5.01664 0.63393 -9.92972 
v 5.04708 0.765244 -9.95731 
v 5.03328 0.776322 -9.96253 
v 5.19245 0.734416 -9.92234 
v 5.20845 0.729994 -9.91837 
v 5.1705 0.593073 -9.89094 
v 5.18767 0.585716 -9.88593 
v 5.01544 0.649122 -9.24086 
v 5.04046 0.812896 -9.14598 
v 5.02094 0.610039 -9.19061 
v 5.03343 0.798609 -9.20877 
v 5.1845 0.592934 -9.29172 
v 5.16755 0.601158 -9.286 
v 5.20105 0.552207 -9.2443 
v 5.17003 0.56158 -9.2352 
v 5.02968 0.642544 -9.24559 
v 5.01544 0.649122 -9.24086 
v 5.04698 0.602611 -9.19815 
v 5.02094 0.610039 -9.19061 
v 5.10767 0.64027 -9.26335 
v 5.08762 0.648356 -9.25697 
v 5.12739 0.603954 -9.21557 
v 5.09084 0.612832 -9.20536 
v 5.18767 0.585716 -9.88593 
v 5.20223 0.544382 -9.93399 
v 5.1705 0.593073 -9.89094 
v 5.17086 0.552209 -9.9418 
v 5.03107 0.628079 -9.92558 
v 5.04638 0.587659 -9.9737 
v 5.01664 0.63393 -9.92972 
v 5.02005 0.593809 -9.98015 
v 5.10972 0.62772 -9.91108 
v 5.12744 0.592062 -9.95964 
v 5.08943 0.634625 -9.91662 
v 5.0905 0.598907 -9.96832 
v 5.20662 0.743957 -9.26017 
v 5.22782 0.757542 -9.20068 
v 5.1908 0.748672 -9.25554 
v 5.19911 0.762307 -9.19319 
v 5.19245 0.734416 -9.92234 
v 5.19818 0.744518 -9.98498 
v 5.22717 0.741423 -9.97869 
v 5.20845 0.729994 -9.91837 
v 5.04046 0.812896 -9.14598 
v 5.03343 0.798609 -9.20877 
v 5.06571 0.79867 -9.15499 
v 5.04699 0.787026 -9.21456 
v 5.12188 0.76471 -9.23646 
v 5.14227 0.772746 -9.17813 
v 5.10406 0.777635 -9.22941 
v 5.10928 0.788353 -9.16709 
v 5.06331 0.773837 -10.0176 
v 5.03328 0.776322 -9.96253 
v 5.0377 0.786906 -10.0256 
v 5.04708 0.765244 -9.95731 
v 5.1047 0.758147 -9.94484 
v 5.10734 0.76524 -10.0073 
v 5.14076 0.751571 -9.99766 
v 5.12281 0.74584 -9.93853 
v 5.04699 0.787026 -9.21456 
v 5.02968 0.642544 -9.24559 
v 5.06571 0.79867 -9.15499 
v 5.04698 0.602611 -9.19815 
v 5.12188 0.76471 -9.23646 
v 5.10767 0.64027 -9.26335 
v 5.14227 0.772746 -9.17813 
v 5.12739 0.603954 -9.21557 
v 5.04638 0.587659 -9.9737 
v 5.03107 0.628079 -9.92558 
v 5.06331 0.773837 -10.0176 
v 5.04708 0.765244 -9.95731 
v 5.12744 0.592062 -9.95964 
v 5.10972 0.62772 -9.91108 
v 5.14076 0.751571 -9.99766 
v 5.12281 0.74584 -9.93853 
v 5.20105 0.552207 -9.2443 
v 5.22782 0.757542 -9.20068 
v 5.1845 0.592934 -9.29172 
v 5.20662 0.743957 -9.26017 
v 5.20223 0.544382 -9.93399 
v 5.18767 0.585716 -9.88593 
v 5.22717 0.741423 -9.97869 
v 5.20845 0.729994 -9.91837 
v 3.97909 0.608188 -9.60548 
v 3.98451 0.59036 -9.53593 
v 4.20076 0.616279 -9.60563 
v 4.20266 0.601576 -9.54868 
v 3.9907 0.546219 -9.47765 
v 4.20733 0.565504 -9.50096 
v 4.21371 0.516198 -9.47304 
v 3.99628 0.485723 -9.44356 
v 4.22057 0.463282 -9.47214 
v 4.00002 0.420669 -9.44246 
v 4.22661 0.416604 -9.49903 
v 4.00117 0.363163 -9.4753 
v 3.99956 0.32261 -9.53667 
v 4.23086 0.383797 -9.54929 
v 3.99559 0.306127 -9.61381 
v 4.23256 0.370614 -9.61245 
v 4.23125 0.380767 -9.67184 
v 3.99029 0.31835 -9.68633 
v 4.22707 0.413049 -9.71588 
v 3.98465 0.357847 -9.74012 
v 3.97959 0.41783 -9.76656 
v 4.22074 0.461914 -9.73753 
v 3.97598 0.486777 -9.76223 
v 4.21348 0.517981 -9.73399 
v 3.97446 0.550894 -9.72915 
v 4.20674 0.570036 -9.7069 
v 3.97554 0.594738 -9.67331 
v 4.20215 0.605535 -9.66117 
v 3.97909 0.608188 -9.60548 
v 4.20076 0.616279 -9.60563 

vn 0.984252 -0.11811 0.0944882 
vn 0.984252 -0.11811 0.102362 
vn 0.984252 -0.133858 0.0787402 
vn 0.984252 -0.141732 0.0708661 
vn 0.212598 -0.228346 0.952756 
vn 0.212598 -0.228346 0.952756 
vn 0.212598 -0.228346 0.952756 
vn 0.212598 -0.228346 0.952756 
vn 0.212598 -0.228346 0.952756 
vn 0.212598 -0.228346 0.952756 
vn 0.212598 -0.228346 0.952756 
vn 0.212598 -0.228346 0.952756 
vn 0.212598 -0.228346 0.952756 
vn 0.212598 -0.228346 0.952756 
vn 0.212598 -0.228346 0.952756 
vn 0.212598 -0.228346 0.952756 
vn 0.984252 -0.11811 -0.133858 
vn 0.984252 -0.125984 -0.110236 
vn 0.984252 -0.110236 -0.133858 
vn 0.984252 -0.133858 -0.102362 
vn -0.330709 0.874016 0.362205 
vn -0.338583 0.874016 0.346457 
vn -0.527559 0.811024 0.23622 
vn -0.535433 0.818898 0.220472 
vn -0.606299 0.795276 0.0551181 
vn -0.614173 0.787402 0.0472441 
vn -0.566929 0.818898 -0.11811 
vn -0.551181 0.826772 -0.110236 
vn -0.448819 0.866142 -0.220472 
vn -0.440945 0.874016 -0.212598 
vn -0.338583 0.913386 -0.228346 
vn -0.330709 0.913386 -0.220472 
vn -0.23622 0.952756 -0.19685 
vn -0.220472 0.952756 -0.212598 
vn -0.11811 0.984252 -0.11811 
vn -0.0866142 0.984252 -0.125984 
vn -0.015748 1 0.0551181 
vn 0 1 0.0708661 
vn -0.11811 0.952756 0.283465 
vn -0.133858 0.944882 0.291339 
vn -0.330709 0.874016 0.362205 
vn -0.338583 0.874016 0.346457 
vn 0.992126 -0.0866142 0.0708661 
vn 0.992126 -0.0787402 0.0787402 
vn 0.992126 -0.102362 0.0472441 
vn 0.992126 -0.11811 0.0314961 
vn 0.992126 -0.102362 -0.0787402 
vn 0.992126 -0.0866142 -0.110236 
vn 0.992126 -0.110236 -0.0629921 
vn 0.992126 -0.0787402 -0.11811 
vn -0.622047 -0.0393701 0.779528 
vn -0.0629921 0.141732 0.984252 
vn -0.0866142 0.133858 0.984252 
vn -0.606299 -0.015748 0.795276 
vn -0.944882 -0.165354 0.299213 
vn -0.937008 -0.149606 0.314961 
vn -0.937008 -0.188976 -0.299213 
vn -0.937008 -0.19685 -0.299213 
vn -0.590551 -0.102362 -0.80315 
vn -0.598425 -0.11811 -0.795276 
vn -0.023622 0.0787402 -1 
vn -0.0314961 0.0708661 -1 
vn 0.527559 0.283465 -0.80315 
vn 0.527559 0.283465 -0.80315 
vn 0.850394 0.425197 -0.299213 
vn 0.850394 0.417323 -0.307087 
vn 0.850394 0.425197 0.307087 
vn 0.850394 0.417323 0.307087 
vn 0.496063 0.314961 0.811024 
vn 0.503937 0.314961 0.80315 
vn -0.0629921 0.141732 0.984252 
vn -0.0866142 0.133858 0.984252 
vn 0.992126 -0.0708661 0.110236 
vn 0.992126 -0.0629921 0.11811 
vn 0.992126 -0.0944882 0.0708661 
vn 0.992126 -0.102362 0.0551181 
vn 0.181102 -0.244094 -0.952756 
vn 0.173228 -0.23622 -0.952756 
vn 0.181102 -0.244094 -0.952756 
vn 0.173228 -0.23622 -0.952756 
vn 0.173228 -0.244094 -0.952756 
vn 0.173228 -0.244094 -0.952756 
vn 0.165354 -0.23622 -0.952756 
vn 0.165354 -0.23622 -0.952756 
vn 0.173228 -0.23622 -0.952756 
vn 0.173228 -0.23622 -0.952756 
vn 0.173228 -0.23622 -0.952756 
vn 0.173228 -0.23622 -0.952756 
vn 0.984252 -0.0629921 -0.141732 
vn 0.992126 -0.0866142 -0.110236 
vn 0.984252 -0.0629921 -0.15748 
vn 0.992126 -0.102362 -0.0866142 
vn 0.511811 0.732283 0.448819 
vn 0.472441 0.732283 0.488189 
vn 0.409449 0.740157 0.535433 
vn 0.385827 0.740157 0.559055 
vn 0.496063 0.748031 0.448819 
vn 0.464567 0.748031 0.472441 
vn 0.393701 0.755906 0.527559 
vn 0.370079 0.755906 0.543307 
vn 0.448819 0.787402 0.417323 
vn 0.409449 0.787402 0.456693 
vn 0.362205 0.787402 0.496063 
vn 0.338583 0.787402 0.519685 
vn 0.456693 0.740157 -0.496063 
vn 0.354331 0.740157 -0.574803 
vn 0.417323 0.740157 -0.527559 
vn 0.330709 0.740157 -0.590551 
vn 0.440945 0.748031 -0.488189 
vn 0.338583 0.755906 -0.566929 
vn 0.409449 0.755906 -0.511811 
vn 0.314961 0.755906 -0.574803 
vn 0.393701 0.80315 -0.448819 
vn 0.299213 0.795276 -0.519685 
vn 0.354331 0.80315 -0.480315 
vn 0.275591 0.795276 -0.543307 
vn -0.19685 -0.937008 0.283465 
vn -0.11811 -0.968504 0.23622 
vn -0.173228 -0.944882 0.267717 
vn -0.102362 -0.968504 0.228346 
vn -0.165354 -0.96063 -0.220472 
vn -0.0708661 -0.984252 -0.165354 
vn -0.0944882 -0.976378 -0.181102 
vn -0.204724 -0.952756 -0.244094 
vn -0.409449 -0.88189 0.244094 
vn -0.503937 -0.811024 0.299213 
vn -0.433071 -0.866142 0.259843 
vn -0.535433 -0.787402 0.322835 
vn -0.488189 -0.826772 0.283465 
vn -0.393701 -0.897638 0.212598 
vn -0.448819 -0.858268 0.251969 
vn -0.370079 -0.913386 0.188976 
vn -0.425197 -0.88189 -0.19685 
vn -0.511811 -0.826772 -0.244094 
vn -0.401575 -0.897638 -0.181102 
vn -0.543307 -0.795276 -0.259843 
vn -0.448819 -0.874016 -0.19685 
vn -0.346457 -0.929134 -0.11811 
vn -0.377953 -0.913386 -0.141732 
vn -0.488189 -0.84252 -0.228346 
vn -0.952756 0.0551181 0.291339 
vn -0.937008 0.015748 0.338583 
vn -0.952756 0.0393701 0.307087 
vn -0.937008 0.015748 0.354331 
vn -0.944882 0.0393701 0.322835 
vn -0.929134 0.00787402 0.370079 
vn -0.937008 0.023622 0.338583 
vn -0.92126 0 0.377953 
vn -0.952756 0.015748 -0.314961 
vn -0.952756 0.015748 -0.299213 
vn -0.96063 0.0393701 -0.267717 
vn -0.968504 0.0551181 -0.251969 
vn -0.937008 0 -0.338583 
vn -0.944882 0.00787402 -0.330709 
vn -0.952756 0.023622 -0.307087 
vn -0.96063 0.0393701 -0.283465 
vn -0.929134 0.0472441 0.362205 
vn -0.944882 0.0629921 0.330709 
vn -0.929134 0.0472441 0.354331 
vn -0.944882 0.0708661 0.322835 
vn -0.944882 0.0472441 -0.322835 
vn -0.944882 0.0472441 -0.314961 
vn -0.952756 0.0629921 -0.291339 
vn -0.952756 0.0708661 -0.283465 
vn -0.0393701 1 0.023622 
vn -0.023622 0.897638 0.433071 
vn -0.0393701 1 0.0314961 
vn -0.023622 0.897638 0.433071 
vn 0.023622 0.653543 0.755906 
vn 0.023622 0.661417 0.748031 
vn 0.0944882 0.283465 0.952756 
vn 0.0944882 0.251969 0.96063 
vn 0.173228 -0.220472 0.96063 
vn 0.173228 -0.251969 0.952756 
vn 0.228346 -0.653543 0.716535 
vn 0.23622 -0.677165 0.700787 
vn 0.259843 -0.897638 0.354331 
vn 0.251969 -0.889764 0.377953 
vn 0.259843 -0.968504 0 
vn 0.259843 -0.968504 0.015748 
vn 0.251969 -0.88189 -0.385827 
vn 0.251969 -0.88189 -0.401575 
vn 0.212598 -0.590551 -0.771654 
vn 0.212598 -0.598425 -0.771654 
vn 0.149606 -0.173228 -0.976378 
vn 0.149606 -0.149606 -0.976378 
vn 0.0787402 0.251969 -0.96063 
vn 0.0787402 0.283465 -0.96063 
vn 0.023622 0.622047 -0.779528 
vn 0.023622 0.645669 -0.76378 
vn -0.023622 0.905512 -0.433071 
vn -0.023622 0.913386 -0.409449 
vn -0.0393701 1 0.023622 
vn -0.0393701 1 0.0314961 

vt 1.89844 1.9541 
vt 1.94922 1.92969 
vt 1.94922 2.09961 
vt 1.89844 2.0791 
vt -0.466553 1.58691 
vt -0.466553 1.45654 
vt -0.452148 1.58447 
vt -0.450684 1.45093 
vt -0.945801 2.2207 
vt -0.927246 2.21484 
vt -0.928711 2.32422 
vt -0.945801 2.33496 
vt -0.466553 1.91748 
vt -0.466553 1.78564 
vt -0.453369 1.9082 
vt -0.453369 1.78076 
vt -0.660156 1.84961 
vt -0.710449 2.00293 
vt -0.710449 1.82568 
vt -0.660156 1.97998 
vt 1.2041 2.26367 
vt 1.17383 2.26758 
vt 1.17773 2.21094 
vt 1.15527 2.22559 
vt 1.14258 2.17578 
vt 1.12891 2.19336 
vt 1.09277 2.17285 
vt 1.10156 2.15039 
vt 1.05078 2.16211 
vt 1.05469 2.13477 
vt 1.00488 2.16113 
vt 1.00391 2.12793 
vt 0.95166 2.13477 
vt 0.95752 2.16699 
vt 0.903809 2.15332 
vt 0.914062 2.18164 
vt 0.863281 2.18262 
vt 0.877441 2.20508 
vt 0.832031 2.21582 
vt 0.851562 2.23145 
vt 0.808594 2.26172 
vt 0.835449 2.26758 
vt 2.23047 0.179199 
vt 2.28125 0.159668 
vt 2.28125 0.306641 
vt 2.23047 0.288574 
vt 2.23047 -0.0517578 
vt 2.2793 -0.186523 
vt 2.2793 -0.0722656 
vt 2.23047 -0.206055 
vt 1.17773 2.21094 
vt 1.28809 2.21289 
vt 1.2041 2.26367 
vt 1.25098 2.1582 
vt 1.14258 2.17578 
vt 1.20312 2.1084 
vt 1.14453 2.07031 
vt 1.10156 2.15039 
vt 1.07422 2.04492 
vt 1.05469 2.13477 
vt 0.998535 2.03906 
vt 1.00391 2.12793 
vt 0.95166 2.13477 
vt 0.926758 2.05176 
vt 0.862793 2.07812 
vt 0.903809 2.15332 
vt 0.807129 2.11621 
vt 0.863281 2.18262 
vt 0.832031 2.21582 
vt 0.762695 2.16504 
vt 0.729004 2.2168 
vt 0.808594 2.26172 
vt 1.9873 0.183105 
vt 2.03711 0.159668 
vt 2.03711 0.330566 
vt 1.98633 0.309082 
vt 2.16016 2.23047 
vt 2.14258 2.33008 
vt 2.14258 2.22559 
vt 2.16016 2.33984 
vt -1.15234 2.21484 
vt -1.13867 2.21875 
vt -1.15234 2.33594 
vt -1.13965 2.34473 
vt 2.29102 -0.948242 
vt 2.27734 -0.951172 
vt 2.29297 -1.07227 
vt 2.27734 -1.07812 
vt 0.493896 1.66602 
vt 0.444092 1.82178 
vt 0.444092 1.64307 
vt 0.494141 1.79785 
vt 2.37109 2.2793 
vt 2.35547 2.28125 
vt 2.38281 2.22559 
vt 2.35352 2.22559 
vt 2.42383 0.886902 
vt 2.41016 0.888184 
vt 2.43359 0.832764 
vt 2.41016 0.833496 
vt -0.213135 2.35059 
vt -0.232422 2.35156 
vt -0.200928 2.29785 
vt -0.234253 2.29785 
vt 0.231445 2.35352 
vt 0.219482 2.29883 
vt 0.247925 2.35352 
vt 0.247925 2.29785 
vt 2.41992 0.638184 
vt 2.41016 0.58374 
vt 2.43555 0.63916 
vt 2.43359 0.58374 
vt 0.00338936 2.35059 
vt -0.00720978 2.29785 
vt 0.0223236 2.35156 
vt 0.0258179 2.29785 
vt 0.499512 2.39648 
vt 0.444092 2.39941 
vt 0.498535 2.38184 
vt 0.444092 2.37305 
vt 2.3457 1.17786 
vt 2.39844 1.17041 
vt 2.39844 1.19592 
vt 2.34375 1.19238 
vt 2.09375 1.17041 
vt 2.14844 1.18042 
vt 2.0957 1.19617 
vt 2.15039 1.19617 
vt 1.93164 2.29395 
vt 1.93164 2.34668 
vt 1.91113 2.2959 
vt 1.89844 2.34863 
vt 1.89258 1.19495 
vt 1.84473 1.17041 
vt 1.90039 1.17041 
vt 1.83984 1.1853 
vt 1.50098 2.33691 
vt 1.51465 2.38867 
vt 1.48242 2.38867 
vt 1.48145 2.33594 
vt 1.9873 -0.0556641 
vt 1.98633 -0.183594 
vt 2.03711 -0.0341797 
vt 2.03711 -0.206055 
vt 2.23047 -0.445312 
vt 2.23047 -0.554688 
vt 2.28125 -0.425781 
vt 2.28125 -0.574219 
vt 0.444092 2.01562 
vt 0.494629 2.03809 
vt 0.444092 2.17969 
vt 0.494141 2.15918 
vt 2.27734 -1.41211 
vt 2.32812 -1.39453 
vt 2.27734 -1.27148 
vt 2.32812 -1.28906 
vt -0.660156 1.45093 
vt -0.660156 1.63184 
vt -0.710449 1.47461 
vt -0.709961 1.60791 
vt 1.98633 -0.574219 
vt 2.03711 -0.550781 
vt 1.98633 -0.400391 
vt 2.03711 -0.422852 
vt 1.61621 0.238281 
vt 1.59766 0.179688 
vt 1.79297 0.16748 
vt 1.77539 0.120117 
vt 1.57812 0.120117 
vt 1.75879 0.0717773 
vt 1.74512 0.0244141 
vt 1.55957 0.0634766 
vt 1.73535 -0.0195312 
vt 1.54395 0.00976562 
vt 1.72852 -0.0654297 
vt 1.53027 -0.0449219 
vt 1.52051 -0.107422 
vt 1.72461 -0.117188 
vt 1.51367 -0.174805 
vt 1.72363 -0.172852 
vt 1.72559 -0.223633 
vt 1.51172 -0.238281 
vt 1.72949 -0.270508 
vt 1.5166 -0.294922 
vt 1.52832 -0.350586 
vt 1.7373 -0.316406 
vt 1.5459 -0.407227 
vt 1.74805 -0.363281 
vt 1.56738 -0.464844 
vt 1.76074 -0.412109 
vt 1.59082 -0.520508 
vt 1.77637 -0.459961 
vt 1.61621 -0.574219 
vt 1.79297 -0.504883 

usemtl Camera21Mtl

f 495/495/495 496/496/496 497/497/497 
f 495/495/495 497/497/497 498/498/498 
f 499/499/499 500/500/500 501/501/501 
f 502/502/502 501/501/501 500/500/500 
f 503/503/503 504/504/504 505/505/505 
f 505/505/505 506/506/506 503/503/503 
f 507/507/507 508/508/508 509/509/509 
f 510/510/510 509/509/509 508/508/508 
f 511/511/511 512/512/512 513/513/513 
f 514/514/514 512/512/512 511/511/511 
f 515/515/515 516/516/516 517/517/517 
f 518/518/518 517/517/517 516/516/516 
f 517/517/517 518/518/518 519/519/519 
f 520/520/520 519/519/519 518/518/518 
f 520/520/520 521/521/521 519/519/519 
f 521/521/521 522/522/522 519/519/519 
f 521/521/521 523/523/523 522/522/522 
f 524/524/524 522/522/522 523/523/523 
f 524/524/524 523/523/523 525/525/525 
f 525/525/525 526/526/526 524/524/524 
f 526/526/526 525/525/525 527/527/527 
f 528/528/528 527/527/527 525/525/525 
f 527/527/527 528/528/528 529/529/529 
f 530/530/530 529/529/529 528/528/528 
f 529/529/529 530/530/530 531/531/531 
f 532/532/532 531/531/531 530/530/530 
f 531/531/531 532/532/532 533/533/533 
f 534/534/534 533/533/533 532/532/532 
f 533/533/533 534/534/534 535/535/535 
f 536/536/536 535/535/535 534/534/534 
f 537/537/537 538/538/538 539/539/539 
f 537/537/537 539/539/539 540/540/540 
f 541/541/541 542/542/542 543/543/543 
f 542/542/542 541/541/541 544/544/544 
f 545/545/545 546/546/546 547/547/547 
f 548/548/548 546/546/546 545/545/545 
f 549/549/549 548/548/548 545/545/545 
f 548/548/548 549/549/549 550/550/550 
f 550/550/550 549/549/549 551/551/551 
f 552/552/552 551/551/551 549/549/549 
f 551/551/551 552/552/552 553/553/553 
f 554/554/554 553/553/553 552/552/552 
f 553/553/553 554/554/554 555/555/555 
f 556/556/556 555/555/555 554/554/554 
f 556/556/556 557/557/557 555/555/555 
f 558/558/558 555/555/555 557/557/557 
f 558/558/558 557/557/557 559/559/559 
f 560/560/560 559/559/559 557/557/557 
f 559/559/559 560/560/560 561/561/561 
f 562/562/562 561/561/561 560/560/560 
f 563/563/563 561/561/561 562/562/562 
f 564/564/564 561/561/561 563/563/563 
f 564/564/564 563/563/563 565/565/565 
f 566/566/566 565/565/565 563/563/563 
f 567/567/567 568/568/568 569/569/569 
f 567/567/567 569/569/569 570/570/570 
f 571/571/571 572/572/572 573/573/573 
f 574/574/574 572/572/572 571/571/571 
f 575/575/575 576/576/576 577/577/577 
f 578/578/578 577/577/577 576/576/576 
f 579/579/579 580/580/580 581/581/581 
f 582/582/582 581/581/581 580/580/580 
f 583/583/583 584/584/584 585/585/585 
f 586/586/586 584/584/584 583/583/583 
f 587/587/587 588/588/588 589/589/589 
f 590/590/590 589/589/589 588/588/588 
f 591/591/591 592/592/592 593/593/593 
f 594/594/594 593/593/593 592/592/592 
f 595/595/595 596/596/596 597/597/597 
f 598/598/598 597/597/597 596/596/596 
f 599/599/599 600/600/600 601/601/601 
f 602/602/602 601/601/601 600/600/600 
f 603/603/603 604/604/604 605/605/605 
f 606/606/606 605/605/605 604/604/604 
f 607/607/607 608/608/608 609/609/609 
f 610/610/610 609/609/609 608/608/608 
f 611/611/611 612/612/612 613/613/613 
f 614/614/614 613/613/613 612/612/612 
f 615/615/615 616/616/616 617/617/617 
f 615/615/615 617/617/617 618/618/618 
f 619/619/619 620/620/620 621/621/621 
f 622/622/622 621/621/621 620/620/620 
f 623/623/623 624/624/624 625/625/625 
f 626/626/626 625/625/625 624/624/624 
f 627/627/627 628/628/628 629/629/629 
f 628/628/628 627/627/627 630/630/630 
f 631/631/631 632/632/632 633/633/633 
f 631/631/631 633/633/633 634/634/634 
f 635/635/635 636/636/636 637/637/637 
f 638/638/638 637/637/637 636/636/636 
f 639/639/639 640/640/640 641/641/641 
f 642/642/642 641/641/641 640/640/640 
f 643/643/643 644/644/644 645/645/645 
f 646/646/646 645/645/645 644/644/644 
f 647/647/647 648/648/648 649/649/649 
f 650/650/650 649/649/649 648/648/648 
f 651/651/651 652/652/652 653/653/653 
f 654/654/654 653/653/653 652/652/652 
f 655/655/655 656/656/656 657/657/657 
f 658/658/658 657/657/657 656/656/656 
f 659/659/659 660/660/660 661/661/661 
f 662/662/662 661/661/661 660/660/660 
f 660/660/660 663/663/663 662/662/662 
f 664/664/664 662/662/662 663/663/663 
f 664/664/664 663/663/663 665/665/665 
f 666/666/666 665/665/665 663/663/663 
f 665/665/665 666/666/666 667/667/667 
f 668/668/668 667/667/667 666/666/666 
f 667/667/667 668/668/668 669/669/669 
f 670/670/670 669/669/669 668/668/668 
f 670/670/670 671/671/671 669/669/669 
f 672/672/672 669/669/669 671/671/671 
f 671/671/671 673/673/673 672/672/672 
f 674/674/674 672/672/672 673/673/673 
f 674/674/674 673/673/673 675/675/675 
f 676/676/676 675/675/675 673/673/673 
f 675/675/675 676/676/676 677/677/677 
f 678/678/678 677/677/677 676/676/676 
f 678/678/678 679/679/679 677/677/677 
f 680/680/680 677/677/677 679/679/679 
f 679/679/679 681/681/681 680/680/680 
f 682/682/682 680/680/680 681/681/681 
f 681/681/681 683/683/683 682/682/682 
f 684/684/684 682/682/682 683/683/683 
f 683/683/683 685/685/685 684/684/684 
f 686/686/686 684/684/684 685/685/685 
f 685/685/685 687/687/687 686/686/686 
f 688/688/688 686/686/686 687/687/687 

g Camera41

v 3.98551 0.602928 -9.60828 
v 3.98196 0.589478 -9.67611 
v 3.95158 0.683128 -9.60783 
v 3.94613 0.662493 -9.71189 
v 3.98088 0.545635 -9.73195 
v 3.94448 0.595227 -9.79756 
v 3.98239 0.481517 -9.76503 
v 3.9468 0.496858 -9.84832 
v 3.98601 0.412571 -9.76936 
v 3.95234 0.39108 -9.85496 
v 3.99107 0.352588 -9.74292 
v 3.96011 0.299053 -9.81439 
v 3.96876 0.238456 -9.73187 
v 3.99671 0.313091 -9.68913 
v 3.97689 0.219702 -9.62061 
v 4.00201 0.300867 -9.61661 
v 4.00598 0.317351 -9.53948 
v 3.98298 0.244992 -9.50227 
v 4.00759 0.357904 -9.4781 
v 3.98546 0.307208 -9.4081 
v 4.00643 0.415409 -9.44527 
v 3.98368 0.395434 -9.35773 
v 3.97795 0.495241 -9.35941 
v 4.0027 0.480463 -9.44636 
v 3.9694 0.588055 -9.41171 
v 3.99712 0.54096 -9.48045 
v 3.9599 0.655776 -9.50113 
v 3.99093 0.5851 -9.53873 
v 3.98551 0.602928 -9.60828 
v 3.95158 0.683128 -9.60783 
v 3.59878 0.166379 -9.62072 
v 3.60173 0.186278 -9.73309 
v 3.58835 0.133024 -9.62232 
v 3.58977 0.190555 -9.50121 
v 3.59188 0.155683 -9.75015 
v 3.59786 0.247835 -9.81644 
v 3.57819 0.160538 -9.48636 
v 3.57714 0.251986 -9.4061 
v 3.56409 0.230453 -9.37818 
v 3.56325 0.33992 -9.35523 
v 3.54843 0.3305 -9.32031 
v 3.53376 0.444316 -9.32224 
v 3.55037 0.439977 -9.35693 
v 3.52277 0.550713 -9.38232 
v 3.54086 0.533528 -9.40975 
v 3.51754 0.628918 -9.48505 
v 3.5364 0.602293 -9.50005 
v 3.51935 0.661303 -9.60764 
v 3.53801 0.630767 -9.60782 
v 3.52811 0.638945 -9.72719 
v 3.54573 0.611113 -9.71292 
v 3.5586 0.544539 -9.79943 
v 3.54274 0.563211 -9.82561 
v 3.57383 0.44644 -9.8507 
v 3.56011 0.451626 -9.88393 
v 3.58788 0.34048 -9.8574 
v 3.57621 0.331105 -9.89155 
v 3.58759 0.225721 -9.84495 
v 3.54569 0.674754 -9.74309 
v 3.56235 0.588831 -9.85476 
v 3.52811 0.638945 -9.72719 
v 3.53562 0.700108 -9.60744 
v 3.54274 0.563211 -9.82561 
v 3.58212 0.462229 -9.92093 
v 3.51935 0.661303 -9.60764 
v 3.53349 0.66335 -9.46834 
v 3.51754 0.628918 -9.48505 
v 3.52277 0.550713 -9.38232 
v 3.53951 0.574626 -9.35178 
v 3.53376 0.444316 -9.32224 
v 3.55196 0.453901 -9.28361 
v 3.56858 0.324755 -9.28141 
v 3.54843 0.3305 -9.32031 
v 3.58642 0.211245 -9.34708 
v 3.56409 0.230453 -9.37818 
v 3.6022 0.131888 -9.46983 
v 3.57819 0.160538 -9.48636 
v 3.61377 0.100675 -9.6241 
v 3.58835 0.133024 -9.62232 
v 3.61809 0.126426 -9.76913 
v 3.59188 0.155683 -9.75015 
v 3.61325 0.205898 -9.87671 
v 3.58759 0.225721 -9.84495 
v 3.60036 0.325476 -9.92958 
v 3.57621 0.331105 -9.89155 
v 3.56011 0.451626 -9.88393 
v 3.9599 0.655776 -9.50113 
v 3.95158 0.683128 -9.60783 
v 3.53562 0.700108 -9.60744 
v 3.53349 0.66335 -9.46834 
v 3.9694 0.588055 -9.41171 
v 3.53951 0.574626 -9.35178 
v 3.55196 0.453901 -9.28361 
v 3.97795 0.495241 -9.35941 
v 3.98368 0.395434 -9.35773 
v 3.56858 0.324755 -9.28141 
v 3.98546 0.307208 -9.4081 
v 3.58642 0.211245 -9.34708 
v 3.6022 0.131888 -9.46983 
v 3.98298 0.244992 -9.50227 
v 3.61377 0.100675 -9.6241 
v 3.97689 0.219702 -9.62061 
v 3.96876 0.238456 -9.73187 
v 3.61809 0.126426 -9.76913 
v 3.96011 0.299053 -9.81439 
v 3.61325 0.205898 -9.87671 
v 3.60036 0.325476 -9.92958 
v 3.95234 0.39108 -9.85496 
v 3.58212 0.462229 -9.92093 
v 3.9468 0.496858 -9.84832 
v 3.94448 0.595227 -9.79756 
v 3.56235 0.588831 -9.85476 
v 3.54569 0.674754 -9.74309 
v 3.94613 0.662493 -9.71189 
v 3.53562 0.700108 -9.60744 
v 3.95158 0.683128 -9.60783 

vn 0.92126 0.385827 -0.0472441 
vn 0.913386 0.354331 -0.19685 
vn 0.92126 0.385827 -0.0472441 
vn 0.913386 0.354331 -0.19685 
vn 0.913386 0.259843 -0.307087 
vn 0.913386 0.259843 -0.314961 
vn 0.92126 0.141732 -0.370079 
vn 0.92126 0.133858 -0.370079 
vn 0.929134 0 -0.362205 
vn 0.929134 0 -0.362205 
vn 0.944882 -0.141732 -0.299213 
vn 0.944882 -0.141732 -0.307087 
vn 0.952756 -0.244094 -0.188976 
vn 0.952756 -0.251969 -0.181102 
vn 0.952756 -0.291339 -0.0551181 
vn 0.952756 -0.291339 -0.0472441 
vn 0.96063 -0.267717 0.0708661 
vn 0.96063 -0.267717 0.0787402 
vn 0.968504 -0.181102 0.173228 
vn 0.968504 -0.165354 0.181102 
vn 0.968504 -0.023622 0.244094 
vn 0.968504 -0.023622 0.244094 
vn 0.96063 0.133858 0.251969 
vn 0.96063 0.141732 0.251969 
vn 0.944882 0.267717 0.19685 
vn 0.944882 0.275591 0.188976 
vn 0.929134 0.362205 0.0866142 
vn 0.929134 0.362205 0.0866142 
vn 0.92126 0.385827 -0.0472441 
vn 0.92126 0.385827 -0.0472441 
vn -0.952756 0.299213 -0.0551181 
vn -0.96063 0.251969 0.102362 
vn -0.952756 0.299213 -0.0472441 
vn -0.944882 0.267717 -0.19685 
vn -0.96063 0.244094 0.11811 
vn -0.96063 0.11811 0.251969 
vn -0.944882 0.259843 -0.204724 
vn -0.937008 0.15748 -0.314961 
vn -0.937008 0.141732 -0.330709 
vn -0.92126 -0.023622 -0.393701 
vn -0.913386 -0.0314961 -0.393701 
vn -0.889764 -0.212598 -0.401575 
vn -0.889764 -0.220472 -0.401575 
vn -0.866142 -0.370079 -0.338583 
vn -0.866142 -0.377953 -0.330709 
vn -0.850394 -0.480315 -0.220472 
vn -0.850394 -0.480315 -0.220472 
vn -0.850394 -0.519685 -0.0551181 
vn -0.850394 -0.519685 -0.0551181 
vn -0.866142 -0.488189 0.125984 
vn -0.866142 -0.488189 0.125984 
vn -0.889764 -0.377953 0.267717 
vn -0.889764 -0.377953 0.267717 
vn -0.913386 -0.228346 0.338583 
vn -0.913386 -0.220472 0.338583 
vn -0.937008 -0.0551181 0.338583 
vn -0.937008 -0.0551181 0.338583 
vn -0.96063 0.11811 0.251969 
vn -0.905512 0.338583 -0.251969 
vn -0.88189 0.19685 -0.417323 
vn -0.905512 0.338583 -0.244094 
vn -0.92126 0.385827 -0.0314961 
vn -0.88189 0.204724 -0.417323 
vn -0.858268 0.015748 -0.511811 
vn -0.92126 0.385827 -0.023622 
vn -0.92126 0.338583 0.181102 
vn -0.92126 0.338583 0.181102 
vn -0.92126 0.220472 0.330709 
vn -0.913386 0.212598 0.338583 
vn -0.905512 0.015748 0.425197 
vn -0.905512 0.00787402 0.425197 
vn -0.874016 -0.228346 0.417323 
vn -0.874016 -0.23622 0.417323 
vn -0.834646 -0.440945 0.322835 
vn -0.834646 -0.456693 0.314961 
vn -0.80315 -0.582677 0.15748 
vn -0.795276 -0.582677 0.149606 
vn -0.787402 -0.614173 -0.0393701 
vn -0.787402 -0.614173 -0.023622 
vn -0.795276 -0.551181 -0.244094 
vn -0.795276 -0.566929 -0.228346 
vn -0.818898 -0.401575 -0.409449 
vn -0.818898 -0.409449 -0.409449 
vn -0.84252 -0.19685 -0.503937 
vn -0.84252 -0.188976 -0.503937 
vn -0.858268 0.023622 -0.503937 
vn 0.0472441 0.897638 0.433071 
vn 0.0393701 1 0.0314961 
vn 0.0393701 1 0.0393701 
vn 0.0472441 0.897638 0.440945 
vn 0.0866142 0.661417 0.740157 
vn 0.0866142 0.653543 0.748031 
vn 0.141732 0.267717 0.952756 
vn 0.141732 0.275591 0.952756 
vn 0.212598 -0.220472 0.952756 
vn 0.212598 -0.212598 0.952756 
vn 0.267717 -0.645669 0.716535 
vn 0.267717 -0.637795 0.724409 
vn 0.291339 -0.874016 0.385827 
vn 0.299213 -0.88189 0.370079 
vn 0.307087 -0.952756 0.023622 
vn 0.314961 -0.952756 0.00787402 
vn 0.314961 -0.866142 -0.385827 
vn 0.322835 -0.874016 -0.370079 
vn 0.291339 -0.582677 -0.76378 
vn 0.291339 -0.582677 -0.755906 
vn 0.228346 -0.149606 -0.96063 
vn 0.228346 -0.141732 -0.96063 
vn 0.15748 0.283465 -0.944882 
vn 0.165354 0.283465 -0.944882 
vn 0.102362 0.645669 -0.755906 
vn 0.102362 0.653543 -0.748031 
vn 0.0629921 0.913386 -0.401575 
vn 0.0551181 0.913386 -0.401575 
vn 0.0393701 1 0.0393701 
vn 0.0393701 1 0.0314961 

vt -0.277832 -0.768555 
vt -0.299316 -0.829102 
vt -0.197998 -0.782227 
vt -0.232666 -0.866211 
vt -0.339844 -0.883789 
vt -0.281494 -0.936523 
vt -0.392334 -0.931641 
vt -0.342529 -0.998047 
vt -0.450195 -0.970703 
vt -0.409668 -1.04688 
vt -0.513184 -0.996094 
vt -0.482178 -1.08008 
vt -0.562988 -1.09375 
vt -0.581543 -1.01172 
vt -0.654297 -1.0918 
vt -0.655762 -1.01562 
vt -0.732422 -1.00781 
vt -0.75 -1.08008 
vt -0.802734 -0.988281 
vt -0.835449 -1.0625 
vt -0.866211 -0.957031 
vt -0.908203 -1.0332 
vt -0.97168 -0.992188 
vt -0.925781 -0.923828 
vt -1.03125 -0.9375 
vt -0.980957 -0.878906 
vt -1.08887 -0.871094 
vt -1.0293 -0.828125 
vt -1.0625 -0.768555 
vt -1.14258 -0.792969 
vt 1.84277 -0.958984 
vt 1.93359 -0.993164 
vt 1.84961 -0.929688 
vt 1.73828 -0.959961 
vt 1.9541 -0.969727 
vt 1.99316 -1.05859 
vt 1.72949 -0.930664 
vt 1.64844 -0.99707 
vt 1.62598 -0.973633 
vt 1.5918 -1.0625 
vt 1.56055 -1.04883 
vt 1.54297 -1.14453 
vt 1.57617 -1.14648 
vt 1.57617 -1.24609 
vt 1.60547 -1.23242 
vt 1.64941 -1.33008 
vt 1.66992 -1.30469 
vt 1.74902 -1.37695 
vt 1.75488 -1.3457 
vt 1.85352 -1.37695 
vt 1.84668 -1.3457 
vt 1.92969 -1.30469 
vt 1.9502 -1.32812 
vt 1.98926 -1.23047 
vt 2.01758 -1.24219 
vt 2.01172 -1.14258 
vt 2.04492 -1.14062 
vt 2.02148 -1.04297 
vt 1.86426 -1.41211 
vt 1.97559 -1.35742 
vt 1.85352 -1.37695 
vt 1.74219 -1.41211 
vt 1.9502 -1.32812 
vt 2.05273 -1.25781 
vt 1.74902 -1.37695 
vt 1.62793 -1.35742 
vt 1.64941 -1.33008 
vt 1.57617 -1.24609 
vt 1.54199 -1.26172 
vt 1.54297 -1.14453 
vt 1.50488 -1.14453 
vt 1.52539 -1.0332 
vt 1.56055 -1.04883 
vt 1.60059 -0.945312 
vt 1.62598 -0.973633 
vt 1.7207 -0.896484 
vt 1.72949 -0.930664 
vt 1.8584 -0.894531 
vt 1.84961 -0.929688 
vt 1.97949 -0.941406 
vt 1.9541 -0.969727 
vt 2.05859 -1.02734 
vt 2.02148 -1.04297 
vt 2.08398 -1.14062 
vt 2.04492 -1.14062 
vt 2.01758 -1.24219 
vt -1.08887 -0.871094 
vt -1.14258 -0.792969 
vt -1.43555 -1.01953 
vt -1.35156 -1.125 
vt -1.03125 -0.9375 
vt -1.25488 -1.2207 
vt -1.15137 -1.29688 
vt -0.97168 -0.992188 
vt -0.908203 -1.0332 
vt -1.04395 -1.35156 
vt -0.835449 -1.0625 
vt -0.928711 -1.38867 
vt -0.794922 -1.41016 
vt -0.75 -1.08008 
vt -0.650391 -1.41211 
vt -0.654297 -1.0918 
vt -0.562988 -1.09375 
vt -0.516113 -1.39844 
vt -0.482178 -1.08008 
vt -0.396973 -1.36914 
vt -0.284424 -1.32422 
vt -0.409668 -1.04688 
vt -0.173584 -1.25977 
vt -0.342529 -0.998047 
vt -0.281494 -0.936523 
vt -0.0673828 -1.17969 
vt 0.027359 -1.08789 
vt -0.232666 -0.866211 
vt 0.109497 -0.989258 
vt -0.197998 -0.782227 

usemtl Camerabase21Mtl

f 689/689/689 690/690/690 691/691/691 
f 692/692/692 691/691/691 690/690/690 
f 690/690/690 693/693/693 692/692/692 
f 694/694/694 692/692/692 693/693/693 
f 693/693/693 695/695/695 694/694/694 
f 696/696/696 694/694/694 695/695/695 
f 695/695/695 697/697/697 696/696/696 
f 698/698/698 696/696/696 697/697/697 
f 697/697/697 699/699/699 698/698/698 
f 700/700/700 698/698/698 699/699/699 
f 699/699/699 701/701/701 700/700/700 
f 701/701/701 699/699/699 702/702/702 
f 701/701/701 702/702/702 703/703/703 
f 704/704/704 703/703/703 702/702/702 
f 704/704/704 705/705/705 703/703/703 
f 706/706/706 703/703/703 705/705/705 
f 705/705/705 707/707/707 706/706/706 
f 708/708/708 706/706/706 707/707/707 
f 707/707/707 709/709/709 708/708/708 
f 710/710/710 708/708/708 709/709/709 
f 709/709/709 711/711/711 710/710/710 
f 712/712/712 711/711/711 709/709/709 
f 711/711/711 712/712/712 713/713/713 
f 714/714/714 713/713/713 712/712/712 
f 713/713/713 714/714/714 715/715/715 
f 716/716/716 715/715/715 714/714/714 
f 716/716/716 717/717/717 715/715/715 
f 718/718/718 715/715/715 717/717/717 
f 719/719/719 720/720/720 721/721/721 
f 721/721/721 722/722/722 719/719/719 
f 723/723/723 721/721/721 720/720/720 
f 720/720/720 724/724/724 723/723/723 
f 722/722/722 721/721/721 725/725/725 
f 722/722/722 725/725/725 726/726/726 
f 727/727/727 726/726/726 725/725/725 
f 726/726/726 727/727/727 728/728/728 
f 729/729/729 728/728/728 727/727/727 
f 729/729/729 730/730/730 728/728/728 
f 731/731/731 728/728/728 730/730/730 
f 730/730/730 732/732/732 731/731/731 
f 733/733/733 731/731/731 732/732/732 
f 732/732/732 734/734/734 733/733/733 
f 735/735/735 733/733/733 734/734/734 
f 734/734/734 736/736/736 735/735/735 
f 737/737/737 735/735/735 736/736/736 
f 738/738/738 739/739/739 736/736/736 
f 737/737/737 736/736/736 739/739/739 
f 740/740/740 738/738/738 741/741/741 
f 738/738/738 740/740/740 739/739/739 
f 741/741/741 742/742/742 740/740/740 
f 742/742/742 741/741/741 743/743/743 
f 742/742/742 743/743/743 744/744/744 
f 744/744/744 743/743/743 745/745/745 
f 744/744/744 745/745/745 724/724/724 
f 746/746/746 724/724/724 745/745/745 
f 746/746/746 723/723/723 724/724/724 
f 747/747/747 748/748/748 749/749/749 
f 747/747/747 749/749/749 750/750/750 
f 751/751/751 749/749/749 748/748/748 
f 748/748/748 752/752/752 751/751/751 
f 753/753/753 750/750/750 749/749/749 
f 750/750/750 753/753/753 754/754/754 
f 755/755/755 754/754/754 753/753/753 
f 755/755/755 756/756/756 754/754/754 
f 757/757/757 754/754/754 756/756/756 
f 756/756/756 758/758/758 757/757/757 
f 759/759/759 757/757/757 758/758/758 
f 758/758/758 760/760/760 759/759/759 
f 760/760/760 758/758/758 761/761/761 
f 760/760/760 761/761/761 762/762/762 
f 763/763/763 762/762/762 761/761/761 
f 762/762/762 763/763/763 764/764/764 
f 765/765/765 764/764/764 763/763/763 
f 765/765/765 766/766/766 764/764/764 
f 766/766/766 765/765/765 767/767/767 
f 768/768/768 766/766/766 769/769/769 
f 767/767/767 769/769/769 766/766/766 
f 770/770/770 768/768/768 771/771/771 
f 769/769/769 771/771/771 768/768/768 
f 772/772/772 770/770/770 773/773/773 
f 771/771/771 773/773/773 770/770/770 
f 752/752/752 772/772/772 774/774/774 
f 773/773/773 774/774/774 772/772/772 
f 774/774/774 751/751/751 752/752/752 
f 775/775/775 776/776/776 777/777/777 
f 777/777/777 778/778/778 775/775/775 
f 779/779/779 775/775/775 778/778/778 
f 778/778/778 780/780/780 779/779/779 
f 780/780/780 781/781/781 779/779/779 
f 782/782/782 779/779/779 781/781/781 
f 782/782/782 781/781/781 783/783/783 
f 784/784/784 783/783/783 781/781/781 
f 783/783/783 784/784/784 785/785/785 
f 786/786/786 785/785/785 784/784/784 
f 786/786/786 787/787/787 785/785/785 
f 788/788/788 785/785/785 787/787/787 
f 787/787/787 789/789/789 788/788/788 
f 790/790/790 788/788/788 789/789/789 
f 790/790/790 789/789/789 791/791/791 
f 792/792/792 791/791/791 789/789/789 
f 791/791/791 792/792/792 793/793/793 
f 794/794/794 793/793/793 792/792/792 
f 794/794/794 795/795/795 793/793/793 
f 796/796/796 793/793/793 795/795/795 
f 795/795/795 797/797/797 796/796/796 
f 798/798/798 796/796/796 797/797/797 
f 798/798/798 797/797/797 799/799/799 
f 800/800/800 799/799/799 797/797/797 
f 800/800/800 801/801/801 799/799/799 
f 802/802/802 799/799/799 801/801/801 
f 801/801/801 803/803/803 802/802/802 
f 804/804/804 802/802/802 803/803/803 

g Camera51

v 4.28116 1.16406 -9.87242 
v 4.27392 1.20887 -9.88562 
v 4.30646 1.17647 -9.83269 
v 4.30661 1.22723 -9.83315 
v 4.28301 1.2843 -9.93237 
v 4.33674 1.3138 -9.8479 
v 4.25463 1.35903 -9.93262 
v 4.30663 1.2321 -9.77346 
v 4.3368 1.31882 -9.75321 
v 4.30848 1.3901 -9.75838 
v 4.3084 1.38703 -9.85205 
v 4.30637 1.18087 -9.7848 
v 4.28096 1.17282 -9.75158 
v 4.27396 1.22081 -9.73246 
v 4.28317 1.29683 -9.68427 
v 4.25484 1.36757 -9.6894 
v 4.08357 1.36538 -9.91298 
v 4.14649 1.38723 -9.92907 
v 4.13243 1.42078 -9.82467 
v 4.25463 1.35903 -9.93262 
v 4.30848 1.3901 -9.75838 
v 4.3084 1.38703 -9.85205 
v 4.25484 1.36757 -9.6894 
v 4.2485 1.43353 -9.77972 
v 4.24843 1.43195 -9.84597 
v 4.20945 1.41479 -9.90233 
v 4.14649 1.38723 -9.92907 
v 4.13243 1.42078 -9.82467 
v 4.20964 1.41734 -9.72984 
v 4.16814 1.1801 -9.74034 
v 4.19863 1.14123 -9.75743 
v 4.10939 1.23045 -9.69795 
v 4.19629 1.26253 -9.66404 
v 4.22105 1.20141 -9.71828 
v 4.23981 1.15848 -9.74002 
v 4.16796 1.33304 -9.66972 
v 4.08103 1.30139 -9.70258 
v 4.14669 1.3925 -9.71513 
v 4.0837 1.36966 -9.73873 
v 4.28096 1.17282 -9.75158 
v 4.27396 1.22081 -9.73246 
v 4.28317 1.29683 -9.68427 
v 4.25484 1.36757 -9.6894 
v 4.20964 1.41734 -9.72984 
v 4.19629 1.26253 -9.66404 
v 4.16796 1.33304 -9.66972 
v 4.22105 1.20141 -9.71828 
v 4.23981 1.15848 -9.74002 
v 4.14669 1.3925 -9.71513 
v 4.19866 1.1329 -9.87704 
v 4.22102 1.18598 -9.90936 
v 4.16814 1.16816 -9.89338 
v 4.1732 1.12605 -9.84027 
v 4.19616 1.24662 -9.97091 
v 4.10932 1.21884 -9.94263 
v 4.13545 1.16079 -9.8466 
v 4.1732 1.12926 -9.79509 
v 4.13545 1.16492 -9.78856 
v 4.16814 1.1801 -9.74034 
v 4.19863 1.14123 -9.75743 
v 4.05566 1.21208 -9.77126 
v 4.10939 1.23045 -9.69795 
v 4.2399 1.14639 -9.88988 
v 4.19866 1.1329 -9.87704 
v 4.22102 1.18598 -9.90936 
v 4.16814 1.16816 -9.89338 
v 4.19616 1.24662 -9.97091 
v 4.10932 1.21884 -9.94263 
v 4.16775 1.32226 -9.96974 
v 4.08091 1.29347 -9.94312 
v 4.08357 1.36538 -9.91298 
v 4.14649 1.38723 -9.92907 
v 4.2399 1.14639 -9.88988 
v 4.22102 1.18598 -9.90936 
v 4.28116 1.16406 -9.87242 
v 4.27392 1.20887 -9.88562 
v 4.19616 1.24662 -9.97091 
v 4.28301 1.2843 -9.93237 
v 4.16775 1.32226 -9.96974 
v 4.25463 1.35903 -9.93262 
v 4.20945 1.41479 -9.90233 
v 4.14649 1.38723 -9.92907 

vn 0.677165 -0.110236 -0.732283 
vn 0.708661 -0.283465 -0.645669 
vn 0.952756 -0.00787402 -0.299213 
vn 0.952756 -0.19685 -0.220472 
vn 0.677165 -0.102362 -0.732283 
vn 0.96063 0.015748 -0.275591 
vn 0.464567 0.425197 -0.779528 
vn 0.92126 -0.244094 0.299213 
vn 0.944882 0.0314961 0.330709 
vn 0.724409 0.614173 0.314961 
vn 0.755906 0.566929 -0.314961 
vn 0.96063 -0.0629921 0.283465 
vn 0.606299 -0.220472 0.76378 
vn 0.598425 -0.362205 0.716535 
vn 0.574803 -0.102362 0.811024 
vn 0.330709 0.480315 0.811024 
vn -0.401575 0.614173 -0.677165 
vn -0.220472 0.708661 -0.669291 
vn -0.220472 0.96063 -0.15748 
vn 0.464567 0.425197 -0.779528 
vn 0.724409 0.614173 0.314961 
vn 0.755906 0.566929 -0.314961 
vn 0.330709 0.480315 0.811024 
vn 0.251969 0.952756 0.188976 
vn 0.283465 0.929134 -0.23622 
vn 0.0944882 0.834646 -0.543307 
vn -0.220472 0.708661 -0.669291 
vn -0.220472 0.96063 -0.15748 
vn 0.0708661 0.818898 0.574803 
vn -0.267717 -0.685039 0.677165 
vn -0.346457 -0.590551 0.724409 
vn -0.275591 -0.543307 0.795276 
vn 0.0472441 -0.291339 0.952756 
vn 0.141732 -0.527559 0.834646 
vn 0.110236 -0.409449 0.905512 
vn -0.173228 0.283465 0.944882 
vn -0.401575 0.181102 0.897638 
vn -0.259843 0.527559 0.811024 
vn -0.448819 0.433071 0.779528 
vn 0.606299 -0.220472 0.76378 
vn 0.598425 -0.362205 0.716535 
vn 0.574803 -0.102362 0.811024 
vn 0.330709 0.480315 0.811024 
vn 0.0708661 0.818898 0.574803 
vn 0.0472441 -0.291339 0.952756 
vn -0.173228 0.283465 0.944882 
vn 0.141732 -0.527559 0.834646 
vn 0.110236 -0.409449 0.905512 
vn -0.259843 0.527559 0.811024 
vn -0.314961 -0.606299 -0.724409 
vn 0.244094 -0.511811 -0.826772 
vn -0.259843 -0.724409 -0.637795 
vn -0.629921 -0.740157 -0.244094 
vn 0.15748 -0.307087 -0.937008 
vn -0.204724 -0.480315 -0.850394 
vn -0.543307 -0.76378 -0.346457 
vn -0.590551 -0.700787 0.409449 
vn -0.433071 -0.740157 0.519685 
vn -0.267717 -0.685039 0.677165 
vn -0.346457 -0.590551 0.724409 
vn -0.370079 -0.80315 0.472441 
vn -0.275591 -0.543307 0.795276 
vn 0.19685 -0.354331 -0.913386 
vn -0.314961 -0.606299 -0.724409 
vn 0.244094 -0.511811 -0.826772 
vn -0.259843 -0.724409 -0.637795 
vn 0.15748 -0.307087 -0.937008 
vn -0.204724 -0.480315 -0.850394 
vn -0.0472441 0.244094 -0.968504 
vn -0.330709 0.125984 -0.937008 
vn -0.401575 0.614173 -0.677165 
vn -0.220472 0.708661 -0.669291 
vn 0.19685 -0.354331 -0.913386 
vn 0.244094 -0.511811 -0.826772 
vn 0.677165 -0.110236 -0.732283 
vn 0.708661 -0.283465 -0.645669 
vn 0.15748 -0.307087 -0.937008 
vn 0.677165 -0.102362 -0.732283 
vn -0.0472441 0.244094 -0.968504 
vn 0.464567 0.425197 -0.779528 
vn 0.0944882 0.834646 -0.543307 
vn -0.220472 0.708661 -0.669291 

vt 0.372593 0.981199 
vt 0.385798 1.02601 
vt 0.332861 0.993607 
vt 0.333321 1.04436 
vt 0.432541 1.10144 
vt 0.348078 1.13094 
vt 0.432796 1.17617 
vt 0.273636 1.04924 
vt 0.253384 1.13596 
vt 0.258553 1.20724 
vt 0.352224 1.20417 
vt 0.284978 0.998014 
vt 0.251751 0.989956 
vt 0.232629 1.03795 
vt 0.18445 1.11397 
vt 0.189572 1.18471 
vt 0.430311 1.00142 
vt 0.367387 0.985336 
vt 0.381452 1.08973 
vt 0.259246 0.981784 
vt 0.205398 1.15603 
vt 0.205482 1.06236 
vt 0.259042 1.22501 
vt 0.265378 1.13468 
vt 0.26545 1.06844 
vt 0.30443 1.01207 
vt 0.367387 0.985336 
vt 0.381452 1.08973 
vt 0.304239 1.18457 
vt 0.289562 0.997244 
vt 0.320053 0.958367 
vt 0.230804 1.04759 
vt 0.317705 1.07966 
vt 0.342471 1.01855 
vt 0.361229 0.97562 
vt 0.289383 1.15017 
vt 0.202453 1.11853 
vt 0.268109 1.20964 
vt 0.205115 1.1868 
vt 0.402381 0.989956 
vt 0.395383 1.03795 
vt 0.404587 1.11397 
vt 0.376256 1.18471 
vt 0.331059 1.23448 
vt 0.317705 1.07966 
vt 0.289383 1.15017 
vt 0.342471 1.01855 
vt 0.361229 0.97562 
vt 0.268109 1.20964 
vt 0.320075 1.03737 
vt 0.342445 1.00504 
vt 0.289555 1.02103 
vt 0.294615 1.07413 
vt 0.317583 0.943495 
vt 0.23074 0.971771 
vt 0.256867 1.06781 
vt 0.294617 1.11931 
vt 0.256867 1.12585 
vt 0.289562 1.17406 
vt 0.320053 1.15698 
vt 0.177077 1.14315 
vt 0.230804 1.21646 
vt 0.273978 0.963526 
vt 0.315222 0.950039 
vt 0.292853 1.00312 
vt 0.345743 0.9853 
vt 0.317715 1.06376 
vt 0.404558 1.03598 
vt 0.346127 1.1394 
vt 0.432971 1.11061 
vt 0.430311 1.18252 
vt 0.367387 1.20437 
vt 0.273978 0.963526 
vt 0.292853 1.00312 
vt 0.232715 0.981199 
vt 0.239963 1.02601 
vt 0.317715 1.06376 
vt 0.230868 1.10144 
vt 0.346127 1.1394 
vt 0.259246 1.17617 
vt 0.30443 1.23193 
vt 0.367387 1.20437 

usemtl Camera51Mtl

f 805/805/805 806/806/806 807/807/807 
f 808/808/808 807/807/807 806/806/806 
f 808/808/808 806/806/806 810/810/810 
f 810/810/810 806/806/806 809/809/809 
f 809/809/809 811/811/811 810/810/810 
f 808/808/808 810/810/810 812/812/812 
f 813/813/813 812/812/812 810/810/810 
f 813/813/813 810/810/810 814/814/814 
f 810/810/810 815/815/815 814/814/814 
f 815/815/815 810/810/810 811/811/811 
f 807/807/807 808/808/808 816/816/816 
f 812/812/812 816/816/816 808/808/808 
f 816/816/816 812/812/812 817/817/817 
f 818/818/818 817/817/817 812/812/812 
f 812/812/812 813/813/813 818/818/818 
f 819/819/819 818/818/818 813/813/813 
f 819/819/819 813/813/813 820/820/820 
f 813/813/813 814/814/814 820/820/820 
f 822/822/822 821/821/821 823/823/823 
f 825/825/825 828/828/828 827/827/827 
f 825/825/825 826/826/826 828/828/828 
f 829/829/829 828/828/828 826/826/826 
f 826/826/826 824/824/824 829/829/829 
f 830/830/830 829/829/829 824/824/824 
f 829/829/829 830/830/830 832/832/832 
f 830/830/830 831/831/831 832/832/832 
f 828/828/828 829/829/829 832/832/832 
f 833/833/833 827/827/827 828/828/828 
f 833/833/833 828/828/828 832/832/832 
f 836/836/836 834/834/834 837/837/837 
f 838/838/838 837/837/837 834/834/834 
f 834/834/834 835/835/835 838/838/838 
f 839/839/839 838/838/838 835/835/835 
f 837/837/837 840/840/840 836/836/836 
f 841/841/841 836/836/836 840/840/840 
f 840/840/840 842/842/842 843/843/843 
f 843/843/843 841/841/841 840/840/840 
f 846/846/846 847/847/847 849/849/849 
f 850/850/850 849/849/849 847/847/847 
f 847/847/847 848/848/848 850/850/850 
f 845/845/845 846/846/846 849/849/849 
f 844/844/844 845/845/845 851/851/851 
f 851/851/851 845/845/845 849/849/849 
f 852/852/852 844/844/844 851/851/851 
f 853/853/853 850/850/850 848/848/848 
f 856/856/856 854/854/854 857/857/857 
f 855/855/855 856/856/856 858/858/858 
f 856/856/856 857/857/857 860/860/860 
f 856/856/856 860/860/860 859/859/859 
f 861/861/861 860/860/860 857/857/857 
f 862/862/862 861/861/861 863/863/863 
f 864/864/864 863/863/863 861/861/861 
f 865/865/865 862/862/862 866/866/866 
f 863/863/863 866/866/866 862/862/862 
f 867/867/867 868/868/868 869/869/869 
f 868/868/868 870/870/870 869/869/869 
f 870/870/870 872/872/872 871/871/871 
f 871/871/871 872/872/872 873/873/873 
f 874/874/874 873/873/873 872/872/872 
f 874/874/874 875/875/875 873/873/873 
f 876/876/876 873/873/873 875/875/875 
f 877/877/877 878/878/878 879/879/879 
f 880/880/880 879/879/879 878/878/878 
f 878/878/878 881/881/881 880/880/880 
f 882/882/882 880/880/880 881/881/881 
f 881/881/881 883/883/883 882/882/882 
f 884/884/884 882/882/882 883/883/883 
f 884/884/884 883/883/883 885/885/885 
f 886/886/886 885/885/885 883/883/883 

g Camera61

v 4.14791 1.39206 -9.71451 
v 4.21086 1.4169 -9.72922 
v 4.13365 1.42035 -9.82406 
v 4.08479 1.36494 -9.91237 
v 4.04591 1.3544 -9.85697 
v 4.04594 1.3564 -9.79109 
v 4.08492 1.36923 -9.73811 
v 4.13365 1.42035 -9.82406 
v 4.14791 1.39206 -9.71451 
v 4.05688 1.21165 -9.77064 
v 4.11054 1.2184 -9.94202 
v 4.05687 1.20617 -9.86518 
v 4.02846 1.28089 -9.8659 
v 4.0285 1.28394 -9.77445 
v 4.11061 1.23001 -9.69733 
v 4.08213 1.29303 -9.9425 
v 4.08479 1.36494 -9.91237 
v 4.04591 1.3544 -9.85697 
v 4.04594 1.3564 -9.79109 
v 4.08492 1.36923 -9.73811 
v 4.08226 1.30096 -9.70196 
v 4.13667 1.16448 -9.78794 
v 4.13667 1.16036 -9.84598 
v 4.17442 1.12883 -9.79447 
v 4.05688 1.21165 -9.77064 
v 4.11054 1.2184 -9.94202 
v 4.05687 1.20617 -9.86518 

vn -0.354331 0.889764 0.275591 
vn -0.299213 0.913386 0.275591 
vn -0.488189 0.866142 0.102362 
vn -0.740157 0.527559 -0.425197 
vn -0.818898 0.527559 -0.220472 
vn -0.818898 0.543307 0.19685 
vn -0.645669 0.669291 0.370079 
vn -0.488189 0.866142 0.102362 
vn -0.354331 0.889764 0.275591 
vn -0.811024 -0.519685 0.267717 
vn -0.653543 -0.527559 -0.543307 
vn -0.732283 -0.629921 -0.259843 
vn -0.952756 -0.0629921 -0.291339 
vn -0.952756 -0.0393701 0.307087 
vn -0.748031 -0.259843 0.614173 
vn -0.811024 -0.0472441 -0.574803 
vn -0.740157 0.527559 -0.425197 
vn -0.818898 0.527559 -0.220472 
vn -0.818898 0.543307 0.19685 
vn -0.645669 0.669291 0.370079 
vn -0.80315 0 0.598425 
vn -0.582677 -0.811024 0.0551181 
vn -0.527559 -0.850394 -0.0708661 
vn -0.677165 -0.732283 0.0551181 
vn -0.811024 -0.519685 0.267717 
vn -0.653543 -0.527559 -0.543307 
vn -0.732283 -0.629921 -0.259843 

vt -0.138058 0.975775 
vt -0.201008 0.961065 
vt -0.123795 0.866229 
vt -0.0749354 0.777919 
vt -0.0360548 0.833317 
vt -0.036089 0.899194 
vt -0.0750637 0.952172 
vt -0.123795 0.866229 
vt -0.138058 0.975775 
vt -0.0605327 0.80743 
vt -0.231908 0.814188 
vt -0.155069 0.801952 
vt -0.155792 0.876674 
vt -0.0643447 0.879727 
vt 0.01278 0.825794 
vt -0.232393 0.888816 
vt -0.202257 0.960726 
vt -0.146859 0.950187 
vt -0.0809816 0.952181 
vt -0.0280042 0.965011 
vt 0.00814433 0.896739 
vt -0.0927978 0.902347 
vt -0.0927978 0.844304 
vt -0.0550472 0.895811 
vt -0.172588 0.919643 
vt -0.118925 0.748268 
vt -0.172597 0.825107 

usemtl Camera51Mtl

f 887/887/887 888/888/888 889/889/889 
f 891/891/891 892/892/892 894/894/894 
f 892/892/892 893/893/893 894/894/894 
f 890/890/890 891/891/891 894/894/894 
f 893/893/893 895/895/895 894/894/894 
f 896/896/896 899/899/899 898/898/898 
f 900/900/900 899/899/899 896/896/896 
f 901/901/901 900/900/900 896/896/896 
f 898/898/898 899/899/899 897/897/897 
f 902/902/902 897/897/897 899/899/899 
f 902/902/902 899/899/899 903/903/903 
f 904/904/904 903/903/903 899/899/899 
f 904/904/904 899/899/899 905/905/905 
f 900/900/900 905/905/905 899/899/899 
f 905/905/905 900/900/900 906/906/906 
f 907/907/907 906/906/906 900/900/900 
f 900/900/900 901/901/901 907/907/907 
f 908/908/908 909/909/909 910/910/910 
f 908/908/908 911/911/911 909/909/909 
f 912/912/912 909/909/909 913/913/913 
f 913/913/913 909/909/909 911/911/911 

g Camera11

v 4.69433 1.19963 -9.87813 
v 4.71178 1.16518 -10.1715 
v 4.03181 0.986786 -10.031 
v 4 1.01053 -9.80587 
v 4.66173 1.23169 -9.29351 
v 4 1.01818 -9.35857 
v 4.03181 0.998807 -9.13492 
v 4.64644 1.21207 -9 
v 4.66173 1.23169 -9.29351 
v 4.64644 1.21207 -9 
v 5.51383 0.65861 -9.28874 
v 5.54577 0.664385 -9.44281 
v 4.69433 1.19963 -9.87813 
v 5.54713 0.663105 -9.75032 
v 5.51657 0.655466 -9.90378 
v 4.71178 1.16518 -10.1715 
v 4.03181 0.998807 -9.13492 
v 4 1.01818 -9.35857 
v 4.15232 0.549567 -9.20765 
v 4.12535 0.544524 -9.39698 
v 4 1.01053 -9.80587 
v 4.27296 0.0975991 -9.36409 
v 4.2507 0.0646139 -9.4728 
v 4.12535 0.527959 -9.77264 
v 4.03181 0.986786 -10.031 
v 4.15232 0.514406 -9.96103 
v 4.25068 0.0336099 -9.70322 
v 4.2714 0.0366923 -9.81514 
v 5.54577 0.664385 -9.44281 
v 5.51383 0.65861 -9.28874 
v 5.35194 0.0886172 -9.39053 
v 5.37855 0.054003 -9.49191 
v 5.54713 0.663105 -9.75032 
v 5.3821 0.021673 -9.69432 
v 5.35904 0.0239571 -9.79536 
v 5.51657 0.655466 -9.90378 
v 4.64996 0.527433 -10.061 
v 4.03181 0.986786 -10.031 
v 4.71178 1.16518 -10.1715 
v 4.15232 0.514406 -9.96103 
v 4.56799 0.0835129 -9.84684 
v 4.2714 0.0366923 -9.81514 
v 4.64644 1.21207 -9 
v 4.03181 0.998807 -9.13492 
v 4.59624 0.61158 -9.0978 
v 4.15232 0.549567 -9.20765 
v 4.56439 0.14527 -9.32195 
v 4.27296 0.0975991 -9.36409 
v 5.22707 0.74339 -9.97929 
v 5.24162 0.751413 -9.97874 
v 5.20213 0.546349 -9.93459 
v 5.19807 0.746485 -9.98558 
v 5.20829 0.493877 -9.9205 
v 5.14065 0.753538 -9.99826 
v 5.03015 0.87694 -10.0498 
v 5.51657 0.655466 -9.90378 
v 5.17076 0.554176 -9.9424 
v 5.12734 0.594029 -9.96024 
v 5.09039 0.600874 -9.96892 
v 5.10723 0.767207 -10.0079 
v 5.0632 0.775804 -10.0182 
v 5.04628 0.589626 -9.97431 
v 5.0376 0.788873 -10.0262 
v 4.99845 0.580941 -9.98136 
v 5.01994 0.595776 -9.98076 
v 4.56799 0.0835129 -9.84684 
v 4.64996 0.527433 -10.061 
v 5.35904 0.0239571 -9.79536 
v 4.71178 1.16518 -10.1715 
v 5.22772 0.759509 -9.20128 
v 5.20094 0.554174 -9.2449 
v 5.24224 0.768018 -9.20243 
v 5.19901 0.764274 -9.19379 
v 5.20652 0.499862 -9.25924 
v 5.16992 0.563547 -9.2358 
v 5.14217 0.774713 -9.17873 
v 5.03391 0.908293 -9.12262 
v 5.51383 0.65861 -9.28874 
v 5.12728 0.605921 -9.21617 
v 5.09073 0.614799 -9.20596 
v 5.06561 0.800637 -9.15559 
v 5.10918 0.79032 -9.16769 
v 5.04688 0.604578 -9.19875 
v 5.04036 0.814863 -9.14658 
v 4.99938 0.598578 -9.18972 
v 4.64644 1.21207 -9 
v 4.59624 0.61158 -9.0978 
v 5.35194 0.0886172 -9.39053 
v 4.56439 0.14527 -9.32195 
v 5.02083 0.612006 -9.19121 
v 5.24703 0.0400707 -9.47928 
v 5.23541 0.0668117 -9.49268 
v 5.27154 0.0643379 -9.50906 
v 5.22754 0.0731379 -9.46099 
v 5.27263 0.0376772 -9.4912 
v 5.23924 0.0462893 -9.45494 
v 5.27477 0.0363675 -9.45443 
v 5.29877 0.0406541 -9.4827 
v 5.30697 0.0675677 -9.49764 
v 5.30989 0.0472273 -9.45888 
v 5.30153 0.0536296 -9.43352 
v 5.27655 0.0559439 -9.42209 
v 5.25041 0.0529838 -9.4305 
v 5.24105 0.0804904 -9.42689 
v 5.27659 0.0836791 -9.41569 
v 5.32053 0.0745581 -9.46531 
v 5.31059 0.0814767 -9.4305 
v 4.30872 0.0172324 -9.78706 
v 4.29681 0.0459116 -9.79515 
v 4.33271 0.0467216 -9.81219 
v 4.28938 0.0462438 -9.76273 
v 4.33416 0.0172346 -9.79957 
v 4.30126 0.0188128 -9.76189 
v 4.33683 0.00918901 -9.76371 
v 4.36041 0.0187572 -9.79102 
v 4.36829 0.0480129 -9.80086 
v 4.37184 0.0208997 -9.76655 
v 4.36383 0.02247 -9.74034 
v 4.33901 0.0224833 -9.72833 
v 4.31276 0.0209612 -9.73679 
v 4.30336 0.0472741 -9.72805 
v 4.33904 0.0485649 -9.71693 
v 4.38229 0.049013 -9.76798 
v 4.37284 0.0493384 -9.73235 
v 5.25573 0.0101832 -9.74546 
v 5.24852 0.0364045 -9.75233 
v 5.27988 0.0334275 -9.76697 
v 5.24185 0.0371992 -9.72404 
v 5.27789 0.00758189 -9.75621 
v 5.24922 0.0121282 -9.72349 
v 5.27907 1.78814e-07 -9.72493 
v 5.30076 0.00602633 -9.74855 
v 5.3108 0.0306516 -9.75681 
v 5.31071 0.00644928 -9.72707 
v 5.30372 0.00843525 -9.70419 
v 5.2821 0.0109879 -9.69387 
v 5.25923 0.0125437 -9.70146 
v 5.25381 0.0362959 -9.69363 
v 5.28481 0.0335104 -9.68365 
v 5.32279 0.0297351 -9.72797 
v 5.31434 0.0307118 -9.69689 
v 4.3233 0.06623 -9.42498 
v 4.31168 0.0929712 -9.43839 
v 4.34781 0.0904973 -9.45477 
v 4.30382 0.0992973 -9.4067 
v 4.3489 0.0638367 -9.43691 
v 4.31551 0.0724486 -9.40064 
v 4.35104 0.0625269 -9.40014 
v 4.37505 0.0668135 -9.42841 
v 4.38324 0.0937271 -9.44335 
v 4.38616 0.0733866 -9.40459 
v 4.3778 0.0797891 -9.37923 
v 4.35283 0.0821033 -9.3678 
v 4.32668 0.0791432 -9.37621 
v 4.31733 0.10665 -9.3726 
v 4.35286 0.109838 -9.3614 
v 4.39681 0.100717 -9.41102 
v 4.38687 0.107636 -9.3762 
v 4.56439 0.14527 -9.32195 
v 4.57137 0.113452 -9.45918 
v 5.35194 0.0886172 -9.39053 
v 4.27296 0.0975991 -9.36409 
v 5.37855 0.054003 -9.49191 
v 4.2507 0.0646139 -9.4728 
v 4.56985 0.0834172 -9.70543 
v 5.3821 0.021673 -9.69432 
v 4.25068 0.0336099 -9.70322 
v 5.35904 0.0239571 -9.79536 
v 4.2714 0.0366923 -9.81514 
v 4.56799 0.0835129 -9.84684 

vn -0.275591 0.96063 -0.102362 
vn -0.275591 0.952756 -0.125984 
vn -0.275591 0.952756 -0.133858 
vn -0.283465 0.952756 -0.0866142 
vn -0.307087 0.952756 0.00787402 
vn -0.307087 0.952756 0.0472441 
vn -0.322835 0.944882 0.110236 
vn -0.338583 0.937008 0.0472441 
vn 0.551181 0.834646 0.0393701 
vn 0.559055 0.826772 0.0866142 
vn 0.551181 0.818898 0.133858 
vn 0.543307 0.834646 0.0551181 
vn 0.543307 0.834646 -0.0472441 
vn 0.535433 0.84252 -0.0629921 
vn 0.543307 0.826772 -0.133858 
vn 0.551181 0.834646 -0.0629921 
vn -0.952756 -0.275591 0.110236 
vn -0.96063 -0.267717 0.0629921 
vn -0.952756 -0.283465 0.141732 
vn -0.96063 -0.267717 0.0787402 
vn -0.968504 -0.259843 -0.0551181 
vn -0.92126 -0.283465 0.251969 
vn -0.96063 -0.259843 0.125984 
vn -0.96063 -0.259843 -0.0551181 
vn -0.96063 -0.259843 -0.110236 
vn -0.96063 -0.267717 -0.11811 
vn -0.96063 -0.251969 -0.0708661 
vn -0.944882 -0.267717 -0.165354 
vn 0.952756 -0.283465 0.102362 
vn 0.937008 -0.299213 0.181102 
vn 0.905512 -0.275591 0.314961 
vn 0.952756 -0.259843 0.165354 
vn 0.96063 -0.267717 -0.0866142 
vn 0.96063 -0.251969 -0.0866142 
vn 0.944882 -0.259843 -0.212598 
vn 0.944882 -0.267717 -0.173228 
vn -0.173228 -0.267717 -0.944882 
vn -0.173228 -0.173228 -0.968504 
vn -0.15748 -0.149606 -0.976378 
vn -0.165354 -0.267717 -0.944882 
vn -0.110236 -0.354331 -0.929134 
vn -0.0551181 -0.307087 -0.952756 
vn -0.165354 -0.141732 0.976378 
vn -0.181102 -0.173228 0.968504 
vn -0.173228 -0.275591 0.944882 
vn -0.173228 -0.299213 0.937008 
vn -0.11811 -0.377953 0.92126 
vn -0.0787402 -0.346457 0.937008 
vn 0.173228 -0.251969 -0.952756 
vn 0.173228 -0.244094 -0.952756 
vn 0.173228 -0.23622 -0.952756 
vn 0.181102 -0.251969 -0.952756 
vn 0.133858 -0.251969 -0.96063 
vn 0.181102 -0.23622 -0.952756 
vn 0.204724 -0.19685 -0.96063 
vn 0.173228 -0.220472 -0.96063 
vn 0.181102 -0.23622 -0.952756 
vn 0.181102 -0.23622 -0.952756 
vn 0.181102 -0.23622 -0.952756 
vn 0.173228 -0.244094 -0.952756 
vn 0.173228 -0.244094 -0.952756 
vn 0.181102 -0.23622 -0.952756 
vn 0.181102 -0.244094 -0.952756 
vn 0.19685 -0.299213 -0.929134 
vn 0.188976 -0.23622 -0.952756 
vn 0.141732 -0.346457 -0.929134 
vn 0.251969 -0.354331 -0.905512 
vn 0.0787402 -0.228346 -0.968504 
vn 0.204724 -0.181102 -0.96063 
vn 0.212598 -0.228346 0.952756 
vn 0.212598 -0.228346 0.952756 
vn 0.212598 -0.228346 0.952756 
vn 0.212598 -0.228346 0.952756 
vn 0.165354 -0.267717 0.952756 
vn 0.212598 -0.228346 0.952756 
vn 0.212598 -0.228346 0.952756 
vn 0.283465 -0.0629921 0.96063 
vn 0.220472 -0.212598 0.952756 
vn 0.212598 -0.228346 0.952756 
vn 0.212598 -0.228346 0.952756 
vn 0.212598 -0.228346 0.952756 
vn 0.212598 -0.228346 0.952756 
vn 0.212598 -0.228346 0.952756 
vn 0.212598 -0.228346 0.952756 
vn 0.181102 -0.307087 0.937008 
vn 0.188976 -0.149606 0.968504 
vn 0.188976 -0.314961 0.929134 
vn 0.110236 -0.267717 0.96063 
vn 0.125984 -0.370079 0.92126 
vn 0.212598 -0.228346 0.952756 
vn -0.527559 -0.80315 -0.291339 
vn -0.692913 -0.543307 -0.472441 
vn -0.0393701 -0.566929 -0.826772 
vn -0.905512 -0.393701 0.141732 
vn -0.023622 -0.834646 -0.543307 
vn -0.700787 -0.677165 0.220472 
vn 0.023622 -0.968504 0.251969 
vn 0.503937 -0.787402 -0.354331 
vn 0.637795 -0.511811 -0.574803 
vn 0.740157 -0.661417 0.125984 
vn 0.543307 -0.574803 0.614173 
vn 0.0551181 -0.527559 0.84252 
vn -0.464567 -0.582677 0.669291 
vn -0.614173 -0.307087 0.732283 
vn 0.0551181 -0.228346 0.968504 
vn 0.929134 -0.370079 0.0314961 
vn 0.685039 -0.299213 0.661417 
vn -0.527559 -0.732283 -0.425197 
vn -0.700787 -0.448819 -0.559055 
vn -0.0472441 -0.401575 -0.913386 
vn -0.905512 -0.417323 0.0787402 
vn -0.0314961 -0.724409 -0.692913 
vn -0.700787 -0.708661 0.102362 
vn 0.0314961 -1 0.0629921 
vn 0.503937 -0.700787 -0.503937 
vn 0.629921 -0.393701 -0.669291 
vn 0.740157 -0.669291 -0.00787402 
vn 0.559055 -0.669291 0.488189 
vn 0.0708661 -0.677165 0.732283 
vn -0.448819 -0.700787 0.559055 
vn -0.598425 -0.433071 0.669291 
vn 0.0708661 -0.401575 0.913386 
vn 0.929134 -0.362205 -0.0551181 
vn 0.700787 -0.409449 0.590551 
vn -0.606299 -0.661417 -0.440945 
vn -0.748031 -0.354331 -0.566929 
vn -0.0866142 -0.385827 -0.92126 
vn -0.952756 -0.307087 0.0629921 
vn -0.110236 -0.708661 -0.700787 
vn -0.779528 -0.622047 0.0866142 
vn -0.0866142 -0.992126 0.0551181 
vn 0.417323 -0.755906 -0.503937 
vn 0.582677 -0.464567 -0.669291 
vn 0.653543 -0.755906 -0.00787402 
vn 0.464567 -0.740157 0.480315 
vn -0.015748 -0.685039 0.724409 
vn -0.535433 -0.645669 0.543307 
vn -0.653543 -0.370079 0.661417 
vn 0.015748 -0.417323 0.905512 
vn 0.88189 -0.472441 -0.0472441 
vn 0.637795 -0.496063 0.590551 
vn -0.527559 -0.80315 -0.291339 
vn -0.692913 -0.543307 -0.472441 
vn -0.0393701 -0.566929 -0.826772 
vn -0.905512 -0.393701 0.141732 
vn -0.023622 -0.834646 -0.543307 
vn -0.700787 -0.677165 0.220472 
vn 0.023622 -0.968504 0.251969 
vn 0.503937 -0.787402 -0.354331 
vn 0.637795 -0.511811 -0.574803 
vn 0.740157 -0.661417 0.125984 
vn 0.543307 -0.574803 0.614173 
vn 0.0551181 -0.527559 0.84252 
vn -0.464567 -0.582677 0.669291 
vn -0.614173 -0.307087 0.732283 
vn 0.0551181 -0.228346 0.968504 
vn 0.929134 -0.370079 0.0314961 
vn 0.685039 -0.299213 0.661417 
vn 0.0393701 -0.976378 0.228346 
vn 0.0393701 -0.984252 0.181102 
vn -0.0551181 -0.952756 0.299213 
vn 0.133858 -0.96063 0.251969 
vn -0.0708661 -0.976378 0.220472 
vn 0.141732 -0.968504 0.188976 
vn 0.0393701 -1 0.0629921 
vn -0.0787402 -0.992126 0.0787402 
vn 0.15748 -0.984252 0.0708661 
vn -0.0787402 -1 -0.00787402 
vn 0.15748 -0.984252 0 
vn 0.0393701 -1 0 

vt 1.05762 -1.41211 
vt 1.31055 -1.41016 
vt 1.16699 -0.8125 
vt 0.97168 -0.799805 
vt 0.555176 -1.41211 
vt 0.588867 -0.816406 
vt 0.396729 -0.84375 
vt 0.303223 -1.4043 
vt -1.18359 0.3125 
vt -1.43555 0.29541 
vt -1.12207 -0.564453 
vt -0.987305 -0.574219 
vt -0.681152 0.3125 
vt -0.724609 -0.555664 
vt -0.593262 -0.527344 
vt -0.427979 0.303711 
vt 0.535645 1.4231 
vt 0.343262 1.44946 
vt 0.467285 1.02576 
vt 0.303467 1.03021 
vt -0.0398865 1.44946 
vt 0.328369 0.626953 
vt 0.231201 0.606445 
vt -0.018631 1.0219 
vt -0.234253 1.42603 
vt -0.181396 1.00758 
vt 0.0334167 0.584229 
vt -0.0640869 0.58374 
vt -1.30078 2.02148 
vt -1.43555 2.00879 
vt -1.34961 1.50098 
vt -1.25684 1.47925 
vt -1.03711 2.02148 
vt -1.08301 1.45386 
vt -0.995117 1.45093 
vt -0.903809 2.00879 
vt 1.11719 1.02252 
vt 1.61035 0.58374 
vt 1.64648 1.19678 
vt 1.18848 0.593506 
vt 0.729004 0.841675 
vt 0.749023 0.58374 
vt 1.31836 0.36084 
vt 0.760742 0.249023 
vt 1.19434 -0.146484 
vt 0.798828 -0.152344 
vt 1.07422 -0.574219 
vt 0.819336 -0.574219 
vt -1.09766 0.767334 
vt -1.10547 0.755371 
vt -0.921875 0.768799 
vt -1.09863 0.792969 
vt -0.876465 0.758179 
vt -1.10156 0.843994 
vt -1.20312 0.952698 
vt -1.03809 0.506348 
vt -0.926758 0.796997 
vt -0.958984 0.838989 
vt -0.962891 0.87207 
vt -1.11133 0.874512 
vt -1.11621 0.913696 
vt -0.953613 0.90979 
vt -1.12598 0.937317 
vt -0.94043 0.950134 
vt -0.956055 0.932922 
vt -0.454346 1.25708 
vt -0.878906 1.25439 
vt -0.47876 0.581787 
vt -1.43555 1.25708 
vt 0.306396 0.0224609 
vt 0.301514 -0.160156 
vt 0.318359 0.0302734 
vt 0.280762 0.0253906 
vt 0.311279 -0.207031 
vt 0.273438 -0.15332 
vt 0.229736 0.0317383 
vt 0.123291 0.143555 
vt 0.566895 -0.0527344 
vt 0.232178 -0.118164 
vt 0.199219 -0.111328 
vt 0.160522 0.0512695 
vt 0.199463 0.0439453 
vt 0.161255 -0.118164 
vt 0.137085 0.0625 
vt 0.12085 -0.128906 
vt -0.234253 0.390137 
vt -0.234253 -0.133789 
vt 0.475586 -0.560547 
vt -0.201904 -0.574219 
vt 0.138428 -0.114258 
vt -0.650391 2.22461 
vt -0.641113 2.19629 
vt -0.608398 2.22852 
vt -0.679688 2.19824 
vt -0.637695 2.24023 
vt -0.669434 2.22559 
vt -0.660156 2.24902 
vt -0.636719 2.25879 
vt -0.609863 2.27344 
vt -0.649902 2.27246 
vt -0.67041 2.27441 
vt -0.684082 2.25879 
vt -0.685547 2.23828 
vt -0.710449 2.22754 
vt -0.710449 2.26953 
vt -0.641113 2.29883 
vt -0.681152 2.29883 
vt 2.20312 1.95752 
vt 2.21094 1.92969 
vt 2.24414 1.96143 
vt 2.17383 1.93115 
vt 2.21484 1.97266 
vt 2.18359 1.9585 
vt 2.19141 1.98193 
vt 2.2168 1.99121 
vt 2.24219 2.00586 
vt 2.20312 2.00488 
vt 2.18164 2.00684 
vt 2.16797 1.9917 
vt 2.16797 1.97119 
vt 2.14258 1.96045 
vt 2.14258 2.00195 
vt 2.21094 2.03223 
vt 2.17188 2.03125 
vt -1.38281 2.23926 
vt -1.375 2.21484 
vt -1.3457 2.24316 
vt -1.4082 2.21582 
vt -1.37207 2.25293 
vt -1.39941 2.24023 
vt -1.3916 2.26074 
vt -1.37109 2.26855 
vt -1.34766 2.28125 
vt -1.38281 2.28125 
vt -1.40039 2.28223 
vt -1.41211 2.26953 
vt -1.41309 2.25098 
vt -1.43555 2.24121 
vt -1.43555 2.27832 
vt -1.375 2.30469 
vt -1.41016 2.30371 
vt 1.54102 2.06738 
vt 1.55078 2.03906 
vt 1.58301 2.07129 
vt 1.51172 2.04102 
vt 1.55371 2.08203 
vt 1.52246 2.06836 
vt 1.53125 2.0918 
vt 1.55469 2.10156 
vt 1.58105 2.11523 
vt 1.54199 2.11523 
vt 1.52051 2.11719 
vt 1.50781 2.10156 
vt 1.50586 2.08105 
vt 1.48145 2.07031 
vt 1.48145 2.1123 
vt 1.55078 2.1416 
vt 1.50977 2.1416 
vt 1 1.8457 
vt 1.00586 1.7251 
vt 1.67578 1.78516 
vt 0.749512 1.80322 
vt 1.7002 1.69434 
vt 0.729004 1.70654 
vt 1.00586 1.51172 
vt 1.70508 1.51904 
vt 0.729004 1.50879 
vt 1.68457 1.43311 
vt 0.748535 1.41382 
vt 1.00488 1.39038 

usemtl Camera11Mtl

f 914/914/914 915/915/915 916/916/916 
f 916/916/916 917/917/917 914/914/914 
f 918/918/918 914/914/914 917/917/917 
f 918/918/918 917/917/917 919/919/919 
f 919/919/919 920/920/920 918/918/918 
f 921/921/921 918/918/918 920/920/920 
f 922/922/922 923/923/923 924/924/924 
f 924/924/924 925/925/925 922/922/922 
f 926/926/926 922/922/922 925/925/925 
f 925/925/925 927/927/927 926/926/926 
f 927/927/927 928/928/928 926/926/926 
f 929/929/929 926/926/926 928/928/928 
f 930/930/930 931/931/931 932/932/932 
f 933/933/933 932/932/932 931/931/931 
f 931/931/931 934/934/934 933/933/933 
f 932/932/932 933/933/933 935/935/935 
f 936/936/936 935/935/935 933/933/933 
f 933/933/933 937/937/937 936/936/936 
f 937/937/937 933/933/933 934/934/934 
f 934/934/934 938/938/938 939/939/939 
f 939/939/939 937/937/937 934/934/934 
f 936/936/936 937/937/937 940/940/940 
f 937/937/937 939/939/939 941/941/941 
f 941/941/941 940/940/940 937/937/937 
f 942/942/942 943/943/943 944/944/944 
f 944/944/944 945/945/945 942/942/942 
f 946/946/946 942/942/942 945/945/945 
f 945/945/945 947/947/947 946/946/946 
f 947/947/947 948/948/948 946/946/946 
f 949/949/949 946/946/946 948/948/948 
f 950/950/950 951/951/951 952/952/952 
f 953/953/953 951/951/951 950/950/950 
f 953/953/953 950/950/950 954/954/954 
f 955/955/955 953/953/953 954/954/954 
f 956/956/956 957/957/957 958/958/958 
f 959/959/959 958/958/958 957/957/957 
f 958/958/958 959/959/959 960/960/960 
f 961/961/961 960/960/960 959/959/959 
f 962/962/962 963/963/963 964/964/964 
f 962/962/962 965/965/965 963/963/963 
f 964/964/964 963/963/963 966/966/966 
f 965/965/965 967/967/967 963/963/963 
f 967/967/967 968/968/968 963/963/963 
f 963/963/963 969/969/969 966/966/966 
f 963/963/963 968/968/968 969/969/969 
f 966/966/966 970/970/970 964/964/964 
f 970/970/970 971/971/971 965/965/965 
f 971/971/971 970/970/970 972/972/972 
f 970/970/970 966/966/966 972/972/972 
f 967/967/967 965/965/965 971/971/971 
f 973/973/973 968/968/968 967/967/967 
f 974/974/974 973/973/973 972/972/972 
f 973/973/973 974/974/974 968/968/968 
f 974/974/974 972/972/972 975/975/975 
f 972/972/972 966/966/966 975/975/975 
f 976/976/976 968/968/968 974/974/974 
f 976/976/976 977/977/977 968/968/968 
f 978/978/978 977/977/977 976/976/976 
f 977/977/977 966/966/966 979/979/979 
f 979/979/979 980/980/980 977/977/977 
f 980/980/980 968/968/968 977/977/977 
f 975/975/975 966/966/966 977/977/977 
f 975/975/975 977/977/977 978/978/978 
f 981/981/981 979/979/979 966/966/966 
f 966/966/966 969/969/969 981/981/981 
f 982/982/982 969/969/969 968/968/968 
f 980/980/980 982/982/982 968/968/968 
f 983/983/983 984/984/984 985/985/985 
f 983/983/983 985/985/985 986/986/986 
f 984/984/984 987/987/987 985/985/985 
f 984/984/984 988/988/988 987/987/987 
f 986/986/986 985/985/985 989/989/989 
f 989/989/989 985/985/985 990/990/990 
f 991/991/991 985/985/985 987/987/987 
f 985/985/985 991/991/991 990/990/990 
f 988/988/988 986/986/986 992/992/992 
f 989/989/989 992/992/992 986/986/986 
f 992/992/992 993/993/993 988/988/988 
f 987/987/987 988/988/988 993/993/993 
f 994/994/994 993/993/993 995/995/995 
f 993/993/993 994/994/994 996/996/996 
f 993/993/993 996/996/996 987/987/987 
f 995/995/995 990/990/990 994/994/994 
f 997/997/997 994/994/994 990/990/990 
f 995/995/995 989/989/989 990/990/990 
f 997/997/997 990/990/990 998/998/998 
f 999/999/999 990/990/990 991/991/991 
f 990/990/990 999/999/999 1000/1000/1000 
f 990/990/990 1000/1000/1000 998/998/998 
f 987/987/987 1001/1001/1001 991/991/991 
f 987/987/987 1002/1002/1002 1001/1001/1001 
f 987/987/987 998/998/998 1002/1002/1002 
f 1000/1000/1000 1002/1002/1002 998/998/998 
f 996/996/996 998/998/998 987/987/987 
f 1003/1003/1003 998/998/998 996/996/996 
f 1003/1003/1003 997/997/997 998/998/998 
f 1004/1004/1004 1005/1005/1005 1006/1006/1006 
f 1005/1005/1005 1004/1004/1004 1007/1007/1007 
f 1004/1004/1004 1006/1006/1006 1008/1008/1008 
f 1009/1009/1009 1007/1007/1007 1004/1004/1004 
f 1004/1004/1004 1008/1008/1008 1010/1010/1010 
f 1009/1009/1009 1004/1004/1004 1010/1010/1010 
f 1008/1008/1008 1006/1006/1006 1011/1011/1011 
f 1012/1012/1012 1011/1011/1011 1006/1006/1006 
f 1008/1008/1008 1011/1011/1011 1010/1010/1010 
f 1011/1011/1011 1013/1013/1013 1010/1010/1010 
f 1013/1013/1013 1014/1014/1014 1010/1010/1010 
f 1014/1014/1014 1015/1015/1015 1010/1010/1010 
f 1015/1015/1015 1016/1016/1016 1010/1010/1010 
f 1016/1016/1016 1009/1009/1009 1010/1010/1010 
f 1009/1009/1009 1016/1016/1016 1007/1007/1007 
f 1017/1017/1017 1007/1007/1007 1016/1016/1016 
f 1015/1015/1015 1018/1018/1018 1016/1016/1016 
f 1017/1017/1017 1016/1016/1016 1018/1018/1018 
f 1015/1015/1015 1014/1014/1014 1018/1018/1018 
f 1013/1013/1013 1019/1019/1019 1014/1014/1014 
f 1020/1020/1020 1014/1014/1014 1019/1019/1019 
f 1020/1020/1020 1018/1018/1018 1014/1014/1014 
f 1013/1013/1013 1011/1011/1011 1019/1019/1019 
f 1012/1012/1012 1019/1019/1019 1011/1011/1011 
f 1021/1021/1021 1022/1022/1022 1023/1023/1023 
f 1022/1022/1022 1021/1021/1021 1024/1024/1024 
f 1021/1021/1021 1023/1023/1023 1025/1025/1025 
f 1026/1026/1026 1024/1024/1024 1021/1021/1021 
f 1021/1021/1021 1025/1025/1025 1027/1027/1027 
f 1026/1026/1026 1021/1021/1021 1027/1027/1027 
f 1025/1025/1025 1023/1023/1023 1028/1028/1028 
f 1029/1029/1029 1028/1028/1028 1023/1023/1023 
f 1025/1025/1025 1028/1028/1028 1027/1027/1027 
f 1028/1028/1028 1030/1030/1030 1027/1027/1027 
f 1030/1030/1030 1031/1031/1031 1027/1027/1027 
f 1031/1031/1031 1032/1032/1032 1027/1027/1027 
f 1032/1032/1032 1033/1033/1033 1027/1027/1027 
f 1033/1033/1033 1026/1026/1026 1027/1027/1027 
f 1026/1026/1026 1033/1033/1033 1024/1024/1024 
f 1034/1034/1034 1024/1024/1024 1033/1033/1033 
f 1032/1032/1032 1035/1035/1035 1033/1033/1033 
f 1034/1034/1034 1033/1033/1033 1035/1035/1035 
f 1032/1032/1032 1031/1031/1031 1035/1035/1035 
f 1030/1030/1030 1036/1036/1036 1031/1031/1031 
f 1037/1037/1037 1031/1031/1031 1036/1036/1036 
f 1037/1037/1037 1035/1035/1035 1031/1031/1031 
f 1030/1030/1030 1028/1028/1028 1036/1036/1036 
f 1036/1036/1036 1028/1028/1028 1029/1029/1029 
f 1038/1038/1038 1039/1039/1039 1040/1040/1040 
f 1039/1039/1039 1038/1038/1038 1041/1041/1041 
f 1038/1038/1038 1040/1040/1040 1042/1042/1042 
f 1043/1043/1043 1041/1041/1041 1038/1038/1038 
f 1038/1038/1038 1042/1042/1042 1044/1044/1044 
f 1043/1043/1043 1038/1038/1038 1044/1044/1044 
f 1042/1042/1042 1040/1040/1040 1045/1045/1045 
f 1046/1046/1046 1045/1045/1045 1040/1040/1040 
f 1042/1042/1042 1045/1045/1045 1044/1044/1044 
f 1045/1045/1045 1047/1047/1047 1044/1044/1044 
f 1047/1047/1047 1048/1048/1048 1044/1044/1044 
f 1048/1048/1048 1049/1049/1049 1044/1044/1044 
f 1049/1049/1049 1050/1050/1050 1044/1044/1044 
f 1050/1050/1050 1043/1043/1043 1044/1044/1044 
f 1043/1043/1043 1050/1050/1050 1041/1041/1041 
f 1051/1051/1051 1041/1041/1041 1050/1050/1050 
f 1049/1049/1049 1052/1052/1052 1050/1050/1050 
f 1051/1051/1051 1050/1050/1050 1052/1052/1052 
f 1049/1049/1049 1048/1048/1048 1052/1052/1052 
f 1047/1047/1047 1053/1053/1053 1048/1048/1048 
f 1054/1054/1054 1048/1048/1048 1053/1053/1053 
f 1054/1054/1054 1052/1052/1052 1048/1048/1048 
f 1047/1047/1047 1045/1045/1045 1053/1053/1053 
f 1053/1053/1053 1045/1045/1045 1046/1046/1046 
f 1055/1055/1055 1056/1056/1056 1057/1057/1057 
f 1056/1056/1056 1055/1055/1055 1058/1058/1058 
f 1055/1055/1055 1057/1057/1057 1059/1059/1059 
f 1060/1060/1060 1058/1058/1058 1055/1055/1055 
f 1055/1055/1055 1059/1059/1059 1061/1061/1061 
f 1060/1060/1060 1055/1055/1055 1061/1061/1061 
f 1059/1059/1059 1057/1057/1057 1062/1062/1062 
f 1063/1063/1063 1062/1062/1062 1057/1057/1057 
f 1059/1059/1059 1062/1062/1062 1061/1061/1061 
f 1062/1062/1062 1064/1064/1064 1061/1061/1061 
f 1064/1064/1064 1065/1065/1065 1061/1061/1061 
f 1065/1065/1065 1066/1066/1066 1061/1061/1061 
f 1066/1066/1066 1067/1067/1067 1061/1061/1061 
f 1067/1067/1067 1060/1060/1060 1061/1061/1061 
f 1060/1060/1060 1067/1067/1067 1058/1058/1058 
f 1068/1068/1068 1058/1058/1058 1067/1067/1067 
f 1066/1066/1066 1069/1069/1069 1067/1067/1067 
f 1068/1068/1068 1067/1067/1067 1069/1069/1069 
f 1066/1066/1066 1065/1065/1065 1069/1069/1069 
f 1064/1064/1064 1070/1070/1070 1065/1065/1065 
f 1071/1071/1071 1065/1065/1065 1070/1070/1070 
f 1071/1071/1071 1069/1069/1069 1065/1065/1065 
f 1064/1064/1064 1062/1062/1062 1070/1070/1070 
f 1063/1063/1063 1070/1070/1070 1062/1062/1062 
f 1072/1072/1072 1073/1073/1073 1074/1074/1074 
f 1073/1073/1073 1072/1072/1072 1075/1075/1075 
f 1076/1076/1076 1074/1074/1074 1073/1073/1073 
f 1075/1075/1075 1077/1077/1077 1073/1073/1073 
f 1073/1073/1073 1078/1078/1078 1076/1076/1076 
f 1077/1077/1077 1078/1078/1078 1073/1073/1073 
f 1079/1079/1079 1076/1076/1076 1078/1078/1078 
f 1077/1077/1077 1080/1080/1080 1078/1078/1078 
f 1081/1081/1081 1079/1079/1079 1078/1078/1078 
f 1080/1080/1080 1082/1082/1082 1078/1078/1078 
f 1078/1078/1078 1083/1083/1083 1081/1081/1081 
f 1083/1083/1083 1078/1078/1078 1082/1082/1082 

