# Blender v2.77 (sub 0) OBJ File: ''
# www.blender.org
mtllib Armchair.mtl
o armchair
v 0.207749 1.426005 -0.098283
v 0.329256 1.326206 -0.086637
v 0.335151 1.427906 -0.106208
v 0.202145 1.329068 -0.078763
v 0.066342 1.415787 -0.093614
v 0.063550 1.312230 -0.077629
v -0.062530 1.408590 -0.094812
v -0.066375 1.298589 -0.077821
v -0.189497 1.393150 -0.095613
v -0.195204 1.276425 -0.080042
v -0.147136 1.641029 -0.510736
v -0.286762 1.602029 -0.498571
v -0.286762 1.693737 -0.498571
v -0.147136 1.732737 -0.510736
v -0.002110 1.647928 -0.518792
v -0.002110 1.739635 -0.518792
v 0.124384 1.735840 -0.513337
v 0.124384 1.644133 -0.513337
v 0.227182 1.645141 -0.514943
v 0.227182 1.736849 -0.514943
v -0.183791 1.509874 -0.111184
v -0.058686 1.518592 -0.111803
v -0.080366 1.737703 -0.182587
v -0.209170 1.732876 -0.188678
v 0.069133 1.519342 -0.109600
v 0.060171 1.744394 -0.187189
v -0.116141 1.890579 -0.288221
v -0.246218 1.875888 -0.292752
v 0.035715 1.905966 -0.295484
v -0.138055 1.944240 -0.342751
v -0.258063 1.911418 -0.331288
v 0.023295 1.956738 -0.346720
v -0.148882 1.962580 -0.374877
v -0.269838 1.923565 -0.356264
v 0.014890 1.977807 -0.380682
v -0.160256 1.961390 -0.411669
v -0.282727 1.918323 -0.386036
v -0.302827 1.866717 -0.483559
v 0.006273 1.979159 -0.419342
v -0.170143 1.896798 -0.506842
v -0.286762 1.785444 -0.498571
v 0.002475 1.911200 -0.515103
v -0.147136 1.824444 -0.510736
v -0.002110 1.831343 -0.518792
v 0.124384 1.827548 -0.513337
v 0.227182 1.828556 -0.514943
v 0.130720 1.911687 -0.514045
v 0.235120 1.900755 -0.504792
v 0.136483 1.974127 -0.416706
v 0.255054 1.954109 -0.400571
v 0.149769 1.970431 -0.378852
v 0.267105 1.954343 -0.367888
v 0.162737 1.947323 -0.345784
v 0.278052 1.936005 -0.340372
v 0.180587 1.899213 -0.294578
v 0.299546 1.893353 -0.301413
v 0.208152 1.746672 -0.196551
v 0.331177 1.744116 -0.204755
v 0.213353 1.522943 -0.117803
v 0.341046 1.529603 -0.125779
v -0.331063 0.306304 0.461149
v -0.325850 0.150136 0.445840
v -0.319315 0.149010 0.459202
v -0.339987 0.307498 0.446093
v -0.336422 0.150224 0.334989
v -0.329772 0.316748 0.458809
v -0.353804 0.310633 0.335088
v -0.336016 0.150740 0.025640
v -0.337887 0.318153 0.445155
v -0.327488 0.322610 0.455587
v -0.353224 0.303625 0.022148
v -0.324035 0.149850 -0.072763
v -0.350823 0.321874 0.335250
v -0.339201 0.294797 -0.094237
v -0.317142 0.148566 -0.083058
v -0.330309 0.292981 -0.111020
v -0.329203 0.304620 -0.109693
v -0.337295 0.306640 -0.094402
v -0.327038 0.311745 -0.106617
v -0.350383 0.315837 0.021382
v -0.343570 0.329930 0.335632
v -0.343268 0.325055 0.020546
v -0.332376 0.325497 0.445395
v -0.330746 0.334855 0.336320
v -0.322233 0.330030 0.448614
v -0.331952 0.315438 -0.095357
v -0.330549 0.331040 0.019611
v -0.321935 0.321168 -0.099303
v -0.287976 0.336205 0.017380
v -0.288044 0.338331 0.338600
v -0.284545 0.326644 -0.108853
v -0.319107 0.314608 -0.113554
v -0.222017 0.337132 0.014558
v -0.318476 0.305154 -0.121162
v -0.283381 0.319005 -0.126334
v -0.318542 0.292708 -0.123665
v -0.307341 0.143986 -0.090760
v -0.282470 0.307923 -0.136249
v -0.281679 0.293724 -0.140159
v -0.273117 0.132533 -0.103404
v -0.220371 0.292960 -0.150816
v -0.214723 0.122540 -0.113402
v -0.220703 0.308009 -0.146337
v -0.220991 0.319698 -0.135517
v -0.221288 0.327670 -0.116726
v -0.138207 0.317813 -0.142645
v -0.138247 0.326362 -0.123165
v -0.138274 0.337032 0.011679
v -0.222030 0.338348 0.342073
v -0.048603 0.336534 0.009945
v -0.284687 0.333421 0.457492
v -0.138274 0.338053 0.345851
v -0.221350 0.333100 0.465767
v -0.319479 0.324972 0.461552
v -0.283611 0.327726 0.473245
v -0.318990 0.317194 0.468965
v -0.221122 0.327201 0.482668
v -0.319254 0.306080 0.472453
v -0.309729 0.144597 0.468648
v -0.282854 0.318763 0.482695
v -0.282272 0.306315 0.487418
v -0.275494 0.133176 0.482478
v -0.220950 0.317902 0.492806
v -0.220774 0.304941 0.497874
v -0.216451 0.123261 0.492579
v -0.138260 0.325224 0.490468
v -0.138210 0.301981 0.506253
v -0.136355 0.117872 0.500759
v -0.138247 0.315428 0.500992
v -0.048591 0.299541 0.510864
v -0.048220 0.118312 0.505282
v 0.041067 0.124852 0.505273
v -0.048598 0.313138 0.505518
v 0.041067 0.298906 0.510864
v 0.130737 0.136731 0.500714
v 0.041067 0.312190 0.505517
v 0.130737 0.300532 0.506250
v 0.213542 0.151096 0.492490
v 0.041067 0.322190 0.494822
v 0.213476 0.303491 0.497868
v 0.275750 0.163006 0.482389
v 0.130737 0.313102 0.500990
v 0.275419 0.305474 0.487412
v 0.313025 0.170763 0.468603
v 0.213539 0.315145 0.492805
v 0.130737 0.322628 0.490465
v -0.048601 0.323228 0.494824
v 0.041067 0.329078 0.476996
v -0.048602 0.330020 0.477000
v -0.138268 0.331612 0.472928
v -0.048603 0.337699 0.348174
v 0.041067 0.337457 0.348166
v 0.041067 0.335988 0.009977
v 0.130737 0.329236 0.472921
v 0.130737 0.337424 0.345835
v 0.213666 0.323985 0.482666
v 0.213876 0.330092 0.465763
v 0.275736 0.316346 0.482694
v 0.276368 0.324631 0.473245
v 0.312464 0.315783 0.468965
v 0.313171 0.306228 0.472450
v 0.323931 0.173152 0.459177
v 0.325457 0.306967 0.461148
v 0.323617 0.315909 0.458809
v 0.312751 0.322798 0.461552
v 0.321075 0.321063 0.455588
v 0.277421 0.330390 0.457491
v 0.315498 0.327752 0.448614
v 0.214593 0.337337 0.342080
v 0.281003 0.336578 0.338688
v 0.130737 0.335469 0.011815
v 0.214593 0.334285 0.014944
v 0.130737 0.320711 -0.122292
v 0.213876 0.319921 -0.114985
v 0.041067 0.322115 -0.126433
v 0.213666 0.311823 -0.132956
v -0.048598 0.324177 -0.126675
v 0.130737 0.311778 -0.141241
v 0.041067 0.312912 -0.145957
v -0.048590 0.315143 -0.146374
v -0.138141 0.305506 -0.153872
v -0.048577 0.302558 -0.157640
v -0.138033 0.289831 -0.158553
v -0.135572 0.116799 -0.121099
v -0.048555 0.286808 -0.162251
v -0.048063 0.116969 -0.125115
v 0.041067 0.123386 -0.124756
v 0.041067 0.300591 -0.156969
v 0.041067 0.285470 -0.161311
v 0.130737 0.135061 -0.120018
v 0.130737 0.286501 -0.155656
v 0.213542 0.149586 -0.111720
v 0.130737 0.300313 -0.151735
v 0.213476 0.289666 -0.146132
v 0.275750 0.163140 -0.101503
v 0.213539 0.301726 -0.142714
v 0.275419 0.293818 -0.134511
v 0.313025 0.172979 -0.088978
v 0.275735 0.304126 -0.131584
v 0.313171 0.297295 -0.118143
v 0.323931 0.175615 -0.081355
v 0.325457 0.298361 -0.105934
v 0.323617 0.305886 -0.105016
v 0.312464 0.305537 -0.116247
v 0.276368 0.312552 -0.122715
v 0.312751 0.311635 -0.109356
v 0.321075 0.310145 -0.102370
v 0.277421 0.319122 -0.106124
v 0.315498 0.316010 -0.095774
v 0.281003 0.330980 0.018298
v 0.324574 0.323786 0.021197
v 0.326061 0.312399 -0.091523
v 0.332079 0.306826 -0.090232
v 0.338058 0.318080 0.022386
v 0.324574 0.332607 0.336519
v 0.346149 0.310621 0.023352
v 0.326061 0.323994 0.445395
v 0.338058 0.328026 0.335872
v 0.332079 0.317702 0.445156
v 0.346149 0.320970 0.335504
v 0.334888 0.308593 0.446093
v 0.350194 0.311354 0.335342
v 0.331815 0.172818 0.445828
v 0.345969 0.169363 0.335238
v 0.350194 0.301245 0.024151
v 0.345969 0.167060 0.027020
v 0.331815 0.174174 -0.071104
v 0.334888 0.298958 -0.089813
v -0.329994 0.173876 -0.064302
v -0.325004 0.196756 -0.068117
v -0.325082 0.197907 -0.051482
v -0.329868 0.174667 -0.047625
v -0.335867 0.157456 -0.062025
v -0.333074 0.190918 0.005736
v -0.328388 0.213906 0.002806
v -0.335782 0.158104 -0.045054
v -0.335579 0.205214 0.065591
v -0.329282 0.228315 0.063592
v -0.338877 0.174581 0.007690
v -0.341326 0.161984 -0.045054
v -0.341452 0.161242 -0.062012
v -0.341914 0.188798 0.066923
v -0.344483 0.178460 0.007690
v -0.347107 0.183259 -0.047469
v -0.347076 0.182200 -0.064102
v -0.347457 0.192677 0.066923
v -0.352640 0.206121 -0.051092
v -0.352147 0.204693 -0.067663
v -0.350297 0.199530 0.005839
v -0.363418 0.239029 -0.057130
v -0.362668 0.236884 -0.074160
v -0.355746 0.222158 0.003062
v -0.352583 0.213852 0.065647
v -0.377161 0.284945 -0.065086
v -0.376687 0.281926 -0.082868
v -0.364689 0.254677 -0.001567
v -0.356435 0.236623 0.063732
v -0.393947 0.342171 -0.074462
v -0.393187 0.339445 -0.093062
v -0.377193 0.299736 -0.007614
v -0.416987 0.403439 -0.084759
v -0.416081 0.401302 -0.104248
v -0.393709 0.356290 -0.014651
v -0.364723 0.269385 0.060540
v -0.377209 0.314707 0.056419
v -0.447613 0.467376 -0.095481
v -0.446541 0.465662 -0.115932
v -0.416534 0.416805 -0.022244
v -0.485177 0.539592 -0.105812
v -0.486168 0.542807 -0.126974
v -0.446984 0.479842 -0.029962
v -0.393721 0.371284 0.051714
v -0.416495 0.431503 0.046773
v -0.484028 0.550017 -0.037279
v -0.528479 0.640623 -0.114934
v -0.527443 0.640232 -0.136233
v -0.541043 0.697412 -0.143410
v -0.446856 0.493748 0.041941
v -0.544027 0.703624 -0.122033
v -0.533747 0.722302 -0.148205
v -0.528615 0.650737 -0.043671
v -0.484079 0.563501 0.037484
v -0.536512 0.729593 -0.126293
v -0.528722 0.662509 0.033665
v -0.544013 0.712627 -0.048612
v -0.536509 0.738360 -0.051577
v -0.544048 0.723222 0.030749
v -0.496990 0.765519 -0.129133
v -0.494994 0.757350 -0.151812
v -0.496990 0.774313 -0.053553
v -0.439391 0.775358 -0.129133
v -0.437804 0.767053 -0.151825
v -0.385716 0.750867 -0.148405
v -0.439391 0.784138 -0.053553
v -0.386153 0.758517 -0.126449
v -0.367856 0.736769 -0.122423
v -0.368188 0.730104 -0.143864
v -0.386260 0.767514 -0.051679
v -0.496990 0.785218 0.027832
v -0.439391 0.794993 0.027833
v -0.536582 0.748905 0.028999
v -0.496990 0.794068 0.156350
v -0.544243 0.730840 0.156984
v -0.536958 0.756054 0.156604
v -0.528948 0.672217 0.157618
v -0.537287 0.753659 0.302798
v -0.544740 0.727484 0.301634
v -0.484544 0.574150 0.158463
v -0.528491 0.664807 0.299694
v -0.545540 0.717280 0.445048
v -0.447040 0.504120 0.159476
v -0.483799 0.565590 0.297169
v -0.527494 0.645517 0.439540
v -0.416685 0.442247 0.160616
v -0.446853 0.496336 0.294250
v -0.482954 0.543949 0.432446
v -0.393859 0.381909 0.161838
v -0.416505 0.434193 0.291128
v -0.377213 0.324895 0.163039
v -0.393734 0.373954 0.287994
v -0.447016 0.475541 0.424381
v -0.416540 0.412259 0.415962
v -0.377214 0.317282 0.285049
v -0.364776 0.278779 0.164114
v -0.393701 0.351649 0.407805
v -0.356450 0.245495 0.164956
v -0.364734 0.271806 0.282492
v -0.352582 0.222415 0.165461
v -0.356438 0.238923 0.280522
v -0.377190 0.295098 0.400329
v -0.363528 0.250122 0.393955
v -0.352583 0.216081 0.279340
v -0.347457 0.200998 0.165798
v -0.352568 0.217674 0.389103
v -0.341914 0.197119 0.165798
v -0.347456 0.194855 0.278552
v -0.347093 0.195089 0.386191
v -0.335563 0.213747 0.165451
v -0.329200 0.237118 0.164929
v -0.329276 0.230601 0.280616
v -0.335578 0.207437 0.279378
v -0.325185 0.209440 0.389392
v -0.341912 0.190976 0.278552
v -0.329884 0.186484 0.386307
v -0.325084 0.197911 0.429525
v -0.341326 0.174051 0.384250
v -0.335782 0.170171 0.384250
v -0.329868 0.174668 0.425730
v -0.330022 0.173878 0.446261
v -0.325424 0.196763 0.449970
v -0.335867 0.157456 0.444145
v -0.335782 0.158104 0.423201
v -0.341326 0.161984 0.423201
v -0.341452 0.161242 0.444132
v -0.347107 0.183259 0.425575
v -0.347180 0.182202 0.446061
v -0.352639 0.206124 0.429135
v -0.352553 0.204699 0.449516
v -0.363651 0.239036 0.435070
v -0.363255 0.236891 0.456015
v -0.377162 0.284951 0.442900
v -0.376687 0.281934 0.464746
v -0.393943 0.342181 0.452147
v -0.393187 0.339471 0.474895
v -0.416981 0.403452 0.462334
v -0.416083 0.401362 0.486015
v -0.447605 0.467390 0.472982
v -0.446548 0.465778 0.497657
v -0.483614 0.536623 0.483266
v -0.484472 0.539649 0.508641
v -0.527365 0.638899 0.492364
v -0.526222 0.638401 0.517785
v -0.542629 0.705672 0.524889
v -0.545657 0.711826 0.499451
v -0.534874 0.733314 0.529752
v -0.537609 0.745942 0.448353
v -0.537690 0.740723 0.503703
v -0.494994 0.773389 0.533497
v -0.496990 0.781812 0.506537
v -0.496990 0.793101 0.303575
v -0.496990 0.786718 0.450556
v -0.439391 0.791651 0.506537
v -0.437804 0.783092 0.533510
v -0.386463 0.760917 0.529952
v -0.439391 0.803806 0.156351
v -0.439391 0.802867 0.303575
v -0.439391 0.796559 0.450556
v -0.387032 0.768892 0.503858
v -0.386981 0.774209 0.448468
v -0.368885 0.743448 0.499840
v -0.369150 0.736786 0.525343
v -0.386767 0.782087 0.302837
v -0.368820 0.749021 0.445337
v -0.343029 0.663046 0.493142
v -0.345254 0.662336 0.518653
v -0.319387 0.559284 0.509963
v -0.343178 0.669548 0.440119
v -0.316608 0.557361 0.484473
v -0.308768 0.481087 0.499358
v -0.316696 0.564496 0.433343
v -0.307514 0.482947 0.474538
v -0.305291 0.409574 0.487886
v -0.307754 0.491019 0.425539
v -0.304279 0.411789 0.464046
v -0.305105 0.341628 0.476596
v -0.304541 0.420527 0.417235
v -0.304254 0.344357 0.453704
v -0.307169 0.279104 0.466068
v -0.304469 0.353770 0.408962
v -0.306367 0.282032 0.444107
v -0.316847 0.230935 0.456882
v -0.306609 0.292134 0.401226
v -0.316117 0.232873 0.435848
v -0.316422 0.243946 0.394534
v -0.317518 0.265452 0.282680
v -0.306597 0.313974 0.285341
v -0.317329 0.272303 0.164060
v -0.304480 0.375635 0.288371
v -0.306488 0.321366 0.162957
v -0.317532 0.263061 0.060261
v -0.306603 0.311458 0.055987
v -0.317552 0.248465 -0.002078
v -0.306604 0.296704 -0.008408
v -0.315842 0.232866 -0.057910
v -0.316231 0.230926 -0.075028
v -0.306363 0.282026 -0.066294
v -0.307167 0.279095 -0.084190
v -0.304250 0.344347 -0.076021
v -0.305121 0.341601 -0.094763
v -0.304470 0.358324 -0.015675
v -0.304274 0.411775 -0.086474
v -0.305292 0.409514 -0.106120
v -0.304484 0.373039 0.051157
v -0.304552 0.424975 -0.023370
v -0.307510 0.482934 -0.097040
v -0.308771 0.480971 -0.117634
v -0.304396 0.383310 0.161732
v -0.304601 0.439355 0.046159
v -0.307777 0.495221 -0.030985
v -0.317391 0.559295 -0.107020
v -0.320329 0.561491 -0.128297
v -0.307863 0.508803 0.041384
v -0.343919 0.664095 -0.115714
v -0.346299 0.663640 -0.137101
v -0.317234 0.569507 -0.038073
v -0.344053 0.673963 -0.044183
v -0.367920 0.745887 -0.048868
v -0.317482 0.582500 0.037052
v -0.344198 0.685424 0.033387
v -0.367943 0.756278 0.030610
v -0.386310 0.777903 0.028943
v -0.386552 0.784698 0.156594
v -0.368004 0.763658 0.156958
v -0.368297 0.759896 0.301729
v -0.344455 0.695143 0.157565
v -0.344091 0.688158 0.299883
v -0.317686 0.592605 0.158381
v -0.317393 0.584780 0.297461
v -0.307826 0.518796 0.159370
v -0.307874 0.511307 0.294626
v -0.304522 0.449706 0.160498
v -0.304604 0.441960 0.291542
v 0.334828 0.228150 -0.068117
v 0.338871 0.205172 -0.064302
v 0.334595 0.229308 -0.051482
v 0.338750 0.205968 -0.047625
v 0.344671 0.188585 -0.062025
v 0.338363 0.231612 0.046143
v 0.334464 0.254844 0.043830
v 0.344593 0.189233 -0.045054
v 0.338169 0.246637 0.147714
v 0.334401 0.270190 0.146914
v 0.334430 0.262135 0.276588
v 0.344175 0.215008 0.047686
v 0.343935 0.229786 0.148247
v 0.338263 0.238804 0.275405
v 0.334528 0.240836 0.389392
v 0.338552 0.217772 0.386307
v 0.334595 0.229312 0.429525
v 0.344059 0.222134 0.274616
v 0.338868 0.205173 0.446261
v 0.334825 0.228157 0.449970
v 0.338750 0.205969 0.425730
v 0.344671 0.188585 0.444145
v 0.344397 0.201291 0.384250
v 0.344593 0.189233 0.423201
v 0.350277 0.192983 0.423201
v 0.350382 0.192240 0.444132
v 0.350081 0.205040 0.384250
v 0.355647 0.214274 0.425575
v 0.355701 0.213215 0.446061
v 0.349743 0.225884 0.274616
v 0.355505 0.226093 0.386191
v 0.360179 0.237248 0.429135
v 0.360085 0.235827 0.449516
v 0.355219 0.247164 0.275367
v 0.368504 0.266714 0.435070
v 0.368207 0.265137 0.456015
v 0.360131 0.248789 0.389103
v 0.380458 0.297440 0.442900
v 0.380177 0.297073 0.464746
v 0.368530 0.277949 0.393955
v 0.360084 0.270158 0.276493
v 0.392334 0.333494 0.452147
v 0.391868 0.331465 0.474895
v 0.380492 0.308091 0.400329
v 0.409578 0.379625 0.462334
v 0.408954 0.377453 0.486015
v 0.392746 0.341523 0.407805
v 0.409212 0.386933 0.415962
v 0.435957 0.439998 0.472981
v 0.435325 0.437923 0.497657
v 0.435224 0.447619 0.424381
v 0.468370 0.504857 0.483266
v 0.468212 0.505688 0.508641
v 0.409770 0.409482 0.286660
v 0.500109 0.574217 0.492364
v 0.498423 0.571849 0.517785
v 0.514361 0.622321 0.524889
v 0.467541 0.512149 0.432446
v 0.435272 0.468870 0.289694
v 0.517028 0.627126 0.499450
v 0.509424 0.653345 0.529752
v 0.499542 0.580717 0.439540
v 0.511836 0.659363 0.503703
v 0.467437 0.533085 0.292547
v 0.516679 0.632833 0.445048
v 0.498754 0.597922 0.295024
v 0.435364 0.478439 0.138436
v 0.467461 0.542295 0.136797
v 0.515535 0.644730 0.296931
v 0.410010 0.419312 0.140252
v 0.498525 0.605529 0.135416
v 0.511400 0.673663 0.298076
v 0.515231 0.651127 0.134372
v 0.511788 0.664677 0.448353
v 0.511253 0.679613 0.133746
v 0.470782 0.702063 0.450556
v 0.470782 0.709774 0.298840
v 0.470782 0.715388 0.133329
v 0.511669 0.673783 0.002445
v 0.516208 0.642740 0.004617
v 0.470782 0.710682 0.000997
v 0.499039 0.592331 0.008238
v 0.511836 0.659363 -0.126293
v 0.517030 0.627125 -0.122034
v 0.467368 0.525455 0.012950
v 0.500125 0.574210 -0.114934
v 0.509423 0.653343 -0.148205
v 0.435253 0.461530 0.018397
v 0.514362 0.622318 -0.143410
v 0.498532 0.572224 -0.136233
v 0.468401 0.506233 -0.126974
v 0.468580 0.505335 -0.105812
v 0.435369 0.437908 -0.115933
v 0.436040 0.439969 -0.095481
v 0.408990 0.377538 -0.104248
v 0.409574 0.401704 0.024222
v 0.409651 0.379772 -0.084759
v 0.391891 0.331592 -0.093062
v 0.394091 0.373259 0.142165
v 0.393344 0.356310 0.030069
v 0.392393 0.333724 -0.074462
v 0.380219 0.297171 -0.082868
v 0.393659 0.364128 0.283639
v 0.380546 0.297653 -0.065086
v 0.368238 0.265196 -0.074160
v 0.381372 0.330285 0.280814
v 0.381879 0.338977 0.144023
v 0.368987 0.299729 0.278370
v 0.369263 0.308132 0.145673
v 0.381078 0.322630 0.035565
v 0.360079 0.278264 0.146960
v 0.368834 0.292248 0.040336
v 0.355104 0.255021 0.147732
v 0.360100 0.262840 0.044011
v 0.368507 0.266703 -0.057130
v 0.360082 0.235821 -0.067663
v 0.360179 0.237245 -0.051092
v 0.355700 0.213213 -0.064102
v 0.355316 0.239956 0.046216
v 0.355647 0.214274 -0.047469
v 0.350382 0.192240 -0.062012
v 0.349619 0.233535 0.148247
v 0.349859 0.218758 0.047686
v 0.350277 0.192983 -0.045054
v 0.278377 0.321910 -0.106105
v 0.361118 0.733598 -0.103401
v 0.287597 0.322048 -0.078039
v 0.350277 0.731255 -0.133943
v 0.401442 0.925282 -0.123013
v 0.317753 0.730673 -0.146686
v 0.250715 0.321856 -0.117832
v 0.389858 0.921089 -0.154572
v 0.252706 0.730807 -0.156419
v 0.195393 0.321820 -0.126870
v 0.355108 0.920605 -0.167837
v 0.285607 0.922057 -0.178085
v 0.144293 0.731894 -0.162101
v 0.103188 0.321808 -0.132232
v 0.169772 0.926092 -0.184301
v 0.014198 0.733616 -0.163744
v -0.007457 0.321819 -0.133905
v 0.030770 0.931722 -0.186455
v -0.115897 0.735650 -0.161391
v -0.118102 0.321849 -0.131913
v -0.210307 0.321895 -0.126304
v -0.108232 0.937954 -0.184525
v -0.224309 0.737674 -0.155118
v -0.265629 0.321956 -0.117137
v 0.037188 1.030634 -0.198173
v -0.289357 0.739375 -0.145033
v -0.293291 0.322027 -0.105356
v -0.224067 0.943799 -0.178499
v -0.332722 0.743350 -0.101530
v -0.302511 0.322188 -0.077295
v -0.321880 0.740834 -0.132106
v -0.293568 0.948265 -0.168376
v -0.328318 0.951697 -0.155187
v -0.339902 0.956835 -0.123702
v -0.227363 1.046233 -0.190352
v -0.335588 1.056425 -0.166594
v -0.347613 1.063050 -0.134313
v -0.299513 1.051998 -0.180071
v -0.349547 1.161283 -0.177519
v -0.362116 1.169713 -0.143981
v -0.311837 1.155928 -0.191519
v -0.236420 1.149205 -0.202197
v -0.373184 1.266815 -0.192108
v -0.386443 1.277784 -0.156843
v -0.333405 1.260546 -0.206846
v -0.253849 1.253338 -0.218111
v -0.400252 1.371314 -0.212415
v -0.413882 1.385363 -0.175141
v -0.358507 1.364105 -0.228018
v -0.274845 1.356674 -0.239980
v -0.424503 1.473077 -0.240491
v -0.437720 1.490552 -0.201114
v -0.381431 1.464856 -0.256999
v -0.294600 1.457254 -0.269688
v -0.439690 1.570400 -0.278390
v -0.451245 1.591450 -0.237004
v -0.396467 1.561054 -0.295754
v -0.308309 1.553121 -0.309123
v -0.439563 1.661579 -0.328164
v -0.447744 1.686158 -0.285050
v -0.420687 1.770926 -0.338055
v -0.397905 1.650950 -0.346249
v -0.311165 1.642316 -0.360169
v -0.378848 1.729557 -0.399013
v -0.416859 1.742619 -0.382035
v -0.363542 1.842000 -0.388821
v -0.364314 1.809525 -0.432227
v -0.269778 1.895628 -0.430151
v -0.274714 1.859173 -0.472685
v -0.132866 1.928059 -0.454846
v -0.332402 1.791880 -0.444576
v -0.297548 1.719431 -0.412048
v -0.140846 1.888439 -0.497358
v -0.251870 1.836414 -0.480363
v -0.261835 1.779058 -0.453982
v -0.164318 1.636338 -0.368534
v -0.158544 1.714307 -0.421203
v -0.160239 1.547073 -0.317165
v 0.012797 1.633328 -0.371343
v -0.149426 1.450477 -0.277288
v 0.017894 1.543346 -0.319876
v -0.135294 1.348947 -0.247087
v 0.024962 1.445236 -0.279803
v -0.121255 1.244876 -0.224745
v 0.032212 1.341954 -0.249362
v -0.110723 1.140657 -0.208445
v 0.037858 1.236457 -0.226786
v -0.107112 1.038686 -0.196371
v 0.040113 1.131698 -0.210312
v 0.181488 1.023356 -0.195802
v 0.196971 1.229377 -0.224272
v 0.301739 1.018132 -0.189303
v 0.190948 1.123740 -0.207843
v 0.373889 1.016240 -0.178719
v 0.316645 1.118195 -0.201087
v 0.409964 1.016847 -0.165072
v 0.421989 1.022227 -0.132674
v 0.392063 1.116476 -0.190092
v 0.429771 1.117628 -0.175916
v 0.442341 1.124714 -0.142265
v 0.329565 1.224935 -0.217239
v 0.409122 1.224425 -0.205726
v 0.448900 1.226866 -0.190853
v 0.462160 1.236664 -0.155507
v 0.199740 1.336726 -0.246825
v 0.339355 1.334291 -0.239497
v 0.199435 1.442241 -0.277239
v 0.423124 1.335680 -0.227401
v 0.344866 1.442203 -0.269601
v 0.196241 1.542380 -0.317251
v 0.344953 1.544610 -0.309288
v 0.432124 1.445832 -0.256893
v 0.465008 1.339936 -0.211728
v 0.478970 1.353225 -0.174421
v 0.475753 1.452209 -0.240384
v 0.490296 1.469548 -0.201030
v 0.434180 1.550472 -0.295981
v 0.478794 1.559062 -0.278666
v 0.493665 1.580781 -0.237357
v 0.338470 1.637449 -0.360297
v 0.427349 1.645197 -0.346440
v 0.471788 1.655866 -0.328416
v 0.486601 1.682074 -0.285424
v 0.446177 1.739715 -0.382042
v 0.460530 1.770473 -0.338207
v 0.403976 1.726152 -0.398984
v 0.393404 1.807701 -0.431950
v 0.406876 1.843024 -0.388682
v 0.319511 1.716320 -0.412007
v 0.304651 1.857711 -0.472254
v 0.317067 1.896775 -0.429825
v 0.182527 1.928771 -0.454614
v 0.356410 1.789487 -0.444322
v 0.171102 1.887635 -0.497068
v 0.025226 1.939153 -0.462977
v 0.275961 1.834534 -0.479999
v 0.282170 1.776821 -0.453796
v 0.015142 1.897776 -0.505676
v 0.153943 1.860626 -0.503560
v 0.237836 1.813113 -0.477686
v -0.130560 1.861651 -0.503800
v 0.011415 1.869189 -0.512371
v 0.143999 1.824601 -0.494189
v -0.216838 1.814906 -0.477937
v -0.124871 1.825700 -0.494354
v -0.139797 1.777006 -0.464983
v 0.009074 1.830605 -0.502410
v 0.008450 1.778346 -0.470857
v 0.009654 1.712543 -0.424805
v 0.157644 1.775696 -0.464885
v 0.178538 1.712499 -0.421177
v 0.190339 1.633596 -0.368598
v 0.470782 0.697156 -0.129133
v 0.469142 0.690075 -0.151812
v 0.412252 0.706995 -0.129133
v 0.411036 0.699778 -0.151825
v 0.358198 0.679018 -0.148405
v 0.412252 0.720469 0.000997
v 0.358306 0.685583 -0.126449
v 0.412252 0.725118 0.133329
v 0.358265 0.699906 0.002373
v 0.337711 0.656275 -0.122423
v 0.338444 0.650870 -0.143864
v 0.337596 0.671720 0.004436
v 0.358216 0.705702 0.133729
v 0.319601 0.600489 -0.115714
v 0.321051 0.597942 -0.137101
v 0.309116 0.527856 -0.128297
v 0.337405 0.680327 0.134327
v 0.358229 0.699831 0.298114
v 0.412252 0.719537 0.298840
v 0.337453 0.674018 0.297026
v 0.412252 0.711904 0.450556
v 0.358284 0.690945 0.448468
v 0.337665 0.662010 0.445337
v 0.319627 0.631287 0.135325
v 0.319622 0.623866 0.295213
v 0.319569 0.618183 0.007876
v 0.307397 0.563285 0.136655
v 0.307158 0.547074 0.012389
v 0.307404 0.527600 -0.107020
v 0.303714 0.455657 -0.117634
v 0.302510 0.495075 0.138252
v 0.302513 0.457946 -0.097040
v 0.304648 0.388244 -0.106120
v 0.302284 0.478804 0.017673
v 0.303493 0.390653 -0.086474
v 0.311544 0.334078 -0.094763
v 0.302234 0.412000 0.023426
v 0.302552 0.429015 0.140050
v 0.310578 0.336243 -0.076021
v 0.319544 0.294808 -0.084190
v 0.307383 0.358007 0.029345
v 0.307749 0.374696 0.141982
v 0.315395 0.294794 -0.066294
v 0.328347 0.259578 -0.075028
v 0.315498 0.319434 0.035004
v 0.327112 0.260740 -0.057910
v 0.327632 0.286264 0.039974
v 0.327779 0.302045 0.145581
v 0.315781 0.335653 0.143881
v 0.327735 0.293715 0.278559
v 0.315742 0.327056 0.281106
v 0.307657 0.365727 0.284016
v 0.327456 0.272005 0.394534
v 0.315095 0.304931 0.401226
v 0.306917 0.343360 0.408962
v 0.315017 0.294552 0.444107
v 0.327115 0.260751 0.435848
v 0.328260 0.259515 0.456882
v 0.319375 0.294707 0.466068
v 0.310230 0.336005 0.453704
v 0.311349 0.333954 0.476596
v 0.301811 0.397614 0.417235
v 0.303268 0.390522 0.464046
v 0.304525 0.388169 0.487886
v 0.302439 0.457938 0.474538
v 0.303675 0.455652 0.499358
v 0.302487 0.419541 0.287076
v 0.302025 0.465269 0.425539
v 0.307297 0.527159 0.484473
v 0.309029 0.527368 0.509963
v 0.302436 0.485926 0.290072
v 0.306960 0.534184 0.433343
v 0.319601 0.600491 0.493142
v 0.320994 0.597586 0.518653
v 0.338445 0.650872 0.525343
v 0.307328 0.554385 0.292840
v 0.319575 0.606912 0.440119
v 0.337711 0.656275 0.499840
v 0.358198 0.679020 0.529952
v 0.358306 0.685583 0.503858
v 0.412252 0.706995 0.506537
v 0.411036 0.699778 0.533510
v 0.469142 0.690075 0.533497
v 0.470782 0.697156 0.506537
v -0.335876 0.165762 0.464639
v -0.329505 0.180532 0.465031
v -0.342028 0.169222 0.464586
v -0.335511 0.185613 0.483609
v -0.324621 0.200643 0.467756
v -0.327342 0.197098 0.481769
v -0.316687 0.231254 0.475226
v -0.323822 0.208741 0.479724
v -0.308609 0.277082 0.485606
v -0.318359 0.231418 0.488970
v -0.322503 0.226613 0.496204
v -0.307209 0.338853 0.497059
v -0.311898 0.275660 0.500714
v -0.307950 0.407439 0.509156
v -0.311741 0.337106 0.513010
v -0.317628 0.273411 0.509387
v -0.312275 0.479672 0.521467
v -0.313435 0.406513 0.525713
v -0.319310 0.336281 0.522369
v -0.324147 0.559094 0.532072
v -0.319476 0.479899 0.538674
v -0.322898 0.406773 0.535413
v -0.340232 0.336408 0.528033
v -0.333893 0.270937 0.514535
v -0.331767 0.482187 0.548785
v -0.334381 0.219609 0.499984
v -0.343635 0.188271 0.483477
v -0.347135 0.222125 0.499720
v -0.348260 0.187949 0.464735
v -0.351408 0.203128 0.481293
v -0.353764 0.207693 0.467203
v -0.358105 0.231064 0.495433
v -0.363473 0.236696 0.474282
v -0.355281 0.214889 0.479075
v -0.375204 0.279717 0.484231
v -0.362158 0.236383 0.488034
v -0.391247 0.336828 0.495307
v -0.371719 0.278062 0.499396
v -0.366406 0.275586 0.508281
v -0.413818 0.399678 0.507229
v -0.387207 0.335377 0.511343
v -0.443938 0.465186 0.519715
v -0.408976 0.399623 0.523879
v -0.481693 0.540728 0.530697
v -0.437949 0.467020 0.537006
v -0.380786 0.335143 0.520963
v -0.428345 0.471732 0.547379
v -0.475961 0.545536 0.547818
v -0.521519 0.638002 0.538105
v -0.401035 0.401492 0.533867
v -0.466873 0.556005 0.558386
v -0.400659 0.483248 0.554423
v -0.378175 0.406937 0.540667
v -0.513478 0.640427 0.553407
v -0.434957 0.575043 0.565778
v -0.526983 0.688858 0.553709
v -0.505304 0.657396 0.563774
v -0.535890 0.698017 0.543789
v -0.522361 0.707643 0.561519
v -0.529454 0.723551 0.549601
v -0.471618 0.685305 0.571738
v -0.485315 0.734699 0.569307
v -0.490818 0.757358 0.555490
v -0.434861 0.766703 0.555543
v -0.431829 0.743359 0.569439
v -0.387943 0.749930 0.549898
v -0.422151 0.692570 0.572002
v -0.388733 0.731126 0.561995
v -0.371934 0.726764 0.544343
v -0.392803 0.584322 0.566187
v -0.377217 0.676180 0.564545
v -0.375355 0.713865 0.554359
v -0.350484 0.660844 0.539049
v -0.359743 0.661345 0.554343
v -0.333725 0.562298 0.549136
v -0.349939 0.570972 0.559493
v -0.365463 0.487073 0.554951
v -0.349586 0.408866 0.541248
v -0.362640 0.336192 0.527505
v -0.351747 0.272017 0.514126
v 0.465048 0.674853 -0.169514
v 0.503159 0.641873 -0.164183
v 0.408215 0.684186 -0.169567
v 0.506839 0.613997 -0.158649
v 0.457969 0.648530 -0.179752
v 0.493494 0.621307 -0.172979
v 0.359037 0.666119 -0.164479
v 0.403723 0.657135 -0.179884
v 0.341087 0.640450 -0.159203
v 0.358191 0.642943 -0.173454
v 0.442621 0.600121 -0.180035
v 0.393438 0.607397 -0.180299
v 0.344389 0.627518 -0.166846
v 0.325106 0.593785 -0.153631
v 0.348948 0.598592 -0.174115
v 0.333586 0.591625 -0.165802
v 0.313278 0.526649 -0.146232
v 0.321643 0.527175 -0.159833
v 0.335814 0.530595 -0.168108
v 0.307170 0.454380 -0.135477
v 0.314041 0.454033 -0.149111
v 0.307431 0.386596 -0.123143
v 0.312752 0.385534 -0.136139
v 0.325614 0.454549 -0.157079
v 0.321778 0.385086 -0.143703
v 0.317846 0.329755 -0.123418
v 0.313790 0.331573 -0.111009
v 0.324379 0.328394 -0.130651
v 0.321158 0.292491 -0.099647
v 0.324162 0.290804 -0.111345
v 0.329120 0.288677 -0.117969
v 0.331765 0.260695 -0.100318
v 0.330100 0.260696 -0.089628
v 0.334895 0.240525 -0.092054
v 0.334774 0.232367 -0.082391
v 0.335038 0.256493 -0.105702
v 0.337177 0.229248 -0.093090
v 0.338545 0.212202 -0.079373
v 0.343430 0.249697 -0.108234
v 0.344566 0.197349 -0.078426
v 0.344032 0.218092 -0.093935
v 0.350560 0.200692 -0.078373
v 0.351385 0.220630 -0.093803
v 0.356286 0.219368 -0.079077
v 0.354249 0.252332 -0.107970
v 0.360722 0.239170 -0.081838
v 0.358544 0.235058 -0.092614
v 0.368554 0.265670 -0.088684
v 0.361791 0.246360 -0.091404
v 0.363934 0.260740 -0.104930
v 0.367278 0.265294 -0.099381
v 0.379221 0.294777 -0.098272
v 0.376635 0.293148 -0.110027
v 0.390188 0.329254 -0.109257
v 0.372031 0.291001 -0.116862
v 0.386624 0.327911 -0.121751
v 0.406765 0.376434 -0.121216
v 0.432712 0.437462 -0.133725
v 0.402341 0.376451 -0.134305
v 0.464846 0.506046 -0.144857
v 0.427319 0.438821 -0.147444
v 0.492749 0.569622 -0.152686
v 0.458323 0.508404 -0.158515
v 0.496909 0.604112 -0.166196
v 0.484363 0.569815 -0.164866
v 0.475445 0.579907 -0.173344
v 0.448202 0.514757 -0.167001
v 0.416454 0.527410 -0.173002
v 0.418092 0.442387 -0.155674
v 0.375022 0.534969 -0.173411
v 0.391205 0.451442 -0.161289
v 0.357484 0.455826 -0.161816
v 0.394918 0.377842 -0.142157
v 0.373422 0.382279 -0.147533
v 0.346819 0.384776 -0.148113
v 0.380655 0.327306 -0.129245
v 0.363974 0.327706 -0.134370
v 0.343764 0.327930 -0.134898
v 0.359175 0.288214 -0.121338
v 0.343000 0.286505 -0.121747
v 0.321075 0.163217 0.455557
v 0.326061 0.160998 0.445370
v 0.312751 0.159863 0.461514
v 0.315498 0.154741 0.448580
v 0.338058 0.154425 0.335543
v 0.276368 0.150724 0.473185
v 0.324574 0.145867 0.336213
v 0.338058 0.151797 0.026447
v 0.326061 0.160607 -0.070336
v 0.324574 0.143837 0.025756
v 0.321075 0.163748 -0.078041
v 0.315498 0.153709 -0.072900
v 0.312751 0.159946 -0.082619
v 0.281003 0.132150 0.023755
v 0.277421 0.142342 -0.080830
v 0.276368 0.149282 -0.092932
v 0.281003 0.131892 0.338478
v 0.213666 0.135931 -0.102374
v 0.277421 0.143866 0.457436
v 0.214593 0.120127 0.020709
v 0.214593 0.117784 0.341921
v 0.213876 0.130928 0.465714
v 0.213876 0.129451 -0.089022
v 0.130737 0.106283 0.017270
v 0.130737 0.115326 -0.096162
v 0.130737 0.121578 -0.110221
v 0.130737 0.102861 0.345643
v 0.041067 0.109973 -0.114747
v 0.041067 0.103813 -0.100373
v 0.041067 0.094819 0.015012
v -0.048009 0.103537 -0.115090
v 0.041067 0.090948 0.347910
v -0.135301 0.103358 -0.111247
v -0.047958 0.097420 -0.100715
v -0.214249 0.109235 -0.103965
v -0.135047 0.097319 -0.097186
v -0.047819 0.088536 0.014723
v -0.272916 0.119684 -0.094737
v -0.213905 0.103389 -0.090609
v -0.306407 0.132374 -0.084341
v -0.273232 0.114220 -0.082633
v -0.134351 0.088829 0.016402
v -0.213109 0.095746 0.019362
v -0.308408 0.128311 -0.074617
v -0.313988 0.137567 -0.079715
v -0.318219 0.136529 -0.071990
v -0.274817 0.107984 0.022224
v -0.315391 0.124865 0.024304
v -0.328099 0.135030 0.025052
v -0.328567 0.134671 0.335301
v -0.315894 0.124221 0.335979
v -0.320097 0.137541 0.445385
v -0.275324 0.106154 0.338267
v -0.310356 0.129579 0.448605
v -0.316126 0.138680 0.455577
v -0.308689 0.133834 0.461541
v -0.275098 0.115257 0.457485
v -0.275144 0.121308 0.473237
v -0.213490 0.092772 0.341744
v -0.215234 0.103971 0.465764
v -0.215839 0.110784 0.482665
v -0.134526 0.085203 0.345518
v -0.135645 0.097747 0.472932
v -0.136017 0.105043 0.490470
v -0.047854 0.084621 0.347864
v -0.048078 0.097821 0.477010
v -0.048152 0.105351 0.494829
v 0.041067 0.111907 0.494823
v 0.041067 0.104320 0.477005
v 0.130737 0.123841 0.490443
v 0.130737 0.116261 0.472907
v 0.213666 0.138355 0.482612
v -0.490456 0.741166 -0.169514
v -0.528072 0.711859 -0.164183
v -0.434498 0.750507 -0.169567
v -0.534342 0.689342 -0.158649
v -0.484298 0.718375 -0.179752
v -0.520973 0.696420 -0.172979
v -0.386917 0.739141 -0.164479
v -0.430805 0.727018 -0.179884
v -0.370981 0.719599 -0.159203
v -0.387759 0.720953 -0.173454
v -0.471389 0.673742 -0.180035
v -0.421931 0.681035 -0.180299
v -0.374769 0.707008 -0.166846
v -0.351186 0.660451 -0.153631
v -0.377396 0.670527 -0.174115
v -0.360209 0.658860 -0.165802
v -0.325021 0.560643 -0.146232
v -0.334461 0.562532 -0.159833
v -0.350419 0.568805 -0.168107
v -0.392515 0.576921 -0.173411
v -0.312354 0.479504 -0.135477
v -0.319609 0.479305 -0.149111
v -0.331869 0.480624 -0.157079
v -0.308048 0.407522 -0.123143
v -0.313700 0.406504 -0.136139
v -0.323303 0.406430 -0.143703
v -0.312248 0.337403 -0.123418
v -0.307550 0.339070 -0.111009
v -0.319849 0.336472 -0.130651
v -0.308760 0.277322 -0.099647
v -0.312134 0.276022 -0.111345
v -0.316112 0.231707 -0.089628
v -0.317956 0.232174 -0.100318
v -0.317959 0.273826 -0.117969
v -0.323778 0.201065 -0.082391
v -0.323051 0.209452 -0.092054
v -0.322052 0.227684 -0.105702
v -0.326491 0.198014 -0.093090
v -0.328881 0.180880 -0.079373
v -0.333477 0.221219 -0.108234
v -0.335491 0.166192 -0.078426
v -0.334422 0.186883 -0.093935
v -0.341506 0.169646 -0.078373
v -0.342150 0.189523 -0.093803
v -0.347344 0.188283 -0.079077
v -0.345825 0.223493 -0.107970
v -0.352507 0.208127 -0.081838
v -0.349841 0.204022 -0.092614
v -0.362413 0.237138 -0.088684
v -0.353945 0.215552 -0.091404
v -0.356825 0.232101 -0.104930
v -0.361058 0.237082 -0.099381
v -0.375232 0.279941 -0.098272
v -0.366675 0.275975 -0.116862
v -0.391218 0.337023 -0.109257
v -0.371894 0.278395 -0.110027
v -0.413732 0.399728 -0.121216
v -0.387286 0.335641 -0.121751
v -0.443793 0.464984 -0.133725
v -0.408952 0.399585 -0.134305
v -0.482991 0.543120 -0.144857
v -0.437779 0.466341 -0.147444
v -0.522376 0.638082 -0.152686
v -0.476753 0.546286 -0.158515
v -0.525879 0.680690 -0.166196
v -0.514094 0.638418 -0.164866
v -0.505666 0.652299 -0.173344
v -0.467250 0.554421 -0.167001
v -0.428088 0.470078 -0.155674
v -0.434783 0.568632 -0.173002
v -0.400399 0.479459 -0.161289
v -0.401082 0.401029 -0.142157
v -0.380960 0.335293 -0.129245
v -0.378365 0.405471 -0.147533
v -0.365298 0.483292 -0.161816
v -0.362957 0.336007 -0.134370
v -0.349952 0.407448 -0.148113
v -0.352080 0.272426 -0.121338
v -0.340704 0.336335 -0.134898
v -0.334333 0.271436 -0.121747
v 0.465255 0.675198 0.555490
v 0.503241 0.641999 0.549601
v 0.408422 0.684531 0.555543
v 0.506887 0.614078 0.543789
v 0.458399 0.649217 0.569307
v 0.493641 0.621520 0.561519
v 0.359104 0.666231 0.549898
v 0.404141 0.657824 0.569439
v 0.341112 0.640487 0.544343
v 0.358284 0.643086 0.561995
v 0.442716 0.600066 0.571738
v 0.393515 0.607339 0.572002
v 0.344390 0.627522 0.554359
v 0.325078 0.593654 0.539049
v 0.348928 0.598448 0.564545
v 0.333574 0.591629 0.554343
v 0.313234 0.526456 0.532072
v 0.321578 0.527189 0.549136
v 0.335751 0.530511 0.559493
v 0.374986 0.534714 0.566187
v 0.307146 0.454376 0.521467
v 0.314017 0.454028 0.538674
v 0.325532 0.454528 0.548785
v 0.307378 0.386561 0.509156
v 0.312679 0.385483 0.525713
v 0.321501 0.384886 0.535413
v 0.357458 0.455746 0.554951
v 0.346601 0.384555 0.541248
v 0.324248 0.327421 0.522369
v 0.317771 0.329075 0.513010
v 0.313720 0.331169 0.497059
v 0.328857 0.287177 0.509387
v 0.321050 0.291881 0.485606
v 0.324039 0.289742 0.500714
v 0.330017 0.260130 0.475226
v 0.331658 0.259697 0.488970
v 0.334752 0.231943 0.467756
v 0.334840 0.239753 0.479724
v 0.334843 0.255008 0.496204
v 0.337131 0.228294 0.481769
v 0.338606 0.211872 0.465031
v 0.343371 0.247711 0.499984
v 0.344572 0.196941 0.464639
v 0.344012 0.216801 0.483609
v 0.350579 0.200284 0.464586
v 0.351501 0.219341 0.483477
v 0.356265 0.219037 0.464735
v 0.354442 0.250502 0.499720
v 0.360806 0.238703 0.467203
v 0.358701 0.234104 0.481293
v 0.368746 0.265051 0.474282
v 0.361930 0.245615 0.479075
v 0.364264 0.259254 0.495433
v 0.367563 0.264323 0.488034
v 0.379410 0.294106 0.484231
v 0.376915 0.292093 0.499396
v 0.390275 0.328773 0.495307
v 0.372301 0.289484 0.508281
v 0.386752 0.327170 0.511343
v 0.406752 0.376394 0.507229
v 0.432696 0.437467 0.519715
v 0.402322 0.376396 0.523879
v 0.464771 0.505829 0.530697
v 0.427300 0.438825 0.537006
v 0.380721 0.326251 0.520963
v 0.492702 0.569479 0.538105
v 0.458314 0.508403 0.547818
v 0.496945 0.604151 0.553709
v 0.484365 0.569796 0.553407
v 0.475436 0.579761 0.563774
v 0.448215 0.514686 0.558386
v 0.416445 0.527169 0.565778
v 0.418117 0.442349 0.547379
v 0.391218 0.451376 0.554423
v 0.394898 0.377676 0.533867
v 0.373334 0.382043 0.540667
v 0.363935 0.326425 0.527505
v 0.343510 0.326461 0.528032
v 0.359254 0.286226 0.514126
v 0.342819 0.284375 0.514535
v 0.016519 1.190466 -0.091957
v 0.012924 1.193734 -0.104348
v 0.004699 1.179803 -0.103659
v 0.025235 1.203043 -0.104808
v 0.009396 1.178400 -0.091360
v 0.001810 1.163369 -0.102846
v 0.027181 1.198527 -0.092356
v 0.039757 1.206312 -0.104970
v 0.026341 1.179936 -0.082484
v 0.039757 1.201358 -0.092496
v 0.032496 1.184591 -0.082714
v 0.052334 1.198527 -0.092356
v 0.054279 1.203043 -0.104808
v 0.039757 1.186225 -0.082795
v 0.062995 1.190466 -0.091957
v 0.066590 1.193734 -0.104348
v 0.074816 1.179803 -0.103659
v 0.047018 1.184591 -0.082714
v 0.070119 1.178400 -0.091360
v 0.077705 1.163369 -0.102846
v 0.053174 1.179936 -0.082484
v 0.039757 1.164968 -0.078467
v 0.057287 1.172971 -0.082140
v 0.072621 1.164169 -0.090657
v 0.058731 1.164754 -0.081733
v 0.070119 1.149937 -0.089953
v 0.074816 1.146936 -0.102033
v 0.057287 1.156537 -0.081327
v 0.062995 1.137871 -0.089356
v 0.066590 1.133004 -0.101344
v 0.053174 1.149571 -0.080982
v 0.054279 1.123695 -0.100883
v 0.047018 1.144917 -0.080752
v 0.052334 1.129810 -0.088957
v 0.039757 1.120426 -0.100722
v 0.039757 1.143282 -0.080671
v 0.039757 1.126979 -0.088817
v 0.027181 1.129810 -0.088957
v 0.025235 1.123695 -0.100883
v 0.032496 1.144917 -0.080752
v 0.016519 1.137871 -0.089356
v 0.012924 1.133004 -0.101344
v 0.004699 1.146936 -0.102033
v 0.026341 1.149571 -0.080982
v 0.009396 1.149937 -0.089953
v 0.022228 1.156537 -0.081327
v 0.006894 1.164169 -0.090657
v 0.020784 1.164754 -0.081733
v 0.022228 1.172971 -0.082140
v -0.286043 0.000001 0.429125
v -0.212134 0.125630 0.443412
v -0.286043 0.000001 0.433162
v -0.212134 0.125630 0.379885
v -0.285284 0.125630 0.443412
v -0.290691 0.000001 0.433162
v -0.285285 0.125630 0.379885
v -0.290691 0.000001 0.429125
v 0.296497 0.147565 0.361689
v 0.280046 0.000001 0.425876
v 0.223347 0.147565 0.361689
v 0.284694 0.000001 0.425876
v 0.296497 0.147565 0.425217
v 0.284694 0.000001 0.429913
v 0.280046 0.000001 0.429913
v 0.223347 0.147565 0.425217
v -0.294612 0.147565 0.012815
v -0.278161 0.000001 -0.051372
v -0.221462 0.147565 0.012815
v -0.282809 0.000001 -0.051372
v -0.294612 0.147565 -0.050713
v -0.282809 0.000001 -0.055409
v -0.221462 0.147565 -0.050713
v -0.278161 0.000001 -0.055409
v 0.217122 0.140555 -0.068908
v 0.291031 0.000001 -0.054621
v 0.217122 0.140555 -0.005381
v 0.291031 0.000001 -0.058658
v 0.290273 0.140555 -0.068908
v 0.295680 0.000001 -0.058658
v 0.295680 0.000001 -0.054621
v 0.290273 0.140555 -0.005381
v 0.229576 0.321819 -0.063259
v 0.280209 0.353033 -0.035823
v 0.282697 0.321819 -0.037817
v 0.314681 0.321819 0.004586
v 0.228213 0.356201 -0.060757
v 0.160601 0.321819 -0.081160
v 0.311553 0.351433 0.005681
v 0.160264 0.359598 -0.075746
v 0.081059 0.321819 -0.087518
v 0.267704 0.388129 -0.025803
v 0.081062 0.361883 -0.080171
v -0.003768 0.321819 -0.087529
v 0.221365 0.394835 -0.048182
v 0.158571 0.402474 -0.059490
v -0.003768 0.361930 -0.080176
v 0.081076 0.407486 -0.063259
v -0.088598 0.358610 -0.079831
v -0.088595 0.321819 -0.086730
v -0.003768 0.407586 -0.063259
v -0.167801 0.353333 -0.075162
v -0.168138 0.321819 -0.081160
v -0.088613 0.400488 -0.063259
v -0.166107 0.389378 -0.059490
v -0.235749 0.347509 -0.060757
v -0.237112 0.321819 -0.063259
v -0.228902 0.377445 -0.048182
v -0.287745 0.342502 -0.035823
v -0.290233 0.321819 -0.037817
v -0.322217 0.321819 0.004586
v -0.275241 0.367611 -0.025803
v -0.319089 0.339679 0.005681
v -0.319774 0.339679 0.380800
v -0.322913 0.321819 0.381993
v -0.303369 0.362802 0.011182
v -0.288498 0.342502 0.426014
v -0.290999 0.321819 0.428186
v -0.237808 0.321819 0.455902
v -0.304001 0.362802 0.374807
v -0.236435 0.347509 0.453177
v -0.168660 0.321819 0.469760
v -0.275928 0.367611 0.415098
v -0.275928 0.378219 0.371214
v -0.168316 0.353333 0.466779
v -0.088873 0.321819 0.474380
v -0.229534 0.377445 0.439478
v -0.260660 0.378591 0.401839
v -0.088873 0.358610 0.471314
v -0.003768 0.321819 0.474380
v -0.166591 0.389378 0.451796
v -0.225397 0.390015 0.415098
v -0.165557 0.404715 0.424914
v -0.229534 0.395818 0.374807
v -0.166591 0.413482 0.380196
v -0.088873 0.418367 0.428186
v -0.088873 0.429095 0.381993
v -0.166233 0.413482 0.006235
v -0.088682 0.429095 0.004586
v -0.003768 0.438775 0.381993
v -0.088873 0.400488 0.455902
v -0.003768 0.427079 0.428186
v -0.003768 0.361930 0.471314
v -0.003768 0.407586 0.455902
v 0.081337 0.361883 0.471314
v 0.081337 0.321819 0.474380
v 0.081337 0.407486 0.455902
v 0.081337 0.426956 0.428186
v 0.160780 0.359598 0.466779
v 0.161123 0.321819 0.469760
v 0.159055 0.402474 0.451796
v 0.228898 0.356201 0.453177
v 0.230271 0.321819 0.455902
v 0.221997 0.394835 0.439478
v 0.158021 0.420580 0.424914
v 0.081337 0.438638 0.381993
v 0.217860 0.410533 0.415098
v 0.159055 0.431190 0.380196
v 0.081146 0.438638 0.004586
v 0.253124 0.400929 0.401839
v 0.221997 0.418934 0.374807
v 0.268391 0.388129 0.415098
v 0.268391 0.403350 0.371214
v 0.158697 0.431190 0.006235
v 0.221522 0.418934 0.011182
v 0.280961 0.353033 0.426014
v 0.283462 0.321819 0.428186
v 0.315377 0.321819 0.381993
v 0.312238 0.351433 0.380800
v 0.296464 0.385918 0.374807
v 0.295832 0.385918 0.011182
v 0.267830 0.403350 0.014480
v 0.252513 0.400929 -0.013632
v 0.217299 0.410533 -0.025803
v 0.157587 0.420580 -0.034813
v 0.081102 0.426956 -0.037817
v -0.003768 0.438775 0.004586
v -0.003768 0.427079 -0.037817
v -0.088639 0.418367 -0.037817
v -0.165123 0.404715 -0.034813
v -0.224836 0.390015 -0.025803
v -0.229058 0.395818 0.011182
v -0.260049 0.378591 -0.013632
v -0.275367 0.378219 0.014480
v 0.395188 0.554258 0.573099
v 0.379117 0.563824 0.558297
v 0.390267 0.549270 0.557341
v 0.406649 0.541171 0.557005
v 0.385474 0.566762 0.573927
v 0.374909 0.582563 0.559728
v 0.409397 0.547379 0.572808
v 0.425330 0.540336 0.557341
v 0.407898 0.569388 0.585726
v 0.381746 0.582903 0.575166
v 0.378284 0.602614 0.561415
v 0.402103 0.576373 0.586204
v 0.416107 0.565430 0.585559
v 0.400122 0.585861 0.586920
v 0.425586 0.546638 0.573099
v 0.384604 0.600194 0.576628
v 0.441616 0.552567 0.573927
v 0.443894 0.547238 0.558297
v 0.425462 0.565039 0.585726
v 0.455055 0.564109 0.575166
v 0.459531 0.560831 0.559728
v 0.469864 0.579064 0.561415
v 0.434510 0.568170 0.586204
v 0.425088 0.590414 0.591840
v 0.442457 0.575070 0.586920
v 0.447655 0.584155 0.587764
v 0.463918 0.579770 0.576628
v 0.473173 0.599051 0.563103
v 0.449319 0.594159 0.588608
v 0.466879 0.597171 0.578090
v 0.463319 0.613469 0.579329
v 0.469040 0.617863 0.564534
v 0.447254 0.603543 0.589323
v 0.441825 0.610847 0.589801
v 0.453851 0.626368 0.580157
v 0.458171 0.632692 0.565490
v 0.442050 0.641105 0.565826
v 0.433786 0.615320 0.589969
v 0.439921 0.633882 0.580447
v 0.423241 0.642123 0.565490
v 0.423613 0.634797 0.580157
v 0.424372 0.615858 0.589801
v 0.407355 0.628444 0.579329
v 0.404396 0.634679 0.564534
v 0.414920 0.612147 0.589323
v 0.393655 0.616242 0.578090
v 0.388620 0.620846 0.563103
v 0.406992 0.604899 0.588608
v 0.401846 0.595912 0.587764
v -0.444931 0.681424 0.580448
v -0.431899 0.696486 0.565490
v -0.449722 0.691014 0.565826
v -0.462999 0.676826 0.565490
v -0.429406 0.686265 0.580157
v -0.412184 0.692470 0.564534
v -0.456379 0.669196 0.580157
v -0.469675 0.656131 0.564534
v -0.433395 0.659117 0.589969
v -0.412501 0.682613 0.579329
v -0.462150 0.651287 0.579329
v -0.468713 0.632098 0.563103
v -0.439951 0.652119 0.589801
v -0.424646 0.661659 0.589801
v -0.418210 0.630036 0.591840
v -0.443277 0.641786 0.589323
v -0.461335 0.630455 0.578090
v -0.442748 0.629818 0.588608
v -0.453940 0.609976 0.576628
v -0.460271 0.608341 0.561415
v -0.438602 0.617856 0.587764
v -0.441353 0.592662 0.575166
v -0.445707 0.588377 0.559728
v -0.431237 0.607975 0.586920
v -0.427413 0.575070 0.558297
v -0.421998 0.601425 0.586204
v -0.425430 0.581225 0.573927
v -0.408718 0.577299 0.573099
v -0.408065 0.570596 0.557341
v -0.412417 0.599079 0.585726
v -0.393520 0.581753 0.572808
v -0.390510 0.575746 0.557005
v -0.377428 0.589712 0.557341
v -0.403671 0.601618 0.585559
v -0.382173 0.593867 0.573099
v -0.370903 0.610263 0.558297
v -0.397111 0.608620 0.585726
v -0.376728 0.611456 0.573927
v -0.372029 0.634197 0.559728
v -0.393835 0.618903 0.586204
v -0.377508 0.632409 0.575166
v -0.394609 0.630648 0.586920
v -0.398479 0.642958 0.587764
v -0.384469 0.653428 0.576628
v -0.379992 0.658556 0.561415
v -0.405496 0.653211 0.588608
v -0.396587 0.671235 0.578090
v -0.393939 0.679180 0.563103
v -0.414589 0.659865 0.589323
v -0.321880 0.745552 -0.071046
v -0.293291 0.322345 -0.049209
v -0.328318 0.960984 -0.092212
v -0.289357 0.746132 -0.058466
v -0.265629 0.322403 -0.037485
v -0.295505 0.960286 -0.078969
v -0.336783 1.068094 -0.102026
v -0.306856 1.066934 -0.088360
v -0.353250 1.176849 -0.110603
v -0.324083 1.178324 -0.096516
v -0.373184 1.287469 -0.121537
v -0.337361 1.291201 -0.106871
v -0.399610 1.398408 -0.137845
v -0.357651 1.402605 -0.122174
v -0.421936 1.507370 -0.161734
v -0.378008 1.513622 -0.145219
v -0.433272 1.612166 -0.195628
v -0.290835 1.517286 -0.132514
v -0.426727 1.710611 -0.241947
v -0.387910 1.620512 -0.178297
v -0.298896 1.626446 -0.164995
v -0.380790 1.720856 -0.223897
v -0.397163 1.798180 -0.293274
v -0.292340 1.728725 -0.210048
v -0.339441 1.870350 -0.342192
v -0.353120 1.808082 -0.273896
v -0.151682 1.629160 -0.157063
v -0.247674 1.924541 -0.381747
v -0.301368 1.875619 -0.320173
v -0.269566 1.816044 -0.259281
v -0.115974 1.958174 -0.404985
v -0.219011 1.924673 -0.356461
v -0.228976 1.880319 -0.304304
v 0.034937 1.970388 -0.412490
v -0.099526 1.956451 -0.376494
v -0.183371 1.915597 -0.335116
v 0.184337 1.960322 -0.404847
v 0.037543 1.968552 -0.382427
v 0.311754 1.928168 -0.381583
v 0.172654 1.958574 -0.376419
v 0.287257 1.928337 -0.356394
v 0.396713 1.874121 -0.342222
v 0.362799 1.879656 -0.320276
v 0.252440 1.918699 -0.335132
v 0.447454 1.800196 -0.293567
v 0.293465 1.883741 -0.304436
v 0.165221 1.937786 -0.342337
v 0.176356 1.892935 -0.299783
v 0.037655 1.946586 -0.345883
v 0.034577 1.898327 -0.300231
v -0.092012 1.935871 -0.342337
v -0.108763 1.891005 -0.299697
v 0.030112 1.826769 -0.249853
v -0.132816 1.823106 -0.251782
v 0.192201 1.824536 -0.251946
v 0.026060 1.734905 -0.199130
v -0.147204 1.733426 -0.201800
v 0.024526 1.628886 -0.154485
v 0.198897 1.733106 -0.202016
v 0.326827 1.818476 -0.259565
v -0.146381 1.518209 -0.124962
v 0.407370 1.810656 -0.274215
v 0.342749 1.727977 -0.210434
v 0.429060 1.719463 -0.224361
v 0.200520 1.625852 -0.157242
v 0.347092 1.620289 -0.165316
v 0.472216 1.708410 -0.242420
v 0.435036 1.612425 -0.178690
v 0.479008 1.602836 -0.196038
v 0.345721 1.503458 -0.132486
v 0.475839 1.487545 -0.161679
v 0.432466 1.495892 -0.145178
v 0.465029 1.367521 -0.137136
v 0.423209 1.374789 -0.121531
v 0.448900 1.247747 -0.120202
v 0.412927 1.254965 -0.105636
v 0.348051 1.388386 -0.110185
v 0.349392 1.267874 -0.094623
v 0.432227 1.133006 -0.108799
v 0.402355 1.137805 -0.094851
v 0.411091 1.028466 -0.100365
v 0.342089 1.143486 -0.083615
v 0.381003 1.030502 -0.086811
v 0.389858 0.930466 -0.091465
v 0.322431 1.029081 -0.075655
v 0.350277 0.736250 -0.072794
v 0.278377 0.322191 -0.049897
v 0.357510 0.932131 -0.078259
v 0.317753 0.737762 -0.060063
v 0.250715 0.322258 -0.038085
v 0.298992 0.925920 -0.067160
v 0.252706 0.739589 -0.050372
v 0.195393 0.322320 -0.029092
v 0.210147 1.022379 -0.066861
v 0.144293 0.742025 -0.045235
v 0.103188 0.322375 -0.024011
v 0.181976 0.923290 -0.060227
v 0.014198 0.745691 -0.046637
v -0.007457 0.322417 -0.023793
v 0.029020 0.916811 -0.058187
v -0.115897 0.745629 -0.044685
v -0.118102 0.322440 -0.023815
v -0.210307 0.322438 -0.028617
v 0.033531 0.985211 -0.060455
v -0.122109 0.936715 -0.060668
v -0.224309 0.746165 -0.049208
v -0.237529 0.949598 -0.067827
v -0.138148 1.040438 -0.067589
v -0.248741 1.059333 -0.076955
v -0.264258 1.177291 -0.084954
v -0.188393 1.173822 -0.077382
v -0.274203 1.297965 -0.095657
v -0.280415 1.408949 -0.110535
v -0.150546 1.306606 -0.088053
v -0.148719 1.420930 -0.103948
v -0.106515 1.171248 -0.074078
v 0.027444 1.519194 -0.122767
v 0.031948 1.421822 -0.101527
v 0.201277 1.510264 -0.124904
v 0.212686 1.407547 -0.103614
v 0.035129 1.347628 -0.089432
v 0.236497 1.296371 -0.087207
v -0.031703 1.243591 -0.080445
v 0.249546 1.149645 -0.076543
v 0.151295 1.257896 -0.082164
v 0.110460 1.091535 -0.067223
v 0.138014 1.164620 -0.072539
v 0.039676 1.258820 -0.079993
v 0.064750 1.207792 -0.098848
v 0.004961 1.202471 -0.097815
v 0.039394 1.219527 -0.093999
v 0.072124 1.205330 -0.104604
v -0.005196 1.179213 -0.095098
v 0.074794 1.200438 -0.097792
v 0.038998 1.164680 -0.108103
v 0.090259 1.167073 -0.093268
v 0.094886 1.157491 -0.098860
v 0.085098 1.153121 -0.091944
v 0.073401 1.129268 -0.091449
v 0.047790 1.122605 -0.091394
v 0.034640 1.040888 -0.063256
v 0.042612 1.112434 -0.096812
v -0.030677 1.092710 -0.067220
v 0.033460 1.122796 -0.090855
v 0.005455 1.129834 -0.091448
v -0.008130 1.164214 -0.093539
v -0.014854 1.169697 -0.099509
vt 0.9263 -0.1953
vt 1.5430 -0.1348
vt 0.9263 -0.1777
vt 1.5430 -0.4033
vt -0.0995 0.0000
vt -0.6328 0.0034
vt -0.0995 -0.3096
vt -0.6328 0.0229
vt 0.9990 0.2495
vt 1.5313 0.4580
vt 0.9990 0.5181
vt 1.5313 0.4751
vt 0.9473 0.6123
vt 1.5303 0.9020
vt 0.9595 0.9217
vt 1.5313 0.9217
vt 0.7881 0.8165
vt 0.7710 0.8165
vt 0.7710 0.7968
vt 0.7881 0.7968
vt 0.0481 1.2344
vt -0.6328 1.1647
vt 0.0481 0.9247
vt -0.6328 1.1843
vt 0.1490 -0.3809
vt 0.7251 -0.1348
vt 0.1422 -0.3652
vt 0.8320 -0.3809
vt -0.6328 0.1870
vt -0.0081 0.1172
vt -0.0081 0.4272
vt -0.6328 0.1675
vt 0.8535 1.0159
vt 1.5303 1.2676
vt 0.8618 1.2847
vt 1.5313 1.2847
vt 0.5630 0.7053
vt 0.5459 0.7053
vt 0.5630 0.6855
vt 0.5459 0.6855
vt 0.0481 1.6382
vt -0.6328 1.5684
vt 0.0481 1.3284
vt -0.6328 1.5879
vt 1.4971 0.2285
vt 0.9209 -0.0186
vt 1.6035 -0.0186
vt 0.9141 -0.0029
vt 0.2155 1.4016
vt 0.8403 1.6416
vt 0.2155 1.7114
vt 0.8403 1.6611
vt 0.8198 0.2285
vt 0.1428 -0.0234
vt 0.8115 -0.0400
vt 0.1422 -0.0400
vt 0.5659 0.8165
vt 0.5459 0.7994
vt 0.5659 0.7994
vt 0.5459 0.8165
vt 1.2178 0.5913
vt 0.5459 0.5310
vt 1.2178 0.3228
vt 0.5459 0.5481
vt 1.5313 1.6885
vt 0.9346 1.6914
vt 1.5313 1.3789
vt 0.9346 1.7114
vt 0.9321 0.7344
vt 1.5273 0.6912
vt 0.9321 0.7515
vt 1.5273 0.9599
vt -0.6323 0.5408
vt -0.0022 0.5210
vt 0.0090 0.8306
vt -0.6328 0.5210
vt 0.6597 0.8165
vt 0.6597 0.7968
vt 0.6768 0.8165
vt 0.6768 0.7968
vt 2.8945 -1.0938
vt 2.9258 -1.1875
vt 2.9648 -1.1602
vt 3.0020 -1.2383
vt 2.8633 -1.1367
vt 2.7891 -1.0391
vt 2.9609 -1.2500
vt 2.7695 -1.0957
vt 2.6621 -1.0078
vt 2.8828 -1.2168
vt 2.6523 -1.0723
vt 2.5215 -0.9990
vt 2.8281 -1.1816
vt 2.7480 -1.1582
vt 2.5234 -1.0645
vt 2.6445 -1.1426
vt 2.3945 -1.0723
vt 2.3848 -1.0137
vt 2.5254 -1.1367
vt 2.2773 -1.0957
vt 2.2598 -1.0488
vt 2.4043 -1.1387
vt 2.2969 -1.1484
vt 2.1836 -1.1348
vt 2.1602 -1.1016
vt 2.2109 -1.1699
vt 2.1172 -1.1816
vt 2.0918 -1.1641
vt 2.0566 -1.2363
vt 2.1523 -1.2051
vt 2.0801 -1.2441
vt 2.0820 -1.7324
vt 2.0586 -1.7402
vt 2.1172 -1.2539
vt 2.1211 -1.7969
vt 2.0957 -1.8164
vt 2.1641 -1.8789
vt 2.1191 -1.7227
vt 2.1875 -1.8477
vt 2.2637 -1.9297
vt 2.1563 -1.7734
vt 2.1621 -1.7168
vt 2.2813 -1.8828
vt 2.3887 -1.9629
vt 2.2148 -1.8086
vt 2.1797 -1.7559
vt 2.3984 -1.9043
vt 2.5273 -1.9766
vt 2.3008 -1.8301
vt 2.2266 -1.7754
vt 2.3086 -1.7891
vt 2.2246 -1.7207
vt 2.3105 -1.7285
vt 2.4121 -1.7949
vt 2.4141 -1.7324
vt 2.3066 -1.2441
vt 2.4121 -1.2402
vt 2.5273 -1.7285
vt 2.4082 -1.8398
vt 2.5273 -1.7930
vt 2.5273 -1.9121
vt 2.5293 -1.8398
vt 2.6563 -1.9023
vt 2.6660 -1.9648
vt 2.6465 -1.8340
vt 2.6426 -1.7871
vt 2.7715 -1.8770
vt 2.7930 -1.9336
vt 2.7500 -1.8184
vt 2.8633 -1.8359
vt 2.8965 -1.8789
vt 2.8301 -1.7930
vt 2.7422 -1.7754
vt 2.6387 -1.7246
vt 2.8164 -1.7578
vt 2.7383 -1.7188
vt 2.6367 -1.2441
vt 2.8613 -1.7402
vt 2.8164 -1.7070
vt 2.8848 -1.7559
vt 2.8750 -1.7012
vt 2.7363 -1.2520
vt 2.8145 -1.2617
vt 2.9258 -1.7852
vt 2.9648 -1.8105
vt 3.0020 -1.7305
vt 2.9629 -1.7207
vt 2.9160 -1.7051
vt 2.9141 -1.2637
vt 2.8750 -1.2676
vt 2.8594 -1.2324
vt 2.8145 -1.2148
vt 2.7402 -1.1973
vt 2.6406 -1.1855
vt 2.5254 -1.2422
vt 2.5254 -1.1816
vt 2.4082 -1.1816
vt 2.3047 -1.1875
vt 2.2246 -1.2031
vt 2.2227 -1.2520
vt 2.1758 -1.2207
vt 2.1582 -1.2578
vt 0.6846 2.1211
vt 0.6538 2.1084
vt 0.6802 2.0977
vt 0.7085 2.0977
vt 0.6660 2.1299
vt 0.6323 2.1299
vt 0.7051 2.1221
vt 0.7358 2.1094
vt 0.6899 2.1494
vt 0.6514 2.1455
vt 0.6196 2.1602
vt 0.6797 2.1543
vt 0.7012 2.1504
vt 0.6719 2.1631
vt 0.7241 2.1309
vt 0.6431 2.1670
vt 0.7393 2.1475
vt 0.7583 2.1318
vt 0.7114 2.1553
vt 0.7480 2.1699
vt 0.7720 2.1631
vt 0.7725 2.1982
vt 0.7188 2.1641
vt 0.6958 2.1826
vt 0.7231 2.1758
vt 0.7231 2.1885
vt 0.7476 2.1934
vt 0.7598 2.2295
vt 0.7192 2.2002
vt 0.7397 2.2158
vt 0.7251 2.2314
vt 0.7373 2.2520
vt 0.7119 2.2090
vt 0.7017 2.2139
vt 0.7061 2.2393
vt 0.7100 2.2627
vt 0.6812 2.2627
vt 0.6909 2.2139
vt 0.6860 2.2402
vt 0.6538 2.2510
vt 0.6670 2.2314
vt 0.6807 2.2090
vt 0.6523 2.2139
vt 0.6309 2.2266
vt 0.6729 2.1992
vt 0.6436 2.1914
vt 0.6191 2.1943
vt 0.6685 2.1875
vt 0.6680 2.1748
vt -0.9414 1.9473
vt -0.9175 1.9722
vt -0.9458 1.9717
vt -0.9727 1.9595
vt -0.9204 1.9463
vt -0.8887 1.9585
vt -0.9609 1.9370
vt -0.9956 1.9341
vt -0.9365 1.9141
vt -0.9009 1.9360
vt -0.9761 1.9175
vt -1.0088 1.8984
vt -0.9468 1.9082
vt -0.9248 1.9136
vt -0.9297 1.8740
vt -0.9546 1.8975
vt -0.9849 1.8911
vt -0.9590 1.8833
vt -0.9839 1.8623
vt -1.0088 1.8579
vt -0.9585 1.8672
vt -0.9741 1.8350
vt -0.9946 1.8213
vt -0.9536 1.8530
vt -0.9707 1.7944
vt -0.9453 1.8418
vt -0.9580 1.8154
vt -0.9390 1.8047
vt -0.9424 1.7813
vt -0.9351 1.8354
vt -0.9189 1.8042
vt -0.9146 1.7813
vt -0.8877 1.7930
vt -0.9238 1.8350
vt -0.9004 1.8140
vt -0.8652 1.8179
vt -0.9136 1.8408
vt -0.8853 1.8320
vt -0.8521 1.8540
vt -0.9058 1.8516
vt -0.8765 1.8589
vt -0.9019 1.8652
vt -0.9014 1.8813
vt -0.8760 1.8882
vt -0.8521 1.8950
vt -0.9058 1.8960
vt -0.8848 1.9155
vt -0.8652 1.9316
vt -0.9141 1.9077
vt -0.2771 0.8403
vt -0.4951 0.8215
vt -0.4934 0.8008
vt -0.2822 0.8643
vt -0.5195 0.9821
vt -0.2622 0.8469
vt -0.3005 1.0069
vt -0.5195 1.4285
vt -0.2686 0.8683
vt -0.2534 0.8531
vt -0.3069 1.4087
vt -0.5005 1.5742
vt -0.2854 1.0076
vt -0.2910 1.5601
vt -0.4998 1.5923
vt -0.2864 1.5874
vt -0.2695 1.5811
vt -0.2754 1.5571
vt -0.2590 1.5742
vt -0.2905 1.4082
vt -0.2715 1.0076
vt -0.2754 1.4087
vt -0.2571 0.8691
vt -0.2539 1.0070
vt -0.2430 0.8656
vt -0.2622 1.5562
vt -0.2573 1.4094
vt -0.2474 1.5601
vt -0.2031 1.4124
vt -0.1996 1.0048
vt -0.1996 1.5684
vt -0.2446 1.5806
vt -0.2656 1.5854
vt -0.1201 1.4165
vt -0.2456 1.5962
vt -0.2734 1.6025
vt -0.1984 1.5913
vt -0.2500 1.6118
vt -0.3223 1.8115
vt -0.3054 1.8213
vt -0.1989 1.6094
vt -0.2013 1.6274
vt -0.2559 1.8491
vt -0.1263 1.6440
vt -0.1714 1.8813
vt -0.1243 1.6245
vt -0.1231 1.6050
vt -0.1224 1.5796
vt -0.0206 1.6196
vt -0.0194 1.5928
vt -0.0144 1.4224
vt -0.1160 1.0011
vt 0.0994 1.4275
vt -0.1948 0.8568
vt -0.0093 0.9966
vt -0.1155 0.8456
vt -0.2400 0.8475
vt -0.1934 0.8359
vt -0.2405 0.8335
vt -0.2590 0.8436
vt -0.1157 0.8229
vt -0.2441 0.8186
vt -0.2659 0.8281
vt -0.3044 0.6060
vt -0.2869 0.5957
vt -0.1934 0.8197
vt -0.1951 0.8030
vt -0.2375 0.5681
vt -0.1163 0.8053
vt -0.1177 0.7876
vt -0.1526 0.5386
vt -0.0104 0.8098
vt -0.0118 0.7725
vt -0.0340 0.5168
vt -0.0109 0.7913
vt 0.1055 0.7635
vt 0.0972 0.5103
vt 0.2306 0.5181
vt 0.1057 0.7827
vt 0.2240 0.7638
vt 0.3652 0.5422
vt 0.2235 0.7827
vt 0.3425 0.7736
vt 0.4883 0.5789
vt 0.2231 0.8020
vt 0.4507 0.7906
vt 0.5786 0.6145
vt 0.3413 0.7916
vt 0.5298 0.8086
vt 0.6338 0.6401
vt 0.4490 0.8073
vt 0.3406 0.8102
vt 0.1058 0.8020
vt 0.2228 0.8270
vt 0.1058 0.8269
vt -0.0100 0.8339
vt 0.1055 0.9940
vt 0.2208 0.9950
vt 0.2137 1.4302
vt 0.3398 0.8347
vt 0.3364 1.0000
vt 0.4480 0.8247
vt 0.4475 0.8480
vt 0.5278 0.8239
vt 0.5278 0.8400
vt 0.5762 0.8398
vt 0.5801 0.8267
vt 0.6538 0.6492
vt 0.6021 0.8381
vt 0.5952 0.8513
vt 0.5757 0.8534
vt 0.5894 0.8600
vt 0.5288 0.8615
vt 0.5786 0.8721
vt 0.4443 1.0071
vt 0.5298 1.0131
vt 0.3284 1.4304
vt 0.4360 1.4292
vt 0.3247 1.6035
vt 0.4312 1.5952
vt 0.2092 1.6064
vt 0.4309 1.6201
vt 0.0941 1.6030
vt 0.3247 1.6309
vt 0.2086 1.6343
vt 0.0931 1.6304
vt -0.0217 1.6406
vt 0.0925 1.6523
vt -0.0233 1.6616
vt -0.0532 1.9063
vt 0.0917 1.6738
vt 0.0782 1.9155
vt 0.2124 1.9102
vt 0.2085 1.6558
vt 0.2087 1.6763
vt 0.3481 1.8882
vt 0.3259 1.6694
vt 0.4722 1.8525
vt 0.3250 1.6509
vt 0.4329 1.6543
vt 0.5630 1.8154
vt 0.4314 1.6382
vt 0.5107 1.6362
vt 0.6177 1.7886
vt 0.5093 1.6230
vt 0.5596 1.6177
vt 0.6357 1.7808
vt 0.5820 1.6064
vt 0.5757 1.5962
vt 0.5562 1.6069
vt 0.5093 1.6074
vt 0.5566 1.5952
vt 0.5708 1.5889
vt 0.5117 1.5854
vt 0.5615 1.5771
vt 0.5215 1.4277
vt 0.5786 1.4263
vt 0.5762 1.5723
vt 0.5869 1.5718
vt 0.5776 1.5942
vt 0.5977 1.4258
vt 0.5859 1.0168
vt 0.6123 1.4255
vt 0.5928 0.8765
vt 0.6045 1.0180
vt 0.6040 0.8763
vt 0.5977 0.8541
vt 0.6187 1.0186
vt 0.6162 0.8732
vt 0.6108 0.8480
vt 0.6328 1.0185
vt 0.8081 0.8394
vt 0.8042 0.8171
vt 0.8311 1.0058
vt 0.6260 1.4258
vt 0.8110 1.4500
vt 0.7754 1.5942
vt 0.5981 1.5737
vt 0.7690 1.6123
vt 0.5884 1.5991
vt 1.0430 -1.9141
vt 1.0469 -1.9531
vt 1.0693 -1.9492
vt 1.0645 -1.9102
vt 1.0400 -1.8770
vt 1.1396 -1.9121
vt 1.1455 -1.9492
vt 1.0625 -1.8770
vt 1.2275 -1.9121
vt 1.2305 -1.9512
vt 1.1357 -1.8730
vt 1.0615 -1.8496
vt 1.0391 -1.8477
vt 1.2256 -1.8711
vt 1.1357 -1.8438
vt 1.0625 -1.8086
vt 1.0410 -1.8086
vt 1.2256 -1.8398
vt 1.0635 -1.7695
vt 1.0410 -1.7676
vt 1.1387 -1.8008
vt 1.0635 -1.7070
vt 1.0400 -1.7070
vt 1.1406 -1.7598
vt 1.2275 -1.7949
vt 1.0615 -1.6270
vt 1.0371 -1.6289
vt 1.1416 -1.6953
vt 1.2295 -1.7500
vt 1.0576 -1.5332
vt 1.0322 -1.5352
vt 1.1416 -1.6152
vt 1.0508 -1.4277
vt 1.0244 -1.4277
vt 1.1396 -1.5215
vt 1.2314 -1.6855
vt 1.2324 -1.6035
vt 1.0439 -1.3145
vt 1.0166 -1.3145
vt 1.1367 -1.4160
vt 1.0381 -1.1914
vt 1.0107 -1.1836
vt 1.1328 -1.3047
vt 1.2324 -1.5078
vt 1.2314 -1.4043
vt 1.1309 -1.1855
vt 1.0391 -1.0391
vt 1.0107 -1.0371
vt 1.0098 -0.9570
vt 1.2305 -1.2949
vt 1.0391 -0.9531
vt 1.0078 -0.9209
vt 1.1338 -1.0352
vt 1.2305 -1.1758
vt 1.0381 -0.9180
vt 1.2354 -1.0273
vt 1.1348 -0.9521
vt 1.1348 -0.9170
vt 1.2373 -0.9482
vt 1.0400 -0.8486
vt 1.0078 -0.8496
vt 1.1367 -0.8486
vt 1.0410 -0.7734
vt 1.0088 -0.7705
vt 1.0117 -0.6973
vt 1.1387 -0.7734
vt 1.0420 -0.7012
vt 1.0439 -0.6641
vt 1.0146 -0.6602
vt 1.1387 -0.7021
vt 1.2402 -0.8467
vt 1.2412 -0.7744
vt 1.2373 -0.9141
vt 1.3984 -0.8467
vt 1.3965 -0.9473
vt 1.3975 -0.9150
vt 1.3945 -1.0234
vt 1.5801 -0.9189
vt 1.5791 -0.9531
vt 1.3906 -1.1699
vt 1.5771 -1.0352
vt 1.7627 -0.9600
vt 1.3887 -1.2871
vt 1.5732 -1.1836
vt 1.7598 -1.0566
vt 1.3867 -1.3965
vt 1.5693 -1.3008
vt 1.7539 -1.2109
vt 1.3848 -1.5000
vt 1.5635 -1.4102
vt 1.3828 -1.5977
vt 1.5586 -1.5156
vt 1.7441 -1.3262
vt 1.7344 -1.4375
vt 1.5547 -1.6094
vt 1.3809 -1.6816
vt 1.7246 -1.5430
vt 1.3799 -1.7500
vt 1.5518 -1.6934
vt 1.3789 -1.7949
vt 1.5508 -1.7598
vt 1.7168 -1.6367
vt 1.7109 -1.7168
vt 1.5498 -1.8027
vt 1.3770 -1.8398
vt 1.7080 -1.7793
vt 1.3770 -1.8730
vt 1.5498 -1.8477
vt 1.7070 -1.8203
vt 1.3750 -1.9121
vt 1.3740 -1.9551
vt 1.5381 -1.9609
vt 1.5439 -1.9199
vt 1.6934 -1.9707
vt 1.5479 -1.8809
vt 1.6992 -1.9316
vt 1.7500 -1.9707
vt 1.7070 -1.8633
vt 1.7051 -1.8945
vt 1.7559 -1.9316
vt 1.7822 -1.9375
vt 1.7773 -1.9766
vt 1.7871 -1.9004
vt 1.7598 -1.8984
vt 1.7617 -1.8711
vt 1.7891 -1.8711
vt 1.7627 -1.8320
vt 1.7900 -1.8301
vt 1.7646 -1.7910
vt 1.7920 -1.7910
vt 1.7686 -1.7285
vt 1.7979 -1.7305
vt 1.7754 -1.6465
vt 1.8057 -1.6504
vt 1.7852 -1.5527
vt 1.8164 -1.5566
vt 1.7969 -1.4473
vt 1.8291 -1.4492
vt 1.8096 -1.3340
vt 1.8438 -1.3359
vt 1.8223 -1.2168
vt 1.8564 -1.2109
vt 1.8301 -1.0625
vt 1.8633 -1.0605
vt 1.8672 -0.9688
vt 1.8330 -0.9629
vt 1.8721 -0.9287
vt 1.7646 -0.9219
vt 1.8359 -0.9238
vt 1.8730 -0.8516
vt 1.8359 -0.8506
vt 1.5801 -0.8477
vt 1.7646 -0.8486
vt 1.8350 -0.7754
vt 1.8730 -0.7725
vt 1.8701 -0.6973
vt 1.3994 -0.7754
vt 1.5801 -0.7754
vt 1.7646 -0.7754
vt 1.8350 -0.7021
vt 1.7637 -0.7031
vt 1.8330 -0.6611
vt 1.8672 -0.6563
vt 1.5791 -0.7041
vt 1.7617 -0.6631
vt 1.8301 -0.5488
vt 1.8643 -0.5508
vt 1.8574 -0.3984
vt 1.7598 -0.5547
vt 1.8232 -0.3936
vt 1.8457 -0.2754
vt 1.7549 -0.4004
vt 1.8125 -0.2773
vt 1.8311 -0.1592
vt 1.7471 -0.2861
vt 1.7988 -0.1621
vt 1.8164 -0.0488
vt 1.7363 -0.1729
vt 1.7852 -0.0537
vt 1.8018 0.0493
vt 1.7256 -0.0654
vt 1.7725 0.0449
vt 1.7891 0.1313
vt 1.7148 0.0317
vt 1.7607 0.1279
vt 1.7803 0.1929
vt 1.7520 0.1909
vt 1.6982 0.1758
vt 1.7051 0.1133
vt 1.5508 0.1460
vt 1.5547 0.0835
vt 1.3945 0.1357
vt 1.5586 0.0015
vt 1.3945 0.0723
vt 1.5635 -0.0947
vt 1.3945 -0.0107
vt 1.2539 0.0825
vt 1.2568 0.1450
vt 1.2500 0.0000
vt 1.1689 0.1001
vt 1.1738 0.1626
vt 1.1621 0.0181
vt 1.0928 0.1187
vt 1.0996 0.1821
vt 1.0771 0.1836
vt 1.0693 0.1216
vt 1.0840 0.0352
vt 1.0596 0.0391
vt 1.0732 -0.0635
vt 1.0479 -0.0605
vt 1.1553 -0.0791
vt 1.0625 -0.1729
vt 1.0361 -0.1709
vt 1.2451 -0.0967
vt 1.1484 -0.1865
vt 1.0527 -0.2881
vt 1.0244 -0.2871
vt 1.3936 -0.1074
vt 1.2412 -0.2031
vt 1.1416 -0.2998
vt 1.0449 -0.4082
vt 1.0166 -0.4141
vt 1.2383 -0.3135
vt 1.0430 -0.5625
vt 1.0146 -0.5654
vt 1.1377 -0.4160
vt 1.1387 -0.5674
vt 1.1406 -0.6660
vt 1.2373 -0.4277
vt 1.2393 -0.5752
vt 1.2412 -0.6699
vt 1.2412 -0.7051
vt 1.3984 -0.7070
vt 1.3984 -0.6719
vt 1.5791 -0.6680
vt 1.3975 -0.5811
vt 1.5781 -0.5723
vt 1.3955 -0.4355
vt 1.5762 -0.4238
vt 1.3945 -0.3223
vt 1.5723 -0.3115
vt 1.3945 -0.2129
vt 1.5684 -0.2012
vt 1.8193 0.5105
vt 1.8242 0.5493
vt 1.7969 0.5139
vt 1.8018 0.5530
vt 1.8281 0.5879
vt 1.6680 0.5574
vt 1.6621 0.5173
vt 1.8047 0.5898
vt 1.5176 0.5601
vt 1.5166 0.5181
vt 1.3340 0.5186
vt 1.6719 0.5974
vt 1.5186 0.6025
vt 1.3301 0.5593
vt 1.1748 0.5134
vt 1.1699 0.5525
vt 1.1182 0.5144
vt 1.3271 0.5999
vt 1.0869 0.5488
vt 1.0908 0.5103
vt 1.1143 0.5530
vt 1.0840 0.5869
vt 1.1660 0.5913
vt 1.1113 0.5891
vt 1.1104 0.6206
vt 1.0820 0.6208
vt 1.1641 0.6262
vt 1.1094 0.6626
vt 1.0820 0.6636
vt 1.3262 0.6362
vt 1.1650 0.6709
vt 1.1084 0.7029
vt 1.0811 0.7031
vt 1.3262 0.6838
vt 1.1064 0.7644
vt 1.0781 0.7631
vt 1.1650 0.7122
vt 1.1016 0.8428
vt 1.0713 0.8400
vt 1.1631 0.7742
vt 1.3271 0.7278
vt 1.0938 0.9323
vt 1.0625 0.9296
vt 1.1602 0.8522
vt 1.0840 1.0283
vt 1.0527 1.0262
vt 1.1543 0.9410
vt 1.1475 1.0360
vt 1.0742 1.1265
vt 1.0400 1.1249
vt 1.1396 1.1331
vt 1.0645 1.2274
vt 1.0303 1.2301
vt 1.3232 1.0594
vt 1.0576 1.3311
vt 1.0234 1.3296
vt 1.0186 1.4019
vt 1.1318 1.2332
vt 1.3203 1.1543
vt 1.0527 1.4055
vt 1.0156 1.4456
vt 1.1279 1.3350
vt 1.0508 1.4487
vt 1.3184 1.2532
vt 1.1250 1.4077
vt 1.3174 1.3486
vt 1.5225 1.1656
vt 1.5234 1.2634
vt 1.3164 1.4136
vt 1.5215 1.0717
vt 1.5234 1.3560
vt 1.3164 1.4519
vt 1.5244 1.4185
vt 1.1230 1.4502
vt 1.5244 1.4561
vt 1.1230 1.5215
vt 1.3174 1.5215
vt 1.5244 1.5239
vt 1.6895 1.4551
vt 1.6895 1.4143
vt 1.6885 1.5239
vt 1.6885 1.3452
vt 1.8535 1.4507
vt 1.8525 1.4080
vt 1.6865 1.2473
vt 1.8496 1.3342
vt 1.8838 1.4478
vt 1.6826 1.1490
vt 1.8818 1.4045
vt 1.8789 1.3333
vt 1.8730 1.2346
vt 1.8447 1.2317
vt 1.8643 1.1287
vt 1.8369 1.1301
vt 1.8535 1.0300
vt 1.6787 1.0536
vt 1.8271 1.0320
vt 1.8438 0.9333
vt 1.5205 0.9769
vt 1.6748 0.9587
vt 1.8193 0.9360
vt 1.8369 0.8436
vt 1.3252 0.9646
vt 1.8125 0.8463
vt 1.8320 0.7665
vt 1.3271 0.8741
vt 1.5195 0.8855
vt 1.3271 0.7932
vt 1.5186 0.8030
vt 1.6719 0.8688
vt 1.5186 0.7356
vt 1.6709 0.7886
vt 1.5186 0.6899
vt 1.6709 0.7241
vt 1.8086 0.7678
vt 1.8301 0.7061
vt 1.8076 0.7058
vt 1.8291 0.6660
vt 1.6719 0.6809
vt 1.8066 0.6650
vt 1.8291 0.6226
vt 1.5186 0.6404
vt 1.6729 0.6338
vt 1.8066 0.6223
vt 0.7261 -0.4404
vt 0.6167 -0.0078
vt 0.6953 -0.4453
vt 0.6509 -0.0039
vt 0.5767 0.1958
vt 0.6880 -0.0029
vt 0.7578 -0.4385
vt 0.6123 0.1992
vt 0.7583 -0.0029
vt 0.8174 -0.4385
vt 0.6519 0.2002
vt 0.7261 0.2021
vt 0.8740 -0.0020
vt 0.9150 -0.4385
vt 0.8486 0.2061
vt 1.0127 -0.0010
vt 1.0322 -0.4395
vt 0.9966 0.2114
vt 1.1504 0.0000
vt 1.1494 -0.4404
vt 1.2471 -0.4414
vt 1.1445 0.2168
vt 1.2666 0.0000
vt 1.3057 -0.4434
vt 0.9902 0.3169
vt 1.3369 0.0005
vt 1.3379 -0.4443
vt 1.2686 0.2217
vt 1.4082 -0.0010
vt 1.3691 -0.4482
vt 1.3740 0.0000
vt 1.3428 0.2241
vt 1.3828 0.2261
vt 1.4189 0.2261
vt 1.2725 0.3315
vt 1.3916 0.3384
vt 1.4297 0.3389
vt 1.3506 0.3359
vt 1.4082 0.4521
vt 1.4482 0.4526
vt 1.3643 0.4487
vt 1.2822 0.4429
vt 1.4316 0.5684
vt 1.4746 0.5684
vt 1.3857 0.5637
vt 1.2998 0.5562
vt 1.4561 0.6843
vt 1.5010 0.6851
vt 1.4082 0.6787
vt 1.3184 0.6699
vt 1.4736 0.7983
vt 1.5215 0.8009
vt 1.4248 0.7920
vt 1.3330 0.7816
vt 1.4775 0.9089
vt 1.5273 0.9153
vt 1.4287 0.9016
vt 1.3379 0.8897
vt 1.4600 1.0128
vt 1.5098 1.0258
vt 1.4668 1.1247
vt 1.4141 1.0045
vt 1.3291 0.9920
vt 1.3809 1.0900
vt 1.4209 1.0998
vt 1.3975 1.2092
vt 1.3613 1.1669
vt 1.2939 1.2710
vt 1.2773 1.2186
vt 1.1553 1.3101
vt 1.3301 1.1532
vt 1.3047 1.0784
vt 1.1543 1.2524
vt 1.2549 1.1990
vt 1.2656 1.1423
vt 1.1855 0.9788
vt 1.1738 1.0691
vt 1.1875 0.8765
vt 1.0117 0.9717
vt 1.1816 0.7694
vt 1.0078 0.8688
vt 1.1709 0.6587
vt 1.0020 0.7611
vt 1.1582 0.5461
vt 0.9956 0.6497
vt 1.1475 0.4341
vt 0.9902 0.5366
vt 1.1436 0.3247
vt 0.9878 0.4248
vt 0.8374 0.3101
vt 0.8223 0.5298
vt 0.7100 0.3047
vt 0.8281 0.4170
vt 0.6333 0.3022
vt 0.6948 0.4111
vt 0.5928 0.3013
vt 0.5562 0.2983
vt 0.6147 0.4087
vt 0.5723 0.4077
vt 0.5337 0.4063
vt 0.6826 0.5254
vt 0.5977 0.5237
vt 0.5527 0.5239
vt 0.5117 0.5244
vt 0.8208 0.6448
vt 0.6743 0.6433
vt 0.8228 0.7585
vt 0.5850 0.6438
vt 0.6719 0.7607
vt 0.8286 0.8684
vt 0.6772 0.8740
vt 0.5796 0.7642
vt 0.5376 0.6453
vt 0.4937 0.6482
vt 0.5303 0.7676
vt 0.4832 0.7732
vt 0.5845 0.8809
vt 0.5342 0.8864
vt 0.4844 0.8954
vt 0.6919 0.9795
vt 0.6030 0.9883
vt 0.5542 0.9953
vt 0.5034 1.0099
vt 0.5928 1.0873
vt 0.5435 1.1108
vt 0.6372 1.0780
vt 0.6514 1.1592
vt 0.6074 1.1952
vt 0.7183 1.0688
vt 0.7358 1.2131
vt 0.7026 1.2610
vt 0.8384 1.3052
vt 0.6885 1.1453
vt 0.8604 1.2495
vt 0.9966 1.3220
vt 0.7646 1.1935
vt 0.7578 1.1354
vt 1.0068 1.2634
vt 0.8779 1.2244
vt 0.7998 1.1742
vt 1.1426 1.2272
vt 1.0107 1.2356
vt 0.8877 1.1896
vt 1.2227 1.1794
vt 1.1377 1.1927
vt 1.1533 1.1403
vt 1.0137 1.1984
vt 1.0146 1.1410
vt 1.0137 1.0646
vt 0.8740 1.1362
vt 0.8525 1.0638
vt 0.8379 0.9724
vt 1.8525 1.5225
vt 1.8848 1.5215
vt 1.8516 1.5991
vt 1.8828 1.6016
vt 1.8809 1.6777
vt 1.6875 1.5977
vt 1.8506 1.6743
vt 1.5244 1.5972
vt 1.6865 1.6699
vt 1.8496 1.7207
vt 1.8779 1.7246
vt 1.6855 1.7144
vt 1.5234 1.6675
vt 1.8467 1.8003
vt 1.8750 1.8013
vt 1.8691 1.9033
vt 1.5225 1.7090
vt 1.3174 1.6699
vt 1.3174 1.5972
vt 1.3184 1.7124
vt 1.1240 1.5977
vt 1.1250 1.6719
vt 1.1270 1.7178
vt 1.5225 1.7764
vt 1.3184 1.7827
vt 1.6846 1.7881
vt 1.5215 1.8706
vt 1.6826 1.8882
vt 1.8408 1.9058
vt 1.8594 2.0098
vt 1.5195 1.9678
vt 1.8311 2.0088
vt 1.8467 2.1123
vt 1.6777 1.9863
vt 1.8203 2.1104
vt 1.8330 2.2148
vt 1.6729 2.0840
vt 1.5176 2.0635
vt 1.8076 2.2109
vt 1.8203 2.3096
vt 1.6660 2.1826
vt 1.5156 2.1611
vt 1.7959 2.3057
vt 1.8096 2.3906
vt 1.6592 2.2744
vt 1.7861 2.3877
vt 1.8008 2.4521
vt 1.7783 2.4512
vt 1.6494 2.4180
vt 1.6533 2.3555
vt 1.5098 2.3984
vt 1.5117 2.3350
vt 1.5137 2.2539
vt 1.3330 2.3457
vt 1.3350 2.4082
vt 1.3301 2.2656
vt 1.3262 2.1729
vt 1.1758 2.3740
vt 1.1826 2.4355
vt 1.1680 2.2930
vt 1.1592 2.2002
vt 1.1104 2.3057
vt 1.1201 2.3867
vt 1.1279 2.4502
vt 1.1006 2.4512
vt 1.0918 2.3896
vt 1.0811 2.3096
vt 1.0986 2.2109
vt 1.0684 2.2148
vt 1.1494 2.1006
vt 1.0869 2.1104
vt 1.0547 2.1123
vt 1.0752 2.0078
vt 1.0420 2.0098
vt 1.3232 2.0752
vt 1.1406 2.0010
vt 1.0654 1.9063
vt 1.0313 1.9038
vt 1.3213 1.9785
vt 1.1338 1.9004
vt 1.0586 1.8003
vt 1.0244 1.8013
vt 1.0205 1.7236
vt 1.3193 1.8804
vt 1.1299 1.7959
vt 1.0557 1.7202
vt 1.0176 1.6768
vt 1.0537 1.6729
vt 1.0518 1.5977
vt 1.0146 1.5996
vt 1.0137 1.5195
vt 1.0518 1.5205
vt 2.2305 -0.8027
vt 2.1953 -0.7861
vt 2.1934 -0.8164
vt 2.1621 -0.8086
vt 2.2246 -0.7744
vt 2.2598 -0.7715
vt 2.1699 -0.7783
vt 2.1309 -0.7773
vt 2.1992 -0.7490
vt 2.2461 -0.7480
vt 2.2891 -0.7119
vt 2.2266 -0.7393
vt 2.2676 -0.6973
vt 2.3125 -0.6299
vt 2.2402 -0.7266
vt 2.2871 -0.6211
vt 2.3340 -0.5283
vt 2.2520 -0.6865
vt 2.2363 -0.6875
vt 2.3047 -0.5215
vt 2.3516 -0.4131
vt 2.2656 -0.6143
vt 2.3223 -0.4072
vt 2.3633 -0.2920
vt 2.2832 -0.5156
vt 2.2500 -0.6113
vt 2.3340 -0.2861
vt 2.3691 -0.1641
vt 2.2969 -0.4004
vt 2.2637 -0.5107
vt 2.3398 -0.1592
vt 2.3633 -0.0098
vt 2.3086 -0.2783
vt 2.2773 -0.3936
vt 2.2266 -0.5010
vt 2.2168 -0.6064
vt 2.2871 -0.2686
vt 2.2070 -0.6895
vt 2.1738 -0.7412
vt 2.1777 -0.6816
vt 2.1445 -0.7529
vt 2.1113 -0.7383
vt 2.1504 -0.7188
vt 2.1309 -0.7197
vt 2.0957 -0.6758
vt 2.1523 -0.6660
vt 2.1191 -0.6660
vt 2.0859 -0.5938
vt 2.1406 -0.7012
vt 2.1133 -0.5898
vt 2.0801 -0.4941
vt 2.1387 -0.6602
vt 2.1094 -0.4922
vt 2.0723 -0.3838
vt 2.1348 -0.5879
vt 2.1523 -0.5908
vt 2.1035 -0.3799
vt 2.0645 -0.2656
vt 2.1328 -0.4912
vt 2.0938 -0.2607
vt 2.0566 -0.1348
vt 2.1270 -0.3760
vt 2.0859 -0.1309
vt 2.0566 0.0181
vt 2.1191 -0.2549
vt 2.1504 -0.4912
vt 2.1406 -0.2500
vt 2.1113 -0.1230
vt 2.0840 0.0151
vt 2.1465 -0.3740
vt 2.1328 -0.1113
vt 2.1875 -0.2422
vt 2.1875 -0.3730
vt 2.1074 0.0151
vt 2.1836 -0.0967
vt 2.1113 0.0776
vt 2.1289 0.0327
vt 2.0977 0.0933
vt 2.0742 0.1123
vt 2.1270 0.0957
vt 2.1191 0.1196
vt 2.1035 0.1455
vt 2.1777 0.0537
vt 2.1777 0.1143
vt 2.1758 0.1475
vt 2.1719 0.1831
vt 2.2539 0.1787
vt 2.2461 0.1416
vt 2.2402 0.1084
vt 2.2988 0.1089
vt 2.3184 0.1333
vt 2.3438 0.0962
vt 2.2383 0.0474
vt 2.2891 0.0840
vt 2.3184 0.0781
vt 2.2402 -0.0986
vt 2.2891 0.0151
vt 2.3047 0.0615
vt 2.3340 -0.0107
vt 2.3105 -0.0078
vt 2.3145 -0.1494
vt 2.2910 -0.1309
vt 2.2402 -0.2490
vt 2.2344 -0.3799
vt 2.1855 -0.4941
vt 2.1816 -0.5986
vt 2.1035 2.4180
vt 2.1738 2.4229
vt 2.1699 2.4541
vt 2.2520 2.4502
vt 2.1172 2.3936
vt 2.0801 2.3789
vt 2.2461 2.4180
vt 2.0996 2.3623
vt 2.0664 2.3057
vt 2.1758 2.3867
vt 2.1250 2.3652
vt 2.3027 2.3838
vt 2.3184 2.4072
vt 2.3438 2.3643
vt 2.2441 2.3818
vt 2.3223 2.3477
vt 2.3594 2.2861
vt 2.2949 2.3535
vt 2.1777 2.3232
vt 2.2422 2.3184
vt 2.3105 2.3311
vt 2.3340 2.2822
vt 2.3613 2.1816
vt 2.2949 2.2959
vt 2.3145 2.2822
vt 2.3359 2.1846
vt 2.3145 2.1904
vt 2.2930 2.2002
vt 2.3281 2.0762
vt 2.3535 2.0723
vt 2.3086 2.0820
vt 2.3164 1.9712
vt 2.3418 1.9663
vt 2.2969 1.9756
vt 2.2871 2.0889
vt 2.2793 1.9810
vt 2.2832 1.8691
vt 2.3027 1.8652
vt 2.3262 1.8613
vt 2.2676 1.8730
vt 2.2871 1.7705
vt 2.3066 1.7642
vt 2.2695 1.7749
vt 2.2539 1.7769
vt 2.2559 1.7041
vt 2.2695 1.6958
vt 2.2852 1.6841
vt 2.2461 1.6641
vt 2.2500 1.6440
vt 2.2617 1.6250
vt 2.2422 1.7021
vt 2.2324 1.6489
vt 2.2305 1.6162
vt 2.2363 1.5928
vt 2.2109 1.6982
vt 2.1992 1.6025
vt 2.1992 1.5767
vt 2.2031 1.6387
vt 2.1699 1.6113
vt 2.1641 1.5859
vt 2.1309 1.6187
vt 2.1738 1.6475
vt 2.1426 1.6392
vt 2.1152 1.6577
vt 2.1777 1.7065
vt 2.1309 1.6724
vt 2.1035 1.7188
vt 2.1484 1.6709
vt 2.1230 1.7266
vt 2.0957 1.7983
vt 2.1387 1.6895
vt 2.1504 1.7231
vt 2.1367 1.7300
vt 2.1172 1.7998
vt 2.0918 1.8911
vt 2.1348 1.8003
vt 2.1133 1.8921
vt 2.0840 1.9922
vt 2.1504 1.7974
vt 2.1328 1.8926
vt 2.1094 1.9946
vt 2.0762 2.0947
vt 2.0996 2.0977
vt 2.0664 2.2031
vt 2.1289 1.9966
vt 2.0918 2.2061
vt 2.1211 2.1016
vt 2.0898 2.3008
vt 2.1133 2.2090
vt 2.1113 2.3457
vt 2.1094 2.2988
vt 2.1289 2.3086
vt 2.1328 2.2148
vt 2.1816 2.2217
vt 2.1406 2.1045
vt 2.2402 2.2188
vt 2.1855 2.1074
vt 2.2383 2.1016
vt 2.1465 1.9976
vt 2.1875 1.9966
vt 2.2363 1.9907
vt 2.1504 1.8916
vt 2.1855 1.8872
vt 2.2285 1.8804
vt 2.1816 1.7881
vt 2.2188 1.7808
vt 0.3938 2.8848
vt 0.4155 2.8750
vt 0.4055 2.8945
vt 0.3896 2.9082
vt 0.3982 2.8711
vt 0.4363 2.7266
vt 0.3813 2.8926
vt 0.3376 2.9297
vt 0.3821 2.8740
vt 0.4138 2.7256
vt 0.4353 2.3135
vt 0.3325 2.9102
vt 0.2510 2.9473
vt 0.3921 2.7266
vt 0.4119 2.3145
vt 0.3982 2.1885
vt 0.4167 2.1826
vt 0.3911 2.3135
vt 0.3950 2.1768
vt 0.4082 2.1660
vt 0.3928 2.1543
vt 0.3821 2.1865
vt 0.3826 2.1719
vt 0.3403 2.1348
vt 0.3313 2.3115
vt 0.3313 2.1748
vt 0.3335 2.1563
vt 0.2532 2.1182
vt 0.3311 2.7285
vt 0.2480 2.1396
vt 0.1376 2.1045
vt 0.3306 2.8867
vt 0.2421 2.3066
vt 0.2408 2.7334
vt 0.2444 2.9004
vt 0.2460 2.1602
vt 0.1292 2.3008
vt 0.1323 2.1484
vt 0.1339 2.1270
vt 0.0130 2.0977
vt 0.1274 2.7383
vt 0.0109 2.1211
vt -0.1101 2.0977
vt 0.0100 2.1416
vt 0.0087 2.2979
vt -0.1104 2.1211
vt 0.0070 2.7412
vt -0.2288 2.1270
vt -0.2307 2.1045
vt -0.1104 2.1426
vt -0.3352 2.1396
vt -0.3398 2.1172
vt -0.2277 2.1484
vt -0.1102 2.2969
vt -0.4136 2.1543
vt -0.4207 2.1338
vt -0.3330 2.1592
vt -0.4602 2.1670
vt -0.4705 2.1523
vt -0.4116 2.1709
vt -0.2253 2.2998
vt -0.3301 2.3047
vt -0.4602 2.1807
vt -0.4727 2.1719
vt -0.4863 2.1621
vt -0.4958 2.1777
vt -0.4768 2.1826
vt -0.5171 2.3086
vt -0.4133 2.3076
vt -0.4719 2.3096
vt -0.4937 2.3096
vt -0.4963 2.7227
vt -0.5195 2.7236
vt -0.4741 2.7236
vt -0.4824 2.8672
vt -0.5010 2.8711
vt -0.4153 2.7256
vt -0.4661 2.8711
vt -0.4788 2.8818
vt -0.4915 2.8906
vt -0.4761 2.9033
vt -0.4663 2.8887
vt -0.4265 2.9229
vt -0.4170 2.8818
vt -0.4197 2.9033
vt -0.3450 2.9404
vt -0.3315 2.7305
vt -0.3374 2.8945
vt -0.3401 2.9189
vt -0.2346 2.9551
vt -0.2266 2.7363
vt -0.2308 2.9063
vt -0.2324 2.9326
vt -0.1130 2.9629
vt -0.1116 2.7402
vt -0.1130 2.9141
vt -0.1131 2.9404
vt 0.0085 2.9414
vt 0.0104 2.9648
vt 0.0077 2.9150
vt 0.1318 2.9365
vt 0.1351 2.9590
vt 0.1301 2.9102
vt 0.2466 2.9248
vt -0.7354 1.5610
vt -0.7979 1.5981
vt -0.8032 1.5664
vt -0.8784 1.5981
vt -0.7505 1.5386
vt -0.7129 1.5298
vt -0.8755 1.5649
vt -0.7329 1.5137
vt -0.7026 1.4490
vt -0.8071 1.5342
vt -0.7588 1.5171
vt -0.9321 1.5396
vt -0.9463 1.5630
vt -0.9712 1.5313
vt -0.8735 1.5322
vt -0.9521 1.5132
vt -0.9941 1.4380
vt -0.9243 1.5156
vt -0.8120 1.4773
vt -0.8740 1.4744
vt -0.9409 1.4971
vt -0.9707 1.4336
vt -1.0078 1.2861
vt -0.9282 1.4517
vt -0.9502 1.4331
vt -0.9829 1.2881
vt -0.9609 1.2944
vt -0.9390 1.3081
vt -0.8848 1.3306
vt -0.9834 1.1591
vt -1.0088 1.1559
vt -0.9624 1.1638
vt -0.9419 1.1704
vt -0.9775 1.0397
vt -1.0010 1.0364
vt -0.9575 1.0435
vt -0.9390 1.0481
vt -0.9492 0.9287
vt -0.9683 0.9257
vt -0.9907 0.9229
vt -0.9326 0.9318
vt -0.9561 0.8264
vt -0.9771 0.8215
vt -0.9390 0.8303
vt -0.9424 0.7504
vt -0.9595 0.7393
vt -0.9287 0.7579
vt -0.9238 0.8313
vt -0.9253 0.6978
vt -0.9375 0.6794
vt -0.9204 0.7175
vt -0.9150 0.7551
vt -0.9082 0.7021
vt -0.9077 0.6692
vt -0.9136 0.6458
vt -0.8853 0.7501
vt -0.8794 0.6543
vt -0.8789 0.6289
vt -0.8813 0.6904
vt -0.8525 0.6616
vt -0.8481 0.6360
vt -0.8174 0.6665
vt -0.8540 0.6975
vt -0.8281 0.6875
vt -0.7998 0.7046
vt -0.8550 0.7566
vt -0.8145 0.7202
vt -0.7852 0.7654
vt -0.8315 0.7195
vt -0.8032 0.7738
vt -0.7729 0.8457
vt -0.8218 0.7378
vt -0.8296 0.7720
vt -0.8174 0.7784
vt -0.7944 0.8488
vt -0.7617 0.9427
vt -0.8257 0.8474
vt -0.7847 0.9448
vt -0.7490 1.0515
vt -0.8115 0.8500
vt -0.7729 1.0552
vt -0.7324 1.1671
vt -0.8037 0.9460
vt -0.7568 1.1719
vt -0.7144 1.2998
vt -0.7925 1.0582
vt -0.7388 1.3040
vt -0.7773 1.1765
vt -0.7261 1.4460
vt -0.7593 1.3096
vt -0.7451 1.5005
vt -0.7456 1.4451
vt -0.7632 1.4602
vt -0.7783 1.3193
vt -0.7959 1.1812
vt -0.8267 1.3301
vt -0.8403 1.1877
vt -0.8096 1.0602
vt -0.8193 0.9459
vt -0.8491 1.0616
vt -0.8931 1.1838
vt -0.8535 0.9433
vt -0.8955 1.0573
vt -0.8550 0.8398
vt -0.8940 0.9382
vt -0.8901 0.8340
vt 2.3262 1.3616
vt 2.2578 1.3943
vt 2.2539 1.3594
vt 2.1758 1.3879
vt 2.3105 1.3337
vt 2.3555 1.3240
vt 2.1836 1.3523
vt 2.3320 1.3042
vt 2.3750 1.2505
vt 2.2520 1.3228
vt 2.3027 1.3042
vt 2.1270 1.3167
vt 2.1094 1.3430
vt 2.0820 1.2988
vt 2.1875 1.3154
vt 2.1074 1.2810
vt 2.0664 1.2186
vt 2.1387 1.2861
vt 2.2520 1.2607
vt 2.1914 1.2532
vt 2.1211 1.2642
vt 2.0957 1.2150
vt 2.0664 1.1121
vt 2.1406 1.2289
vt 2.1191 1.2153
vt 2.0977 1.1171
vt 2.1230 1.1243
vt 2.1445 1.1353
vt 2.1953 1.1549
vt 2.1074 1.0086
vt 2.0781 1.0014
vt 2.1328 1.0161
vt 2.1543 1.0240
vt 2.1230 0.9023
vt 2.0938 0.8948
vt 2.1465 0.9094
vt 2.1680 0.9158
vt 2.2031 1.0394
vt 2.2109 0.9278
vt 2.1836 0.8081
vt 2.1660 0.8029
vt 2.1426 0.7965
vt 2.1152 0.7892
vt 2.2012 0.7126
vt 2.1641 0.7019
vt 2.1367 0.6924
vt 2.1836 0.7092
vt 2.1855 0.6282
vt 2.1641 0.6121
vt 2.2012 0.6394
vt 2.2090 0.5779
vt 2.1953 0.5542
vt 2.2129 0.5996
vt 2.2168 0.6389
vt 2.2266 0.5867
vt 2.2305 0.5520
vt 2.2246 0.5237
vt 2.2480 0.6372
vt 2.2617 0.5408
vt 2.2637 0.5103
vt 2.2559 0.5784
vt 2.2910 0.5503
vt 2.2988 0.5200
vt 2.3340 0.5532
vt 2.2852 0.5876
vt 2.3184 0.5774
vt 2.3516 0.5930
vt 2.2793 0.6462
vt 2.3320 0.6104
vt 2.3633 0.6558
vt 2.3105 0.6106
vt 2.3398 0.6648
vt 2.3711 0.7363
vt 2.3203 0.6284
vt 2.3066 0.6631
vt 2.3203 0.6697
vt 2.3438 0.7390
vt 2.3730 0.8307
vt 2.3203 0.7400
vt 2.3438 0.8320
vt 2.3750 0.9328
vt 2.3047 0.7368
vt 2.3203 0.8325
vt 2.3457 0.9355
vt 2.3789 1.0369
vt 2.3496 1.0403
vt 2.3828 1.1471
vt 2.3203 0.9376
vt 2.3516 1.1488
vt 2.3242 1.0436
vt 2.3008 0.8315
vt 2.3457 1.2440
vt 2.3262 1.1516
vt 2.3184 1.2866
vt 2.3223 1.2406
vt 2.3027 1.2490
vt 2.3027 1.1566
vt 2.2539 1.1603
vt 2.3027 1.0461
vt 2.2559 1.0473
vt 2.3008 0.9383
vt 2.2578 0.9360
vt 2.2637 0.8260
vt 2.2227 0.8176
vt 2.2715 0.7271
vt 2.2344 0.7183
vt 2.5898 0.9741
vt 2.5742 0.9854
vt 2.5645 0.9611
vt 2.5918 1.0029
vt 2.5840 0.9568
vt 2.5645 0.9333
vt 2.6016 0.9868
vt 2.6133 1.0118
vt 2.6074 0.9614
vt 2.6172 0.9937
vt 2.6133 0.9684
vt 2.6328 0.9935
vt 2.6367 1.0124
vt 2.6211 0.9722
vt 2.6484 0.9866
vt 2.6582 1.0035
vt 2.6777 0.9853
vt 2.6309 0.9721
vt 2.6621 0.9735
vt 2.6895 0.9599
vt 2.6387 0.9681
vt 2.6270 0.9469
vt 2.6445 0.9610
vt 2.6699 0.9558
vt 2.6484 0.9516
vt 2.6699 0.9367
vt 2.6895 0.9320
vt 2.6504 0.9416
vt 2.6641 0.9193
vt 2.6797 0.9075
vt 2.6465 0.9323
vt 2.6621 0.8899
vt 2.6406 0.9252
vt 2.6523 0.9064
vt 2.6406 0.8809
vt 2.6328 0.9214
vt 2.6367 0.8994
vt 2.6211 0.8997
vt 2.6172 0.8804
vt 2.6230 0.9216
vt 2.6055 0.9066
vt 2.5957 0.8894
vt 2.5762 0.9078
vt 2.6152 0.9255
vt 2.5918 0.9200
vt 2.6074 0.9327
vt 2.5840 0.9377
vt 2.6055 0.9421
vt 2.6035 0.9521
vt 0.7754 0.2344
vt 0.8608 0.0322
vt 0.7754 0.0322
vt 0.8608 0.2344
vt 0.7754 0.4712
vt 0.8608 0.4712
vt 0.7754 0.7300
vt 0.8608 0.7300
vt 0.7754 0.9624
vt 0.8608 0.9624
vt 0.8599 0.7334
vt 0.8599 0.9663
vt 0.7847 0.9663
vt 0.7847 0.7334
vt 0.8599 0.4746
vt 0.7847 0.4746
vt 0.7847 0.2373
vt 0.8599 0.2373
vt 0.8599 0.0347
vt 0.7847 0.0347
vt 0.2484 0.0010
vt 0.0964 0.1128
vt 0.0964 0.0010
vt 0.2484 0.1128
vt 0.4177 0.0010
vt 0.2484 0.3560
vt 0.0964 0.3560
vt 0.4177 0.1128
vt 0.5723 0.0010
vt 0.4177 0.3560
vt 0.2484 0.5491
vt 0.0964 0.5491
vt 0.4177 0.5491
vt 0.2484 0.6199
vt 0.0964 0.6199
vt 0.4177 0.6199
vt 0.2484 0.6587
vt 0.0964 0.6587
vt 0.4177 0.6587
vt 0.2484 0.6973
vt 0.0964 0.6973
vt 0.0964 0.8175
vt 0.4177 0.6973
vt 0.2484 0.8175
vt 0.0964 0.9001
vt 0.4177 0.8175
vt 0.2484 0.9001
vt 0.2484 0.9953
vt 0.0964 0.9953
vt 0.4177 0.9953
vt 0.4177 0.9001
vt 0.5723 0.9001
vt 0.5723 0.9953
vt 0.7046 0.9953
vt 0.7046 0.9001
vt 0.5723 0.8175
vt 0.7046 0.8175
vt 0.5723 0.6973
vt 0.7046 0.6973
vt 0.5723 0.6587
vt 0.7046 0.6587
vt 0.5723 0.6199
vt 0.7046 0.6199
vt 0.5723 0.5491
vt 0.7046 0.5491
vt 0.5723 0.3560
vt 0.7046 0.3560
vt 0.5723 0.1128
vt 0.7046 0.1128
vt 0.7046 0.0010
vt -0.5571 0.1387
vt -0.5107 -0.3193
vt -0.5220 0.1406
vt -0.5757 0.3730
vt -0.4785 -0.3184
vt -0.5386 0.3765
vt -0.5879 0.4902
vt -0.4841 0.1421
vt -0.4458 -0.3174
vt -0.5000 0.3760
vt -0.5503 0.4956
vt -0.6030 0.6077
vt -0.5142 0.4937
vt -0.5659 0.6157
vt -0.6240 0.7275
vt -0.5308 0.6157
vt -0.5830 0.7368
vt -0.6475 0.8475
vt -0.5415 0.7375
vt -0.6035 0.8573
vt -0.6665 0.9662
vt -0.5566 0.8566
vt -0.6191 0.9741
vt -0.6763 1.0831
vt -0.5708 0.9734
vt -0.6240 1.0859
vt -0.6704 1.1992
vt -0.4822 0.9698
vt -0.6138 1.1940
vt -0.5747 1.0853
vt -0.4861 1.0827
vt -0.5635 1.1927
vt -0.5830 1.2939
vt -0.6416 1.3103
vt -0.4766 1.1910
vt -0.5264 1.3799
vt -0.5820 1.4099
vt -0.5347 1.2893
vt -0.4841 1.4917
vt -0.3420 1.0795
vt -0.4382 1.4473
vt -0.3406 1.5469
vt -0.4846 1.3677
vt -0.4531 1.2866
vt -0.3105 1.4912
vt -0.1737 1.5679
vt -0.4067 1.4270
vt -0.4141 1.3613
vt -0.1630 1.5068
vt -0.0063 1.5522
vt -0.2922 1.4646
vt -0.3713 1.4065
vt -0.0183 1.4910
vt 0.1342 1.4976
vt -0.1605 1.4771
vt 0.1006 1.4482
vt 0.2267 1.4185
vt -0.0321 1.4646
vt 0.0741 1.4285
vt 0.1787 1.3853
vt 0.2842 1.3218
vt 0.1427 1.3730
vt 0.0409 1.4084
vt 0.2300 1.3049
vt 0.0783 1.3655
vt -0.0403 1.4270
vt -0.0302 1.3689
vt -0.1605 1.4363
vt -0.1635 1.3733
vt -0.2839 1.4263
vt -0.2993 1.3672
vt -0.1674 1.2903
vt -0.3223 1.2878
vt -0.0144 1.2910
vt -0.1703 1.1901
vt -0.3367 1.1895
vt -0.1703 1.0787
vt -0.0052 1.1931
vt 0.1110 1.2937
vt -0.3381 0.9656
vt 0.1869 1.2991
vt 0.1313 1.1986
vt 0.2150 1.2032
vt 0.0008 1.0817
vt 0.1433 1.0873
vt 0.2620 1.2059
vt 0.3162 1.2115
vt 0.2306 1.0915
vt 0.2788 1.0928
vt 0.3301 1.0914
vt 0.1511 0.9681
vt 0.2878 0.9712
vt 0.3357 0.9657
vt 0.2395 0.9711
vt 0.2891 0.8439
vt 0.3335 0.8367
vt 0.2418 0.8447
vt 0.2837 0.7153
vt 0.3254 0.7080
vt 0.2421 0.7183
vt 0.1626 0.8502
vt 0.1735 0.7251
vt 0.2759 0.5918
vt 0.3137 0.5845
vt 0.2404 0.5933
vt 0.2620 0.4775
vt 0.2991 0.4712
vt 0.1752 0.5935
vt 0.2263 0.4771
vt 0.2455 0.3696
vt 0.2820 0.3643
vt 0.1626 0.4707
vt 0.2111 0.1563
vt 0.2463 0.1528
vt 0.1835 -0.2979
vt 0.1512 -0.2969
vt 0.2075 0.3687
vt 0.1732 0.1558
vt 0.1186 -0.2988
vt 0.1436 0.3584
vt 0.1021 0.1543
vt 0.0576 -0.3008
vt 0.0432 0.4561
vt -0.0152 0.1519
vt -0.0429 -0.3057
vt 0.0178 0.3491
vt -0.1555 0.1509
vt -0.1635 -0.3096
vt -0.1458 0.3364
vt -0.2959 0.1460
vt -0.2842 -0.3135
vt -0.3848 -0.3164
vt -0.1431 0.4097
vt -0.3093 0.3530
vt -0.4131 0.1436
vt -0.4351 0.3647
vt -0.3293 0.4644
vt -0.4492 0.4844
vt -0.4651 0.6125
vt -0.3835 0.6074
vt -0.4734 0.7415
vt -0.4761 0.8575
vt -0.3440 0.7476
vt -0.3413 0.8657
vt -0.2959 0.6050
vt -0.1655 0.9668
vt -0.1591 0.8676
vt 0.0071 0.9641
vt 0.0237 0.8596
vt -0.1544 0.7916
vt 0.0539 0.7458
vt -0.2203 0.6838
vt 0.0769 0.5928
vt -0.0333 0.7024
vt -0.0648 0.5239
vt -0.0410 0.6011
vt -0.1475 0.7024
vt -0.1194 0.6492
vt -0.1801 0.6411
vt -0.1456 0.6604
vt -0.1110 0.6445
vt -0.1910 0.6177
vt -0.1052 0.6384
vt -0.1433 0.6018
vt -0.0906 0.6077
vt -0.0886 0.5974
vt -0.0945 0.5874
vt -0.1058 0.5640
vt -0.1307 0.5559
vt -0.1438 0.4692
vt -0.1403 0.5483
vt -0.2169 0.5212
vt -0.1525 0.5557
vt -0.1792 0.5632
vt -0.1941 0.5969
vt -0.1992 0.6060
vn 0.8619 -0.5071 0.0000
vn 0.0000 -0.0813 0.9967
vn -0.9991 0.0430 0.0000
vn 0.0000 -0.3649 -0.9310
vn 0.0000 -1.0000 0.0000
vn 0.0000 -0.3989 -0.9170
vn 0.9968 -0.0797 0.0000
vn 0.0000 0.0318 0.9995
vn -0.9335 -0.3587 0.0000
vn -0.0000 -0.3989 0.9170
vn -0.9968 -0.0797 0.0000
vn 0.0000 0.0318 -0.9995
vn 0.9335 -0.3587 0.0000
vn -0.8851 -0.4654 0.0000
vn 0.0000 -0.0727 -0.9974
vn 0.9993 0.0384 0.0000
vn 0.0000 -0.3306 0.9438
vn 0.3443 0.0832 -0.9352
vn 0.6220 0.2507 -0.7418
vn 0.6324 0.0995 -0.7682
vn 0.9423 0.1104 -0.3159
vn 0.3397 0.2223 -0.9139
vn 0.1537 0.1329 -0.9791
vn 0.9148 0.2664 -0.3035
vn 0.1429 0.2509 -0.9574
vn 0.0327 0.1749 -0.9840
vn 0.5265 0.6186 -0.5832
vn 0.5265 0.6187 -0.5832
vn 0.0317 0.2660 -0.9634
vn -0.0052 0.1808 -0.9835
vn 0.3200 0.5941 -0.7380
vn 0.0317 0.2660 -0.9635
vn 0.1439 0.5983 -0.7882
vn -0.0092 0.2675 -0.9635
vn 0.0388 0.5953 -0.8026
vn -0.0479 0.2797 -0.9589
vn -0.0394 0.1846 -0.9820
vn -0.0248 0.5985 -0.8007
vn -0.1513 0.2958 -0.9432
vn -0.1469 0.1778 -0.9730
vn -0.0889 0.6139 -0.7844
vn -0.1883 0.6373 -0.7473
vn -0.3475 0.2824 -0.8942
vn -0.3456 0.1122 -0.9317
vn -0.3451 0.6551 -0.6721
vn -0.3456 0.1122 -0.9316
vn -0.6120 0.3368 -0.7156
vn -0.6296 0.1492 -0.7625
vn -0.9334 0.1796 -0.3106
vn -0.5065 0.7000 -0.5034
vn -0.8837 0.3716 -0.2846
vn -0.8881 0.3755 0.2650
vn -0.9394 0.1816 0.2908
vn -0.6655 0.7239 -0.1820
vn -0.6345 0.3493 0.6895
vn -0.6559 0.1568 0.7383
vn -0.3353 0.1204 0.9344
vn -0.6560 0.1568 0.7383
vn -0.6658 0.7276 0.1654
vn -0.3480 0.2925 0.8907
vn -0.1296 0.0970 0.9868
vn -0.5174 0.7121 0.4745
vn -0.4206 0.9026 0.0917
vn -0.1462 0.2464 0.9581
vn -0.0305 0.0844 0.9960
vn -0.3522 0.6713 0.6521
vn -0.3887 0.8903 0.2372
vn -0.0428 0.2193 0.9747
vn -0.0011 0.0771 0.9970
vn -0.1940 0.6431 0.7408
vn -0.3289 0.9002 0.2854
vn -0.2229 0.9133 0.3410
vn -0.3184 0.9443 0.0833
vn -0.2345 0.9674 0.0956
vn -0.1328 0.9131 0.3855
vn -0.1521 0.9822 0.1106
vn -0.2346 0.9665 -0.1043
vn -0.1522 0.9810 -0.1203
vn -0.0533 0.9912 0.1214
vn -0.0902 0.6193 0.7800
vn -0.0428 0.9099 0.4126
vn -0.0065 0.2032 0.9791
vn -0.0248 0.6036 0.7969
vn 0.0320 0.2013 0.9790
vn -0.0010 0.0771 0.9970
vn 0.0293 0.0767 0.9966
vn 0.0404 0.5999 0.7991
vn 0.0451 0.9085 0.4155
vn 0.1347 0.2093 0.9685
vn 0.1281 0.0801 0.9885
vn 0.1504 0.6024 0.7839
vn 0.3393 0.2311 0.9119
vn 0.3339 0.0893 0.9384
vn 0.3278 0.6111 0.7205
vn 0.1495 0.9052 0.3979
vn 0.0482 0.9913 0.1228
vn 0.2840 0.8883 0.3609
vn 0.1473 0.9821 0.1172
vn 0.0482 0.9899 -0.1332
vn 0.3762 0.8705 0.3172
vn 0.2642 0.9579 0.1124
vn 0.5411 0.6327 0.5540
vn 0.4269 0.8954 0.1268
vn 0.1474 0.9808 -0.1274
vn 0.2645 0.9566 -0.1226
vn 0.6468 0.2614 0.7165
vn 0.6598 0.1046 0.7441
vn 0.9488 0.1116 0.2954
vn 0.9204 0.2694 0.2834
vn 0.7370 0.6429 0.2086
vn 0.7353 0.6386 -0.2270
vn 0.4272 0.8933 -0.1395
vn 0.3721 0.8621 -0.3440
vn 0.2804 0.8783 -0.3873
vn 0.1475 0.8930 -0.4251
vn 0.0446 0.8953 -0.4432
vn -0.0534 0.9898 -0.1318
vn -0.0423 0.8968 -0.4404
vn -0.1315 0.9014 -0.4124
vn -0.1315 0.9015 -0.4124
vn -0.2210 0.9039 -0.3662
vn -0.3264 0.8936 -0.3080
vn -0.3188 0.9434 -0.0914
vn -0.3863 0.8853 -0.2588
vn -0.4213 0.9012 -0.1016
vn -0.4724 -0.6173 0.6291
vn -0.8110 -0.4173 0.4100
vn -0.5697 -0.7155 0.4044
vn -0.2346 -0.8910 0.3887
vn -0.6807 -0.3677 0.6336
vn -0.9111 -0.0672 0.4066
vn -0.1905 -0.7626 0.6182
vn 0.1204 -0.9225 0.3668
vn -0.2267 -0.3404 0.9125
vn -0.2267 -0.3404 0.9126
vn -0.7687 -0.0729 0.6354
vn -0.8740 0.2669 0.4060
vn -0.3324 -0.2237 0.9162
vn -0.0987 -0.4069 0.9081
vn -0.3794 -0.0757 0.9221
vn 0.1060 -0.7910 0.6025
vn -0.7404 0.2058 0.6399
vn 0.3805 -0.7116 0.5907
vn 0.4514 -0.8230 0.3449
vn 0.0374 -0.4262 0.9039
vn 0.0374 -0.4262 0.9038
vn 0.5959 -0.5452 0.5896
vn 0.7090 -0.6194 0.3371
vn 0.8709 -0.3389 0.3560
vn 0.1701 -0.3965 0.9021
vn -0.0185 -0.0777 0.9968
vn 0.2789 -0.3149 0.9072
vn 0.3447 -0.2038 0.9163
vn 0.7316 -0.3127 0.6058
vn 0.9219 -0.0049 0.3874
vn 0.3599 -0.0683 0.9305
vn 0.7728 -0.0325 0.6338
vn 0.6952 0.2663 0.6677
vn 0.8331 0.3518 0.4269
vn 0.3169 0.0736 0.9456
vn 0.2175 0.1928 0.9568
vn 0.4915 0.5282 0.6924
vn 0.5892 0.6642 0.4600
vn 0.2385 0.8550 0.4605
vn 0.0771 0.2724 0.9591
vn 0.1960 0.6915 0.6952
vn -0.1548 0.8824 0.4443
vn 0.1960 0.6915 0.6953
vn -0.1363 0.7181 0.6825
vn 0.1960 0.6916 0.6952
vn -0.0820 0.2916 0.9530
vn -0.4229 0.6192 0.6616
vn -0.4955 0.7596 0.4212
vn -0.2211 0.2491 0.9429
vn -0.6200 0.4418 0.6484
vn -0.7280 0.5474 0.4127
vn -0.3170 0.1646 0.9340
vn -0.3720 0.0556 0.9266
vn -0.3388 0.5353 0.7738
vn -0.0310 0.8170 0.5758
vn -0.4216 0.6887 0.5898
vn -0.3388 0.5353 0.7737
vn -0.7215 0.4249 0.5467
vn 0.0000 0.6449 0.7643
vn 0.3565 0.7766 0.5195
vn -0.5893 0.3130 0.7448
vn -0.8709 0.1102 0.4790
vn -0.1245 0.1960 0.9727
vn 0.3197 0.6111 0.7242
vn -0.7145 0.0568 0.6973
vn -0.8884 -0.1893 0.4182
vn -0.2461 0.0994 0.9641
vn 0.0258 0.2447 0.9693
vn 0.3197 0.6111 0.7241
vn 0.0373 -0.0588 0.9976
vn -0.3152 -0.0158 0.9489
vn -0.7338 -0.1888 0.6526
vn -0.3322 -0.1295 0.9343
vn -0.6662 -0.4031 0.6274
vn -0.8055 -0.4519 0.3834
vn -0.3048 -0.2324 0.9236
vn -0.5214 -0.5847 0.6215
vn -0.6358 -0.6786 0.3677
vn -0.2282 -0.3129 0.9220
vn -0.3543 -0.8548 0.3791
vn -0.1163 -0.3612 0.9252
vn -0.2886 -0.7198 0.6314
vn 0.0418 -0.7684 0.6386
vn 0.0479 -0.9185 0.3926
vn 0.0340 -0.3706 0.9282
vn 0.0479 -0.9184 0.3926
vn 0.4059 -0.6565 0.6358
vn 0.4789 -0.7864 0.3902
vn 0.7904 -0.4903 0.3673
vn 0.1992 -0.3173 0.9272
vn 0.6680 -0.4105 0.6207
vn 0.9240 -0.1455 0.3536
vn 0.3260 -0.2141 0.9208
vn 0.7836 -0.1364 0.6061
vn 0.9259 0.1449 0.3490
vn 0.3958 -0.0914 0.9138
vn 0.9258 0.1449 0.3490
vn 0.7933 0.1035 0.6000
vn 0.4033 0.0180 0.9149
vn 0.3766 0.1122 0.9196
vn 0.7216 0.3067 0.6207
vn 0.8384 0.3912 0.3795
vn 0.2995 0.1925 0.9345
vn 0.5679 0.4849 0.6651
vn 0.6551 0.6135 0.4410
vn 0.1742 0.2459 0.9535
vn -0.7801 0.0777 0.6209
vn -0.9346 -0.2500 0.2529
vn -0.8198 -0.1830 0.5426
vn -0.9442 0.0617 0.3236
vn -0.9589 -0.2800 0.0458
vn -0.7166 0.3817 0.5837
vn -0.9954 0.0763 0.0587
vn -0.9574 -0.2836 -0.0545
vn -0.8667 0.3950 0.3045
vn -0.6008 0.6286 0.4939
vn -0.9965 0.0562 -0.0613
vn -0.9114 -0.2732 -0.3078
vn -0.8792 0.4736 0.0531
vn -0.9530 0.0017 -0.3031
vn -0.7556 -0.2541 -0.6037
vn -0.8157 -0.0247 -0.5779
vn -0.7766 0.2852 -0.5617
vn -0.9003 0.3153 -0.3000
vn -0.6834 0.5354 -0.4963
vn -0.9028 0.4242 -0.0708
vn -0.5717 0.8195 0.0400
vn -0.6309 0.7727 -0.0704
vn -0.6291 0.7305 0.2656
vn -0.2284 0.9732 0.0261
vn -0.3102 0.9195 0.2414
vn -0.7066 0.6479 -0.2847
vn -0.3307 0.9425 -0.0485
vn -0.4063 0.8658 -0.2922
vn -0.0565 0.9978 -0.0338
vn -0.1246 0.9880 -0.0911
vn -0.0434 0.9989 0.0198
vn -0.1299 0.9591 -0.2514
vn -0.4673 0.6743 -0.5717
vn -0.0081 0.9992 -0.0393
vn -0.5425 0.3465 -0.7652
vn -0.1965 0.7855 -0.5869
vn -0.5719 -0.0275 -0.8199
vn -0.5719 -0.0275 -0.8198
vn -0.5460 -0.3272 -0.7712
vn -0.2546 0.4488 -0.8566
vn -0.2831 0.0085 -0.9590
vn -0.2831 0.0085 -0.9591
vn -0.3151 -0.3794 -0.8699
vn -0.1325 0.0328 -0.9906
vn -0.1661 -0.4012 -0.9008
vn -0.1042 0.4897 -0.8656
vn -0.0645 0.8141 -0.5771
vn -0.0265 0.9708 -0.2383
vn -0.0167 0.8109 -0.5850
vn 0.0040 0.9690 -0.2469
vn 0.0034 0.9992 -0.0402
vn 0.0007 0.9998 0.0193
vn 0.0085 0.9989 -0.0470
vn -0.0843 0.9755 0.2030
vn 0.0042 0.9997 0.0225
vn -0.0118 0.9813 0.1919
vn -0.3932 0.7434 0.5411
vn -0.1565 0.8326 0.5313
vn -0.4814 0.4450 0.7552
vn -0.0514 0.8550 0.5161
vn -0.5357 0.1064 0.8377
vn -0.5812 -0.2708 0.7674
vn -0.2236 0.5299 0.8181
vn -0.2633 0.1491 0.9531
vn -0.3197 -0.3223 0.8910
vn -0.0963 0.5601 0.8228
vn -0.1275 0.1673 0.9776
vn -0.1645 -0.3416 0.9253
vn -0.0184 0.8512 0.5245
vn -0.0698 0.1688 0.9832
vn -0.0820 -0.3456 0.9348
vn -0.0466 0.5597 0.8274
vn -0.0218 0.1693 0.9853
vn -0.0101 -0.3474 0.9377
vn 0.0588 -0.3467 0.9361
vn -0.0108 0.5579 0.8298
vn -0.0108 0.5579 0.8299
vn 0.0246 0.1719 0.9848
vn 0.1207 -0.3414 0.9321
vn 0.0202 0.5627 0.8264
vn 0.0707 0.1776 0.9816
vn 0.1786 -0.3311 0.9265
vn 0.0151 0.8455 0.5337
vn 0.1252 0.1840 0.9749
vn 0.2907 -0.3080 0.9059
vn 0.0511 0.5746 0.8168
vn 0.0151 0.8456 0.5337
vn 0.2541 0.1771 0.9508
vn 0.5087 -0.1828 0.8413
vn 0.0931 0.5856 0.8052
vn 0.0281 0.8520 0.5228
vn 0.0013 0.8456 0.5338
vn 0.0083 0.9763 0.2161
vn 0.0097 0.9772 0.2119
vn 0.0035 0.9795 0.2014
vn 0.0051 0.9996 0.0276
vn 0.0018 0.9995 0.0305
vn 0.0073 0.9985 -0.0546
vn 0.0076 0.9772 0.2122
vn 0.0011 0.9996 0.0288
vn 0.0520 0.8588 0.5096
vn 0.0520 0.8589 0.5096
vn 0.0162 0.9788 0.2044
vn 0.1947 0.5233 0.8296
vn 0.1008 0.8785 0.4670
vn 0.0520 0.8589 0.5095
vn 0.4553 0.4874 0.7451
vn 0.2530 0.7190 0.6473
vn 0.5159 0.1531 0.8429
vn 0.7660 -0.1542 0.6241
vn 0.7557 0.1432 0.6391
vn 0.6691 0.4570 0.5860
vn 0.3453 0.7790 0.5234
vn 0.5355 0.6930 0.4826
vn 0.0747 0.9749 0.2099
vn 0.2650 0.9342 0.2387
vn 0.0070 0.9997 0.0243
vn 0.2650 0.9343 0.2387
vn 0.0546 0.9984 0.0168
vn 0.0112 0.9982 -0.0588
vn 0.0311 0.9978 -0.0591
vn 0.0283 0.9620 -0.2716
vn 0.0380 0.9638 -0.2640
vn 0.0237 0.9631 -0.2681
vn 0.0703 0.8140 -0.5765
vn 0.0195 0.9657 -0.2590
vn 0.0487 0.8027 -0.5944
vn 0.0703 0.8141 -0.5765
vn 0.0317 0.7997 -0.5996
vn 0.0113 0.8034 -0.5953
vn -0.0430 0.4902 -0.8705
vn -0.0017 0.4840 -0.8751
vn -0.0669 0.0364 -0.9971
vn -0.0787 -0.4100 -0.9087
vn -0.0136 0.0322 -0.9994
vn -0.0032 -0.4150 -0.9098
vn 0.0660 -0.4156 -0.9072
vn 0.0356 0.4809 -0.8761
vn 0.0380 0.0252 -0.9990
vn 0.1285 -0.4103 -0.9029
vn 0.0892 0.0191 -0.9958
vn 0.1909 -0.3957 -0.8983
vn 0.0696 0.4835 -0.8726
vn 0.1488 0.0144 -0.9888
vn 0.2962 -0.3612 -0.8842
vn 0.1119 0.4914 -0.8637
vn 0.2838 0.0137 -0.9588
vn 0.4858 -0.2980 -0.8217
vn 0.2296 0.4907 -0.8405
vn 0.5502 0.0285 -0.8345
vn 0.6904 -0.2150 -0.6907
vn 0.7871 0.0659 -0.6133
vn 0.7011 0.4500 -0.5532
vn 0.4737 0.4649 -0.7480
vn 0.1510 0.8246 -0.5452
vn 0.3557 0.7949 -0.4915
vn 0.5415 0.7249 -0.4258
vn 0.0945 0.9657 -0.2417
vn 0.2792 0.9327 -0.2284
vn 0.1066 0.9929 -0.0533
vn 0.2816 0.9581 -0.0529
vn 0.5520 0.7965 -0.2467
vn 0.8169 0.4988 -0.2896
vn 0.5482 0.8340 -0.0625
vn 0.2118 0.9772 0.0162
vn 0.8199 0.5681 -0.0704
vn 0.5549 0.7892 0.2631
vn 0.5039 0.8632 0.0313
vn 0.8144 0.4901 0.3108
vn 0.8109 0.5830 0.0501
vn 0.9273 0.1459 0.3448
vn 0.9808 0.1843 0.0631
vn 0.9201 -0.2298 0.3171
vn 0.9650 -0.2541 0.0648
vn 0.9813 0.1792 -0.0703
vn 0.9656 -0.2496 -0.0728
vn 0.8968 -0.2286 -0.3789
vn 0.9387 0.1133 -0.3257
vn 0.9525 -0.3000 -0.0513
vn 0.9724 -0.2331 0.0122
vn 0.9734 -0.2185 0.0693
vn 0.9621 -0.2636 0.0705
vn 0.2616 -0.9415 -0.2125
vn 0.9526 -0.3000 -0.0513
vn 0.9603 -0.2524 0.1191
vn 0.9668 -0.2356 0.0987
vn 0.3025 -0.9390 0.1639
vn 0.9517 -0.3006 0.0622
vn 0.9572 -0.2852 0.0498
vn 0.3123 -0.9104 0.2714
vn -0.8005 -0.5930 0.0865
vn -0.7791 -0.6097 -0.1460
vn 0.2939 -0.9422 0.1609
vn 0.3123 -0.9104 0.2713
vn -0.8168 -0.5665 0.1094
vn -0.9687 -0.2475 0.0167
vn -0.9655 -0.2559 -0.0477
vn -0.8336 -0.5481 0.0686
vn -0.9637 -0.2667 0.0112
vn -0.9620 -0.2716 -0.0292
vn -0.9690 -0.2464 0.0172
vn -0.9562 -0.2919 0.0219
vn -0.9515 -0.3074 -0.0137
vn -0.9687 -0.2460 0.0328
vn -0.9792 -0.2020 0.0199
vn -0.9598 -0.2774 0.0420
vn -0.9574 -0.2884 -0.0145
vn -0.9642 -0.2592 0.0565
vn -0.9779 -0.2067 0.0301
vn -0.9503 -0.3086 0.0424
vn -0.9481 -0.3167 -0.0300
vn -0.9502 -0.3086 0.0424
vn -0.9619 -0.2655 0.0647
vn -0.9222 -0.3841 0.0451
vn -0.9182 -0.3937 -0.0443
vn -0.9487 -0.3076 0.0726
vn -0.9669 -0.2520 0.0405
vn -0.9622 -0.2689 0.0435
vn -0.8966 -0.4408 0.0422
vn -0.8912 -0.4491 -0.0640
vn -0.9196 -0.3835 0.0850
vn -0.9033 -0.4281 0.0291
vn -0.8991 -0.4277 -0.0929
vn -0.8932 -0.4407 0.0893
vn -0.9481 -0.3142 0.0495
vn -0.9179 -0.3925 0.0589
vn -0.9002 -0.4285 0.0776
vn -0.9474 -0.3200 0.0034
vn -0.9384 -0.3155 -0.1411
vn -0.9654 -0.0159 -0.2602
vn -0.8908 -0.4501 0.0628
vn -0.9973 0.0207 -0.0706
vn -0.7920 0.4525 -0.4099
vn -0.9455 -0.3222 0.0467
vn -0.8997 -0.4327 0.0574
vn -0.8405 0.5154 -0.1671
vn -0.9448 -0.3256 0.0356
vn -0.9998 0.0178 -0.0018
vn -0.8493 0.5238 -0.0659
vn -0.9997 0.0228 -0.0026
vn -0.4314 0.8746 -0.2214
vn -0.3870 0.7606 -0.5212
vn -0.4381 0.8920 -0.1118
vn 0.0665 0.9718 -0.2263
vn 0.0656 0.8553 -0.5140
vn 0.5387 0.7398 -0.4031
vn 0.0692 0.9898 -0.1242
vn 0.5498 0.8151 -0.1827
vn 0.8705 0.4801 -0.1082
vn 0.8542 0.4337 -0.2869
vn 0.5559 0.8247 -0.1037
vn -0.4364 0.8952 -0.0902
vn 0.0713 0.9925 -0.0992
vn -0.8471 0.5288 -0.0527
vn -0.4444 0.8955 -0.0253
vn -0.9998 0.0199 -0.0031
vn -0.8520 0.5234 -0.0126
vn -0.9441 -0.3297 0.0043
vn -0.8578 0.5138 0.0154
vn -0.9999 0.0158 -0.0039
vn -0.9025 -0.4308 -0.0035
vn -0.9440 -0.3288 -0.0256
vn -0.9999 0.0138 -0.0038
vn -0.8811 -0.4713 0.0381
vn -0.8897 -0.4564 0.0068
vn -0.9441 -0.3288 -0.0256
vn -0.8982 -0.4375 -0.0420
vn -0.9458 -0.3225 -0.0392
vn -0.9170 -0.3989 0.0062
vn -0.8905 -0.4523 -0.0482
vn -0.8906 -0.4523 -0.0482
vn -0.9019 -0.4267 -0.0676
vn -0.9478 -0.3187 0.0051
vn -0.9176 -0.3949 -0.0454
vn -0.9627 -0.2705 0.0044
vn -0.9480 -0.3159 -0.0383
vn -0.8945 -0.4402 -0.0782
vn -0.9204 -0.3839 -0.0745
vn -0.9622 -0.2703 -0.0337
vn -0.9676 -0.2523 0.0040
vn -0.9491 -0.3084 -0.0640
vn -0.9786 -0.2059 0.0031
vn -0.9666 -0.2548 -0.0289
vn -0.9803 -0.1976 0.0030
vn -0.9775 -0.2102 -0.0148
vn -0.9594 -0.2762 -0.0572
vn -0.9547 -0.2920 -0.0576
vn -0.9795 -0.2013 -0.0040
vn -0.8340 -0.5518 0.0080
vn -0.8339 -0.5518 0.0080
vn -0.9618 -0.2700 -0.0447
vn 0.2939 -0.9422 0.1610
vn 0.3035 -0.9527 0.0144
vn 0.3035 -0.9527 0.0142
vn -0.8344 -0.5493 -0.0448
vn 0.3035 -0.9527 0.0143
vn -0.9690 -0.2448 -0.0337
vn 0.9514 -0.3079 0.0046
vn 0.9567 -0.2911 0.0043
vn 0.9575 -0.2846 -0.0473
vn 0.9509 -0.3038 -0.0593
vn 0.9737 -0.2151 -0.0750
vn 0.2895 -0.9485 -0.1288
vn 0.9621 -0.2573 -0.0904
vn 0.9752 -0.2193 -0.0310
vn -0.8180 -0.5632 -0.1169
vn 0.3283 -0.9126 -0.2438
vn 0.9623 -0.2688 -0.0422
vn 0.9562 -0.2883 0.0501
vn 0.9742 -0.2254 0.0099
vn 0.2719 -0.9465 0.1739
vn 0.3283 -0.9126 -0.2437
vn 0.2909 -0.9446 -0.1520
vn 0.2719 -0.9465 0.1738
vn 0.2909 -0.9446 -0.1519
vn -0.8020 -0.5881 -0.1045
vn -0.7843 -0.6109 0.1084
vn -0.9686 -0.2445 -0.0450
vn -0.9658 -0.2589 0.0146
vn -0.9628 -0.2660 -0.0468
vn -0.9613 -0.2754 -0.0108
vn -0.9549 -0.2930 -0.0474
vn -0.9544 -0.2983 -0.0137
vn -0.9599 -0.2771 -0.0421
vn -0.9602 -0.2793 0.0094
vn -0.9503 -0.3090 -0.0391
vn -0.9487 -0.3155 0.0217
vn -0.9222 -0.3846 -0.0414
vn -0.9221 -0.3846 -0.0414
vn -0.9194 -0.3919 0.0330
vn -0.8967 -0.4410 -0.0385
vn -0.9203 -0.3839 -0.0745
vn -0.8929 -0.4474 0.0505
vn -0.9037 -0.4273 -0.0267
vn -0.9011 -0.4269 0.0757
vn -0.9471 -0.3210 -0.0022
vn -0.9405 -0.3173 0.1214
vn -0.9763 -0.0153 0.2160
vn -0.9982 0.0139 0.0586
vn -0.8269 0.4513 0.3355
vn -0.8635 0.5033 0.0343
vn -0.8593 0.4925 0.1379
vn -0.4208 0.7874 0.4504
vn -0.4544 0.8710 0.1867
vn -0.8634 0.5033 0.0343
vn -0.4533 0.8910 0.0233
vn -0.4586 0.8867 0.0580
vn 0.1159 0.9750 0.1898
vn 0.1127 0.8899 0.4419
vn 0.6178 0.7185 0.3195
vn 0.1127 0.8900 0.4419
vn 0.0886 0.9957 -0.0257
vn 0.1053 0.9941 0.0267
vn 0.1181 0.9908 0.0657
vn 0.6218 0.7694 0.1462
vn 0.6219 0.7694 0.1462
vn 0.6238 0.7795 0.0578
vn 0.8916 0.4449 0.0843
vn 0.8826 0.4134 0.2237
vn 0.5851 0.8103 0.0324
vn 0.8910 0.4521 0.0403
vn 0.9613 0.2685 0.0609
vn 0.9497 0.2601 0.1742
vn 0.9732 0.1753 0.1491
vn 0.9611 0.2743 0.0311
vn 0.9830 0.1745 0.0571
vn 0.9913 0.0742 0.1091
vn 0.9614 0.2685 0.0609
vn 0.9832 0.1812 0.0233
vn 0.9964 0.0784 0.0320
vn 0.9964 0.0128 0.0839
vn 0.9965 0.0824 0.0105
vn 0.9996 0.0195 0.0211
vn 0.9975 -0.0246 0.0655
vn 0.9997 0.0233 0.0012
vn 0.9997 -0.0193 0.0129
vn 0.9923 -0.1182 0.0374
vn 0.9999 -0.0160 -0.0057
vn 0.9931 -0.1173 -0.0066
vn 0.9748 -0.2230 0.0052
vn 0.9931 -0.1139 -0.0286
vn 0.9757 -0.2176 -0.0259
vn 0.9743 -0.2165 -0.0626
vn 0.9638 -0.2645 -0.0347
vn 0.9923 -0.1228 -0.0143
vn 0.9639 -0.2661 0.0040
vn 0.9999 -0.0155 -0.0016
vn 0.9927 -0.1209 0.0019
vn 0.9634 -0.2647 0.0414
vn 0.9923 -0.1221 0.0185
vn 0.9659 -0.2475 0.0760
vn 0.9918 -0.1237 0.0318
vn 0.9745 -0.2180 0.0528
vn 0.9759 -0.2183 -0.0004
vn 0.9933 -0.1156 0.0089
vn 0.9920 -0.1146 -0.0538
vn 0.9996 -0.0199 -0.0175
vn 0.9954 -0.0284 -0.0915
vn 0.9999 -0.0161 0.0057
vn 0.9995 0.0186 -0.0267
vn 0.9943 0.0081 -0.1067
vn 0.9999 -0.0155 0.0021
vn 0.9997 0.0233 -0.0023
vn 0.9959 0.0808 -0.0398
vn 0.9879 0.0735 -0.1362
vn 0.9999 -0.0151 0.0002
vn 0.9997 0.0247 -0.0036
vn 0.9963 0.0851 -0.0137
vn 0.9880 0.0735 -0.1362
vn 0.9815 0.1773 -0.0716
vn 0.9662 0.1783 -0.1863
vn 0.9960 0.0884 -0.0112
vn 0.9595 0.2716 -0.0745
vn 0.9816 0.1773 -0.0716
vn 0.9418 0.2568 -0.2171
vn 0.9823 0.1851 -0.0291
vn 0.9594 0.2796 -0.0382
vn 0.8728 0.4842 -0.0617
vn 0.9813 0.1912 -0.0220
vn 0.9584 0.2839 -0.0299
vn 0.8691 0.4924 -0.0466
vn 0.5548 0.8283 -0.0786
vn 0.5601 0.8283 -0.0137
vn 0.8630 0.5051 -0.0074
vn 0.8715 0.4895 0.0278
vn 0.8716 0.4895 0.0278
vn 0.9572 0.2893 -0.0042
vn 0.8911 0.4521 0.0403
vn 0.9585 0.2845 0.0203
vn 0.9808 0.1949 -0.0030
vn 0.9816 0.1905 0.0157
vn 0.9958 0.0914 -0.0014
vn 0.9961 0.0881 0.0082
vn 0.9997 0.0258 -0.0004
vn 0.9997 0.0250 0.0028
vn -0.9797 -0.1990 -0.0249
vn -0.9582 -0.2783 -0.0664
vn -0.9798 -0.1983 0.0257
vn -0.9667 -0.2534 0.0350
vn -0.2779 -0.9362 -0.2153
vn -0.9693 -0.2414 0.0478
vn -0.9820 -0.1852 0.0383
vn -0.3078 -0.9409 0.1412
vn -0.9692 -0.2414 0.0478
vn -0.9716 -0.2364 0.0097
vn -0.9835 -0.1809 0.0078
vn -0.9819 -0.1852 0.0383
vn -0.9827 -0.1838 -0.0230
vn -0.3352 -0.9212 0.1977
vn -0.3078 -0.9409 0.1413
vn -0.3410 -0.9392 0.0413
vn -0.9699 -0.2417 -0.0287
vn -0.9807 -0.1905 -0.0447
vn -0.9681 -0.2444 -0.0558
vn -0.9798 -0.1980 -0.0276
vn -0.3410 -0.9391 0.0413
vn -0.3329 -0.9354 -0.1189
vn -0.3329 -0.9354 -0.1190
vn -0.9610 -0.2720 0.0495
vn -0.9799 -0.1986 0.0190
vn -0.9664 -0.2542 -0.0379
vn -0.2880 -0.9428 0.1676
vn -0.3348 -0.9139 -0.2296
vn -0.3054 -0.9402 -0.1506
vn -0.3348 -0.9139 -0.2295
vn -0.3054 -0.9402 -0.1505
vn 0.7987 -0.5922 -0.1067
vn -0.2880 -0.9429 0.1676
vn 0.7833 -0.6120 0.1092
vn 0.8158 -0.5609 -0.1409
vn 0.9754 -0.2165 -0.0416
vn 0.9729 -0.2300 0.0236
vn 0.8196 -0.5684 -0.0719
vn 0.9746 -0.2172 -0.0552
vn 0.9739 -0.2236 -0.0396
vn 0.9726 -0.2323 -0.0003
vn 0.9738 -0.2257 -0.0293
vn 0.9513 -0.3047 -0.0477
vn 0.9504 -0.3108 -0.0148
vn 0.9714 -0.2309 -0.0554
vn 0.9420 -0.3335 -0.0366
vn 0.9435 -0.3312 -0.0060
vn 0.9478 -0.3113 -0.0691
vn 0.9685 -0.2471 -0.0304
vn 0.9451 -0.3255 -0.0291
vn 0.9428 -0.3333 0.0066
vn 0.9368 -0.3424 -0.0715
vn 0.9293 -0.3673 -0.0377
vn 0.9262 -0.3757 0.0304
vn 0.9429 -0.3282 -0.0562
vn 0.9312 -0.3594 -0.0603
vn 0.9079 -0.4167 -0.0452
vn 0.9042 -0.4248 0.0437
vn 0.9080 -0.4128 -0.0711
vn 0.9081 -0.4128 -0.0711
vn 0.9039 -0.4267 -0.0297
vn 0.8986 -0.4316 0.0788
vn 0.9310 -0.3628 -0.0401
vn 0.9324 -0.3613 -0.0129
vn 0.9232 -0.3657 0.1181
vn 0.9748 -0.0964 0.2012
vn 0.9016 -0.4269 -0.0694
vn 0.9066 -0.4196 -0.0456
vn 0.9965 -0.0746 0.0375
vn 0.8418 0.4259 0.3316
vn 0.9298 -0.3641 -0.0531
vn 0.8757 0.4688 0.1155
vn 0.8977 -0.4383 -0.0445
vn 0.9967 -0.0796 -0.0171
vn 0.9230 -0.3834 -0.0334
vn 0.9062 -0.4225 0.0161
vn 0.8966 -0.4426 0.0155
vn 0.9951 -0.0978 -0.0111
vn 0.9321 -0.3620 0.0141
vn 0.9212 -0.3889 0.0105
vn 0.8796 0.4753 0.0205
vn 0.9952 -0.0977 0.0039
vn 0.8796 0.4746 0.0338
vn 0.8772 0.4802 -0.0009
vn 0.4370 0.8973 0.0627
vn 0.4314 0.9013 0.0391
vn 0.4283 0.9036 -0.0014
vn 0.8788 0.4759 -0.0342
vn 0.9961 -0.0868 0.0160
vn 0.4331 0.8991 -0.0635
vn 0.9270 -0.3714 0.0522
vn 0.8740 0.4668 -0.1348
vn 0.9963 -0.0748 -0.0427
vn 0.8993 -0.4319 0.0687
vn 0.9327 -0.3605 0.0140
vn 0.8228 0.4097 -0.3939
vn 0.9069 -0.4153 0.0706
vn 0.9646 -0.1009 -0.2435
vn 0.9189 -0.3672 -0.1444
vn 0.8963 -0.4327 -0.0971
vn 0.9040 -0.4265 0.0298
vn 0.9030 -0.4259 -0.0557
vn 0.9082 -0.4157 0.0481
vn 0.9246 -0.3788 -0.0398
vn 0.9312 -0.3592 0.0617
vn 0.9291 -0.3674 0.0416
vn 0.9416 -0.3363 -0.0163
vn 0.9435 -0.3310 0.0127
vn 0.9416 -0.3324 0.0544
vn 0.9445 -0.3263 0.0375
vn 0.9427 -0.3337 -0.0060
vn 0.9415 -0.3352 -0.0363
vn 0.9436 -0.3290 0.0365
vn 0.9502 -0.3117 0.0073
vn 0.9341 -0.3549 -0.0389
vn 0.9346 -0.3554 0.0136
vn 0.9429 -0.3309 -0.0381
vn 0.9411 -0.3380 0.0132
vn 0.9410 -0.3380 0.0132
vn 0.9359 -0.3469 0.0607
vn 0.9673 -0.2533 0.0105
vn 0.9447 -0.3221 0.0620
vn 0.9740 -0.2265 0.0100
vn 0.9695 -0.2400 0.0497
vn 0.9511 -0.3053 0.0465
vn 0.9727 -0.2320 -0.0041
vn 0.9738 -0.2240 0.0387
vn 0.9718 -0.2337 -0.0328
vn 0.9739 -0.2216 0.0483
vn 0.9756 -0.2161 0.0400
vn 0.9717 -0.2337 -0.0328
vn 0.7741 -0.6159 -0.1461
vn 0.8256 -0.5638 0.0242
vn -0.3410 -0.9392 0.0414
vn -0.3352 -0.9212 0.1976
vn 0.8174 -0.5633 0.1204
vn 0.8010 -0.5904 0.0995
vn 0.7114 -0.1706 -0.6817
vn 0.9817 -0.1900 0.0152
vn 0.9847 -0.1744 0.0023
vn 0.7094 -0.1964 -0.6769
vn 0.9787 -0.2033 0.0283
vn 0.2559 -0.1333 -0.9575
vn 0.2654 -0.1100 -0.9578
vn 0.7029 -0.2207 -0.6762
vn 0.0988 -0.1074 -0.9893
vn 0.1439 -0.0914 -0.9854
vn 0.2492 -0.1568 -0.9557
vn 0.0956 -0.1300 -0.9869
vn 0.0302 -0.0976 -0.9948
vn 0.0579 -0.0783 -0.9952
vn 0.0348 -0.0756 -0.9965
vn 0.0300 -0.1193 -0.9924
vn -0.0040 -0.0931 -0.9956
vn -0.0021 -0.0720 -0.9974
vn -0.0040 -0.1155 -0.9933
vn -0.0396 -0.0916 -0.9950
vn -0.0394 -0.0708 -0.9967
vn -0.1110 -0.0722 -0.9912
vn -0.0382 -0.1143 -0.9927
vn -0.1078 -0.0922 -0.9899
vn -0.2757 -0.0791 -0.9580
vn -0.0041 -0.1183 -0.9930
vn -0.2664 -0.0960 -0.9591
vn -0.7323 -0.0929 -0.6746
vn -0.1037 -0.1150 -0.9879
vn -0.9987 -0.0514 0.0046
vn -0.9975 -0.0704 0.0013
vn -0.7259 -0.0948 -0.6813
vn -0.2570 -0.1177 -0.9592
vn -0.7127 -0.1111 -0.6926
vn -0.9986 -0.0522 0.0077
vn -0.1028 -0.1202 -0.9874
vn -0.7099 -0.1447 -0.6893
vn -0.9943 -0.1066 0.0042
vn -0.2551 -0.1291 -0.9583
vn -0.7098 -0.1447 -0.6893
vn -0.2551 -0.1291 -0.9582
vn -0.7111 -0.2079 -0.6716
vn -0.9828 -0.1847 -0.0040
vn -0.2572 -0.1633 -0.9525
vn -0.1041 -0.1447 -0.9840
vn -0.7165 -0.2803 -0.6388
vn -0.9734 -0.2213 0.0592
vn -0.2640 -0.2233 -0.9383
vn -0.1078 -0.1970 -0.9745
vn -0.7283 -0.3250 -0.6033
vn -0.9719 -0.2188 0.0864
vn -0.2726 -0.2894 -0.9176
vn -0.1117 -0.2644 -0.9579
vn -0.7506 -0.3386 -0.5674
vn -0.9837 -0.1516 0.0970
vn -0.2847 -0.3606 -0.8882
vn -0.1161 -0.3472 -0.9306
vn -0.7842 -0.3111 -0.5369
vn -0.9962 -0.0189 0.0849
vn -0.3026 -0.4335 -0.8488
vn -0.1218 -0.4446 -0.8874
vn -0.8187 -0.1966 -0.5395
vn -0.9822 0.1858 0.0282
vn -0.9061 0.4157 -0.0785
vn -0.3277 -0.4646 -0.8226
vn -0.1313 -0.5135 -0.8480
vn -0.3523 -0.4084 -0.8421
vn -0.8055 -0.0027 -0.5926
vn -0.7205 0.6474 -0.2485
vn -0.6707 0.2244 -0.7070
vn -0.4461 0.7852 -0.4295
vn -0.4229 0.3989 -0.8136
vn -0.1898 0.8093 -0.5559
vn -0.3277 -0.2807 -0.9021
vn -0.4230 0.3989 -0.8136
vn -0.1422 -0.5214 -0.8414
vn -0.1802 0.4865 -0.8549
vn -0.2269 -0.1368 -0.9643
vn -0.1422 -0.4684 -0.8720
vn -0.0474 -0.5276 -0.8482
vn -0.0524 -0.5573 -0.8287
vn -0.0451 -0.4434 -0.8952
vn -0.0041 -0.5280 -0.8492
vn -0.0443 -0.3381 -0.9401
vn -0.0059 -0.4384 -0.8988
vn -0.0431 -0.2527 -0.9666
vn -0.0073 -0.3310 -0.9436
vn -0.0413 -0.1866 -0.9816
vn -0.0078 -0.2463 -0.9692
vn -0.0390 -0.1384 -0.9896
vn -0.0070 -0.1824 -0.9832
vn -0.0378 -0.1177 -0.9923
vn -0.0053 -0.1372 -0.9905
vn 0.0295 -0.1214 -0.9922
vn 0.0267 -0.1807 -0.9832
vn 0.0947 -0.1309 -0.9869
vn 0.0283 -0.1385 -0.9900
vn 0.2478 -0.1557 -0.9562
vn 0.0939 -0.1453 -0.9849
vn 0.7044 -0.2164 -0.6760
vn 0.9794 -0.2009 0.0205
vn 0.2478 -0.1656 -0.9546
vn 0.7097 -0.2144 -0.6711
vn 0.9825 -0.1861 0.0100
vn 0.0937 -0.1835 -0.9785
vn 0.2499 -0.1967 -0.9481
vn 0.7163 -0.2212 -0.6618
vn 0.9880 -0.1496 0.0383
vn 0.0264 -0.2415 -0.9700
vn 0.0957 -0.2396 -0.9661
vn 0.0289 -0.3227 -0.9461
vn 0.2562 -0.2429 -0.9356
vn 0.0999 -0.3152 -0.9438
vn 0.0335 -0.4297 -0.9023
vn 0.1070 -0.4164 -0.9029
vn 0.0289 -0.3227 -0.9460
vn 0.2678 -0.3058 -0.9137
vn 0.2678 -0.3058 -0.9136
vn 0.7259 -0.2306 -0.6480
vn 0.9927 -0.1141 0.0398
vn 0.7388 -0.2410 -0.6294
vn 0.9979 -0.0601 0.0257
vn 0.2857 -0.3874 -0.8765
vn 0.7551 -0.2492 -0.6064
vn 0.9999 0.0111 -0.0061
vn 0.1203 -0.4952 -0.8604
vn 0.3107 -0.4350 -0.8451
vn 0.7657 -0.2061 -0.6093
vn 0.9888 0.1268 -0.0783
vn 0.7411 -0.0715 -0.6676
vn 0.9280 0.3014 -0.2191
vn 0.3285 -0.4091 -0.8513
vn 0.6182 0.1299 -0.7752
vn 0.7499 0.5155 -0.4146
vn 0.1331 -0.5124 -0.8483
vn 0.3954 0.3096 -0.8648
vn 0.4629 0.6813 -0.5671
vn 0.1895 0.7586 -0.6234
vn 0.3032 -0.3021 -0.9038
vn 0.1732 0.4361 -0.8831
vn -0.0026 0.7898 -0.6133
vn 0.2131 -0.1627 -0.9634
vn 0.1331 -0.5124 -0.8484
vn 0.1341 -0.4685 -0.8732
vn -0.0012 0.4970 -0.8678
vn 0.1078 -0.0484 -0.9930
vn 0.1147 -0.3954 -0.9113
vn -0.1135 -0.0317 -0.9930
vn -0.0018 -0.0035 -1.0000
vn -0.0012 0.4970 -0.8677
vn 0.0689 -0.3868 -0.9196
vn -0.1201 -0.3918 -0.9122
vn -0.0740 -0.3837 -0.9205
vn -0.0585 -0.5304 -0.8457
vn -0.0020 -0.3823 -0.9240
vn -0.0023 -0.5439 -0.8391
vn -0.0028 -0.5654 -0.8248
vn -0.0585 -0.5304 -0.8458
vn 0.0531 -0.5289 -0.8470
vn 0.0458 -0.5523 -0.8324
vn 0.0389 -0.5189 -0.8540
vn 0.4341 0.8797 -0.1944
vn 0.3937 0.7791 -0.4878
vn 0.4341 0.8796 -0.1944
vn -0.1024 0.9747 -0.1987
vn -0.1013 0.8696 -0.4833
vn -0.5883 0.7080 -0.3908
vn -0.1001 0.9925 -0.0700
vn -0.6117 0.7755 -0.1563
vn -0.0910 0.9959 -0.0020
vn -0.6011 0.7966 -0.0633
vn -0.0910 0.9958 -0.0020
vn -0.5883 0.7079 -0.3908
vn -0.8932 0.4390 -0.0976
vn -0.8736 0.4057 -0.2689
vn -0.8866 0.4603 -0.0447
vn -0.5734 0.8193 -0.0036
vn -0.9709 0.2306 -0.0641
vn -0.9572 0.2182 -0.1904
vn -0.9824 0.1032 -0.1554
vn -0.8681 0.4964 -0.0044
vn -0.6011 0.7967 -0.0633
vn -0.5828 0.8115 0.0418
vn -0.0934 0.9947 0.0435
vn -0.8719 0.4887 0.0305
vn -0.1034 0.9922 0.0695
vn -0.6135 0.7873 0.0608
vn -0.8912 0.4516 0.0418
vn -0.9652 0.2616 -0.0055
vn -0.9667 0.2552 0.0189
vn -0.9691 0.2448 -0.0294
vn -0.9919 0.1267 -0.0036
vn -0.9926 0.1204 -0.0169
vn -0.9928 0.1095 -0.0493
vn -0.9921 0.0106 -0.1251
vn -0.9993 0.0376 -0.0007
vn -0.9991 0.0229 -0.0353
vn -0.9913 -0.0866 -0.0989
vn -0.9993 0.0358 -0.0054
vn -0.9969 -0.0747 -0.0263
vn -0.9821 -0.1757 -0.0677
vn -0.9989 -0.0473 0.0055
vn -0.9990 -0.0446 0.0027
vn -0.9885 -0.1495 -0.0240
vn -0.9617 -0.2394 -0.1332
vn -0.9886 -0.1500 0.0164
vn -0.9895 -0.1446 0.0073
vn -0.9885 -0.1500 0.0164
vn -0.9711 -0.2283 -0.0694
vn -0.9626 -0.2520 -0.0995
vn -0.9642 -0.2613 0.0447
vn -0.9636 -0.2670 0.0153
vn -0.9608 -0.2714 0.0562
vn -0.9615 -0.2744 0.0124
vn -0.9642 -0.2647 0.0124
vn -0.9643 -0.2647 0.0124
vn -0.9612 -0.2737 -0.0357
vn -0.9630 -0.2671 -0.0354
vn -0.9890 -0.1467 -0.0205
vn -0.9594 -0.2743 -0.0649
vn -0.9617 -0.2674 -0.0601
vn -0.9903 -0.1392 -0.0013
vn -0.9681 -0.2433 0.0605
vn -0.9623 -0.2708 -0.0256
vn -0.9647 -0.2518 0.0771
vn -0.9655 -0.2358 0.1101
vn -0.9883 -0.1431 0.0520
vn -0.9832 -0.1727 0.0592
vn -0.9985 -0.0539 0.0064
vn -0.9966 -0.0757 0.0323
vn -0.9931 -0.0823 0.0838
vn -0.9991 0.0251 0.0347
vn -0.9945 0.0146 0.1033
vn -0.9989 -0.0460 -0.0077
vn -0.9993 0.0358 0.0075
vn -0.9928 0.1110 0.0443
vn -0.9859 0.1071 0.1286
vn -0.9993 0.0362 0.0021
vn -0.9928 0.1185 0.0178
vn -0.9710 0.2325 0.0549
vn -0.9620 0.2225 0.1581
vn -0.8817 0.4149 0.2248
vn -0.9923 0.1236 0.0105
vn -0.9705 0.2393 0.0284
vn -0.8938 0.4410 0.0818
vn -0.5992 0.7291 0.3308
vn -0.6143 0.7778 0.1325
vn -0.6143 0.7779 0.1325
vn -0.1030 0.9802 0.1692
vn -0.1038 0.9052 0.4122
vn 0.4075 0.8133 0.4153
vn 0.4358 0.8847 0.1655
vn 0.3001 -0.8209 0.4858
vn 0.3001 -0.8210 0.4858
vn 0.9234 -0.3332 0.1906
vn -0.7139 -0.5898 0.3774
vn 0.3055 -0.5985 0.7406
vn 0.3001 -0.8209 0.4859
vn 0.9655 -0.2526 0.0625
vn 0.8378 -0.3560 0.4139
vn 0.9709 -0.2311 0.0620
vn 0.9710 -0.2311 0.0620
vn 0.9495 -0.2707 0.1588
vn 0.9842 -0.1208 0.1292
vn 0.9372 -0.2470 0.2464
vn 0.7130 -0.3193 0.6242
vn 0.9824 -0.0371 0.1829
vn 0.9194 -0.1514 0.3630
vn 0.9755 -0.0036 0.2200
vn 0.8886 -0.0750 0.4526
vn 0.6203 -0.2130 0.7549
vn 0.9597 0.0586 0.2747
vn 0.8541 -0.0479 0.5179
vn 0.5422 -0.1456 0.8275
vn 0.9278 0.1540 0.3398
vn 0.8015 0.0096 0.5979
vn 0.4806 -0.1182 0.8689
vn 0.1186 -0.1850 0.9756
vn 0.1547 -0.2378 0.9589
vn 0.4149 -0.0695 0.9072
vn 0.2069 -0.3822 0.9006
vn -0.5676 -0.5159 0.6416
vn -0.5676 -0.5159 0.6417
vn -0.3666 -0.3862 0.8464
vn -0.9470 -0.3045 0.1024
vn -0.8887 -0.3487 0.2976
vn -0.9545 -0.2972 0.0261
vn -0.7664 -0.3515 0.5376
vn -0.9522 -0.3032 0.0384
vn -0.9433 -0.3161 0.1016
vn -0.9533 -0.2813 0.1103
vn -0.9312 -0.3080 0.1949
vn -0.9373 -0.3245 0.1269
vn -0.9018 -0.3017 0.3094
vn -0.6568 -0.3120 0.6865
vn -0.9031 -0.3981 0.1612
vn -0.8670 -0.3372 0.3668
vn -0.8669 -0.4492 0.2160
vn -0.8019 -0.3892 0.4533
vn -0.8658 -0.4236 0.2663
vn -0.7225 -0.4249 0.5453
vn -0.5686 -0.3084 0.7626
vn -0.3774 -0.3108 0.8724
vn -0.7054 -0.3716 0.6036
vn -0.3774 -0.3108 0.8723
vn -0.7225 -0.4249 0.5454
vn -0.8863 -0.3106 0.3435
vn -0.4709 -0.3162 0.8236
vn -0.3624 -0.2291 0.9034
vn -0.0754 -0.1783 0.9811
vn -0.1170 -0.2117 0.9703
vn -0.7080 -0.2661 0.6542
vn -0.0686 -0.1096 0.9916
vn -0.7376 -0.1790 0.6511
vn -0.3917 -0.1384 0.9096
vn -0.8971 -0.0837 0.4338
vn -0.5415 0.0846 0.8364
vn -0.7287 0.3544 0.5860
vn -0.0959 -0.0245 0.9951
vn -0.2084 0.2687 0.9404
vn -0.3427 0.6066 0.7173
vn 0.1059 0.6870 0.7189
vn 0.0988 0.3248 0.9406
vn 0.5555 0.5851 0.5908
vn 0.0872 0.0248 0.9959
vn 0.4586 0.2930 0.8389
vn 0.8296 0.3297 0.4506
vn 0.0767 -0.0584 0.9953
vn 0.3928 0.0930 0.9149
vn 0.7255 0.2160 0.6535
vn 0.8934 0.2369 0.3816
vn 0.7221 0.1778 0.6685
vn 0.7383 0.0996 0.6671
vn 0.3661 0.0129 0.9305
vn 0.0814 -0.1260 0.9887
vn 0.0953 -0.1643 0.9818
vn -0.1709 -0.2263 0.9590
vn -0.1709 -0.2263 0.9589
vn -0.2299 -0.2694 0.9352
vn 0.2948 0.5217 -0.8006
vn 0.6738 0.2394 -0.6991
vn -0.1018 0.5985 -0.7946
vn 0.8436 -0.1771 -0.5069
vn 0.1561 0.1654 -0.9738
vn 0.4605 -0.0173 -0.8875
vn -0.5109 0.5076 -0.6938
vn -0.0861 0.2187 -0.9720
vn -0.7882 0.3042 -0.5349
vn -0.3951 0.2125 -0.8937
vn 0.0707 -0.0640 -0.9954
vn -0.0700 -0.0211 -0.9973
vn -0.6472 0.1789 -0.7410
vn -0.8831 0.1795 -0.4335
vn -0.3276 0.0362 -0.9441
vn -0.6629 0.1078 -0.7409
vn -0.9225 0.0736 -0.3790
vn -0.6981 0.0134 -0.7159
vn -0.3214 -0.0555 -0.9453
vn -0.9467 -0.0137 -0.3219
vn -0.7526 -0.0639 -0.6554
vn -0.9597 -0.1066 -0.2600
vn -0.8031 -0.1525 -0.5760
vn -0.8032 -0.1525 -0.5759
vn -0.3631 -0.1221 -0.9237
vn -0.4251 -0.1948 -0.8839
vn -0.8031 -0.1525 -0.5759
vn -0.8555 -0.2233 -0.4671
vn -0.9621 -0.1928 -0.1929
vn -0.5013 -0.2626 -0.8245
vn -0.9557 -0.2629 -0.1326
vn -0.8831 -0.3042 -0.3573
vn -0.5789 -0.3519 -0.7355
vn -0.9261 -0.2828 -0.2498
vn -0.8830 -0.3042 -0.3573
vn -0.9588 -0.2484 -0.1379
vn -0.9604 -0.1952 -0.1988
vn -0.9728 -0.2004 -0.1158
vn -0.9729 -0.2004 -0.1158
vn -0.7284 -0.3266 -0.6023
vn -0.8423 -0.2984 -0.4489
vn -0.9194 -0.3054 -0.2479
vn -0.2200 -0.3912 -0.8936
vn -0.3144 -0.7578 -0.5717
vn -0.3076 -0.5340 -0.7876
vn 0.6999 -0.5427 -0.4644
vn 0.5517 -0.4669 -0.6911
vn 0.5518 -0.4669 -0.6911
vn 0.9473 -0.2752 -0.1639
vn 0.5518 -0.4669 -0.6910
vn 0.3650 -0.4044 -0.8386
vn 0.9645 -0.2579 -0.0574
vn 0.8815 -0.3210 -0.3464
vn 0.9426 -0.3306 -0.0467
vn 0.9487 -0.2897 -0.1268
vn 0.7575 -0.3895 -0.5239
vn 0.9157 -0.3549 -0.1884
vn 0.9348 -0.3457 -0.0815
vn 0.8757 -0.3821 -0.2951
vn 0.9273 -0.3484 -0.1370
vn 0.6189 -0.4077 -0.6714
vn 0.8376 -0.3723 -0.3998
vn 0.8993 -0.3909 -0.1962
vn 0.8673 -0.4316 -0.2481
vn 0.7720 -0.3889 -0.5027
vn 0.8468 -0.4288 -0.3148
vn 0.6981 -0.4091 -0.5876
vn 0.8430 -0.3632 -0.3968
vn 0.6578 -0.3735 -0.6540
vn 0.6585 -0.2461 -0.7112
vn 0.6465 -0.3098 -0.6972
vn 0.3276 -0.1778 -0.9279
vn 0.3079 -0.2455 -0.9192
vn 0.0527 -0.1436 -0.9882
vn 0.3371 -0.2999 -0.8924
vn -0.0679 -0.1023 -0.9924
vn 0.0620 -0.1924 -0.9794
vn -0.0724 -0.1552 -0.9852
vn 0.4195 -0.3252 -0.8475
vn 0.0941 -0.2368 -0.9670
vn -0.0868 -0.2052 -0.9749
vn 0.5139 -0.3611 -0.7782
vn 0.1498 -0.2952 -0.9436
vn -0.0992 -0.2673 -0.9585
vn 0.2281 -0.3590 -0.9050
vn -0.1290 -0.3369 -0.9327
vn 0.6690 -0.5402 0.5105
vn 0.7269 -0.6299 0.2737
vn 0.4830 -0.6550 0.5810
vn 0.4413 -0.8577 0.2638
vn 0.4830 -0.6550 0.5811
vn 0.7360 -0.6741 0.0620
vn 0.3038 -0.7351 0.6061
vn 0.4258 -0.9032 0.0541
vn 0.7271 -0.6828 -0.0720
vn 0.7288 -0.5828 -0.3594
vn 0.3919 -0.9179 -0.0626
vn 0.6239 -0.4473 -0.6408
vn 0.4538 -0.8181 -0.3532
vn 0.4644 -0.5601 -0.6860
vn 0.2247 -0.9730 -0.0534
vn 0.2824 -0.9082 -0.3089
vn 0.3091 -0.6735 -0.6714
vn 0.2573 -0.9651 0.0494
vn 0.2191 -0.7379 -0.6384
vn 0.2738 -0.9264 0.2585
vn 0.1758 -0.9833 -0.0474
vn 0.1930 -0.9800 0.0482
vn 0.2070 -0.9447 0.2545
vn 0.2067 -0.9420 -0.2643
vn 0.1474 -0.9881 -0.0449
vn 0.1596 -0.9562 -0.2452
vn 0.1602 -0.7671 -0.6212
vn 0.1549 -0.9868 0.0470
vn 0.0948 -0.7817 -0.6164
vn 0.1027 -0.9655 -0.2393
vn 0.1596 -0.9563 -0.2452
vn 0.0996 -0.9940 -0.0447
vn 0.0167 -0.7864 -0.6175
vn 0.1020 -0.9937 0.0462
vn -0.0700 -0.7822 -0.6191
vn 0.0308 -0.9706 -0.2387
vn -0.1719 -0.7681 -0.6169
vn -0.0517 -0.9698 -0.2385
vn 0.0335 -0.9985 -0.0441
vn -0.1719 -0.7680 -0.6169
vn -0.3308 -0.7223 -0.6073
vn -0.1505 -0.9600 -0.2360
vn -0.5426 -0.6091 -0.5785
vn -0.3081 -0.9215 -0.2365
vn -0.0460 -0.9981 -0.0416
vn -0.1421 -0.9892 -0.0369
vn -0.5398 -0.8054 -0.2448
vn -0.7080 -0.4809 -0.5172
vn -0.7823 -0.5643 -0.2639
vn -0.2923 -0.9558 -0.0325
vn -0.5127 -0.8578 -0.0355
vn -0.7823 -0.5642 -0.2639
vn -0.7791 -0.6252 -0.0454
vn -0.7822 -0.6219 0.0368
vn -0.5127 -0.8579 -0.0355
vn -0.5275 -0.8490 0.0313
vn -0.7882 -0.5803 0.2050
vn -0.7881 -0.5803 0.2050
vn -0.3101 -0.9502 0.0312
vn -0.5414 -0.8167 0.1996
vn -0.7494 -0.5160 0.4149
vn -0.5812 -0.2708 0.7673
vn -0.5701 -0.6487 0.5042
vn -0.3121 -0.9261 0.2121
vn -0.3384 -0.7577 0.5580
vn -0.1532 -0.9875 0.0366
vn -0.1534 -0.9611 0.2297
vn -0.1723 -0.7935 0.5837
vn -0.0511 -0.9978 0.0420
vn -0.0536 -0.9684 0.2437
vn -0.0711 -0.7985 0.5977
vn 0.0322 -0.9985 0.0451
vn 0.0301 -0.9680 0.2493
vn 0.0157 -0.7985 0.6018
vn 0.0958 -0.7939 0.6005
vn 0.1045 -0.9626 0.2501
vn 0.1627 -0.7832 0.6001
vn 0.1640 -0.9539 0.2514
vn 0.2160 -0.7674 0.6037
vn -0.2908 0.5285 -0.7976
vn -0.6637 0.3172 -0.6774
vn 0.0656 0.5977 -0.7991
vn -0.8609 -0.0956 -0.4996
vn -0.1588 0.1915 -0.9686
vn -0.4712 0.0511 -0.8805
vn -0.8610 -0.0956 -0.4996
vn 0.4720 0.5505 -0.6886
vn 0.0656 0.5977 -0.7990
vn 0.0704 0.2363 -0.9691
vn 0.0656 0.5976 -0.7991
vn 0.7769 0.3148 -0.5453
vn 0.3792 0.2423 -0.8930
vn -0.0743 -0.0491 -0.9960
vn 0.0694 -0.0076 -0.9976
vn 0.6406 0.1761 -0.7474
vn 0.8591 0.2197 -0.4623
vn 0.3211 0.0573 -0.9453
vn 0.6424 0.1459 -0.7523
vn 0.9004 0.1470 -0.4095
vn 0.6669 0.0767 -0.7412
vn 0.3019 -0.0109 -0.9533
vn 0.0622 -0.0732 -0.9954
vn 0.9394 0.0495 -0.3392
vn 0.7365 -0.0103 -0.6764
vn 0.3468 -0.0872 -0.9339
vn 0.9599 -0.0166 -0.2799
vn 0.7909 -0.0737 -0.6074
vn 0.4036 -0.1372 -0.9046
vn 0.7910 -0.0737 -0.6074
vn 0.8325 -0.0929 -0.5462
vn 0.9686 -0.0473 -0.2440
vn 0.4660 -0.1543 -0.8712
vn 0.9771 -0.1211 -0.1751
vn 0.8783 -0.1534 -0.4528
vn 0.9708 -0.2227 -0.0891
vn 0.9146 -0.2433 -0.3231
vn 0.5407 -0.2094 -0.8147
vn 0.9644 -0.2558 -0.0668
vn 0.9317 -0.2675 -0.2456
vn 0.9460 -0.2766 -0.1689
vn 0.6486 -0.3093 -0.6954
vn 0.7978 -0.3498 -0.4912
vn 0.7977 -0.3498 -0.4912
vn 0.9083 -0.3470 -0.2336
vn 0.1644 -0.3473 -0.9232
vn 0.3035 -0.7675 -0.5646
vn 0.2838 -0.5370 -0.7944
vn 0.2838 -0.5369 -0.7945
vn 0.2616 -0.9415 -0.2126
vn -0.6970 -0.5405 -0.4711
vn -0.5338 -0.4642 -0.7068
vn -0.9368 -0.2955 -0.1871
vn -0.3164 -0.3644 -0.8759
vn -0.9498 -0.3015 -0.0830
vn -0.8566 -0.3488 -0.3802
vn -0.9439 -0.3222 -0.0720
vn -0.9295 -0.3342 -0.1561
vn -0.7052 -0.3661 -0.6072
vn -0.7051 -0.3661 -0.6072
vn -0.9078 -0.3347 -0.2526
vn -0.9450 -0.2974 -0.1362
vn -0.5953 -0.3158 -0.7389
vn -0.9310 -0.3283 -0.1596
vn -0.8738 -0.3179 -0.3679
vn -0.8931 -0.4024 -0.2011
vn -0.8340 -0.3402 -0.4345
vn -0.8531 -0.4515 -0.2615
vn -0.7597 -0.3890 -0.5212
vn -0.8490 -0.4240 -0.3152
vn -0.6757 -0.4158 -0.6087
vn -0.8649 -0.3142 -0.3915
vn -0.6568 -0.3633 -0.6608
vn -0.6787 -0.1866 -0.7103
vn -0.6553 -0.2671 -0.7066
vn -0.3378 -0.1432 -0.9303
vn -0.3109 -0.2230 -0.9239
vn -0.3248 -0.2921 -0.8996
vn -0.0565 -0.1191 -0.9913
vn -0.0630 -0.1775 -0.9821
vn -0.4100 -0.3058 -0.8593
vn -0.5044 -0.2999 -0.8097
vn -0.7596 -0.3890 -0.5212
vn -0.0944 -0.2102 -0.9731
vn 0.0653 -0.1357 -0.9886
vn -0.1400 -0.2210 -0.9652
vn 0.0733 -0.1712 -0.9825
vn -0.1937 -0.2617 -0.9455
vn -0.7051 -0.3661 -0.6073
vn 0.0889 -0.1866 -0.9784
vn 0.1138 -0.2298 -0.9666
vn 0.3298 0.6003 0.7286
vn 0.7280 0.2829 0.6245
vn -0.1070 0.6823 0.7232
vn 0.8857 -0.1653 0.4338
vn 0.1968 0.2349 0.9519
vn 0.5343 0.0140 0.8452
vn -0.5419 0.5675 0.6199
vn -0.0994 0.2981 0.9493
vn -0.8226 0.3359 0.4587
vn -0.4474 0.2759 0.8507
vn 0.0955 -0.0421 0.9945
vn -0.0851 0.0123 0.9963
vn -0.7148 0.2250 0.6621
vn -0.9104 0.1981 0.3631
vn -0.3893 0.0748 0.9181
vn -0.7317 0.1422 0.6667
vn -0.9457 0.0867 0.3134
vn -0.7669 0.0376 0.6407
vn -0.7668 0.0376 0.6407
vn -0.3893 -0.0329 0.9205
vn -0.0851 -0.0887 0.9924
vn -0.9646 -0.0026 0.2638
vn -0.8163 -0.0445 0.5759
vn -0.7668 0.0376 0.6408
vn -0.4377 -0.1071 0.8927
vn -0.9728 -0.0961 0.2106
vn -0.8639 -0.1279 0.4872
vn -0.5053 -0.1793 0.8441
vn -0.0938 -0.1493 0.9843
vn -0.1143 -0.2017 0.9728
vn -0.5775 -0.2595 0.7740
vn -0.9011 -0.2103 0.3792
vn -0.9711 -0.1824 0.1539
vn -0.6601 -0.3465 0.6664
vn -0.9618 -0.2549 0.0996
vn -0.9167 -0.2873 0.2775
vn -0.9168 -0.2873 0.2775
vn -0.9648 -0.2428 0.1006
vn -0.9450 -0.2704 0.1841
vn -0.9766 -0.1978 0.0847
vn -0.9714 -0.1885 0.1443
vn -0.7933 -0.3234 0.5158
vn -0.8828 -0.2983 0.3629
vn -0.9363 -0.2997 0.1829
vn -0.2711 -0.4293 0.8615
vn -0.3168 -0.8102 0.4931
vn -0.2880 -0.9428 0.1677
vn -0.3389 -0.5985 0.7259
vn -0.3168 -0.8102 0.4932
vn 0.7188 -0.5760 0.3893
vn 0.5822 -0.5134 0.6304
vn 0.9557 -0.2715 0.1140
vn 0.4143 -0.4364 0.7987
vn 0.9658 -0.2572 0.0318
vn 0.9071 -0.3227 0.2704
vn 0.9450 -0.3266 0.0193
vn 0.9546 -0.2862 0.0824
vn 0.8055 -0.3901 0.4461
vn 0.9286 -0.3466 0.1326
vn 0.9405 -0.3362 0.0485
vn 0.9021 -0.3667 0.2276
vn 0.9363 -0.3365 0.1008
vn 0.6852 -0.4046 0.6057
vn 0.8759 -0.3554 0.3264
vn 0.9106 -0.3825 0.1567
vn 0.8808 -0.4288 0.2009
vn 0.8199 -0.3886 0.4205
vn 0.8652 -0.4282 0.2610
vn 0.7573 -0.4115 0.5071
vn 0.5870 -0.3588 0.7258
vn 0.8706 -0.3626 0.3326
vn 0.8705 -0.3626 0.3326
vn 0.7187 -0.3849 0.5790
vn 0.7334 -0.2453 0.6340
vn 0.7334 -0.2453 0.6339
vn 0.7152 -0.3183 0.6222
vn 0.3968 -0.1798 0.9001
vn 0.3750 -0.2617 0.8893
vn 0.0736 -0.1418 0.9872
vn 0.4061 -0.3136 0.8583
vn 0.0851 -0.1970 0.9767
vn 0.4879 -0.3394 0.8042
vn 0.1227 -0.2405 0.9629
vn 0.1869 -0.2976 0.9362
vn -0.1363 -0.2657 0.9544
vn -0.6602 -0.3465 0.6664
vn 0.2728 -0.3731 0.8868
vn -0.1756 -0.3514 0.9196
vn -0.5752 0.5434 0.6114
vn -0.6830 0.6327 0.3651
vn -0.8651 0.3397 0.3691
vn -0.3814 0.8483 0.3673
vn -0.7299 0.3004 0.6140
vn -0.9232 0.0176 0.3839
vn -0.3211 0.7217 0.6132
vn 0.0000 0.9294 0.3691
vn -0.2772 0.2882 0.9166
vn 0.0000 0.7889 0.6145
vn -0.1529 0.3687 0.9169
vn 0.3211 0.7217 0.6132
vn 0.3814 0.8483 0.3673
vn 0.0000 0.3982 0.9173
vn 0.5752 0.5434 0.6114
vn 0.6830 0.6327 0.3651
vn 0.8651 0.3397 0.3691
vn 0.1529 0.3687 0.9169
vn 0.7299 0.3004 0.6140
vn 0.9232 0.0176 0.3839
vn 0.2772 0.2882 0.9166
vn 0.0000 0.0498 0.9988
vn 0.3556 0.1746 0.9182
vn 0.7799 0.0316 0.6251
vn 0.3817 0.0460 0.9231
vn 0.7266 -0.2354 0.6454
vn 0.7266 -0.2354 0.6455
vn 0.8606 -0.3024 0.4097
vn 0.3543 -0.0820 0.9315
vn 0.5703 -0.4740 0.6708
vn 0.6760 -0.5895 0.4421
vn 0.2752 -0.1939 0.9416
vn 0.3760 -0.7982 0.4706
vn 0.1514 -0.2725 0.9502
vn 0.3174 -0.6474 0.6929
vn -0.0000 -0.8761 0.4822
vn 0.0000 -0.3013 0.9535
vn -0.0000 -0.7124 0.7018
vn -0.3174 -0.6474 0.6929
vn -0.3760 -0.7982 0.4706
vn -0.1514 -0.2725 0.9502
vn -0.5703 -0.4740 0.6708
vn -0.6760 -0.5895 0.4421
vn -0.5703 -0.4740 0.6709
vn -0.8606 -0.3024 0.4097
vn -0.2752 -0.1939 0.9416
vn -0.5704 -0.4740 0.6708
vn -0.7266 -0.2354 0.6454
vn -0.7266 -0.2354 0.6455
vn -0.3543 -0.0820 0.9315
vn -0.7799 0.0316 0.6251
vn -0.3817 0.0460 0.9231
vn -0.3556 0.1746 0.9182
vn 0.0482 0.1905 0.9805
vn 0.0583 0.1854 0.9809
vn 0.0563 0.1873 0.9807
vn 0.0650 0.1934 0.9790
vn 0.0459 0.1946 0.9798
vn -0.0055 0.1572 0.9875
vn -0.0055 0.1572 0.9876
vn -0.0144 0.1530 0.9881
vn -0.0105 0.1528 0.9882
vn -0.0183 0.1506 0.9884
vn -0.0205 0.1533 0.9880
vn -0.0292 0.1403 0.9897
vn -0.0401 0.1340 0.9902
vn -0.0726 -0.0000 -0.9974
vn -0.0868 -0.0000 -0.9962
vn -0.0710 0.0000 -0.9975
vn -0.0065 -0.0000 -1.0000
vn -0.0062 -0.0000 -1.0000
vn 0.0069 -0.0000 -1.0000
vn 0.0135 0.0000 -0.9999
vn -0.0156 0.0000 -0.9999
vn -0.0221 0.2255 0.9740
vn -0.0118 0.2356 0.9718
vn -0.0231 0.4388 0.8983
vn -0.0659 0.4572 0.8869
vn 0.0119 0.2445 0.9696
vn 0.0244 0.4418 0.8968
vn -0.0601 0.6273 0.7764
vn -0.1077 0.6449 0.7566
vn 0.0176 0.6235 0.7816
vn -0.0962 0.7815 0.6165
vn -0.1623 0.7836 0.5997
vn -0.0003 0.7860 0.6182
vn -0.0376 0.7052 0.7080
vn -0.1641 0.9480 0.2726
vn -0.2807 0.9335 0.2231
vn -0.0151 0.9574 0.2883
vn -0.2203 0.9397 -0.2615
vn -0.3645 0.9043 -0.2222
vn -0.2937 0.5263 -0.7980
vn -0.0423 0.9587 -0.2811
vn -0.1603 0.4953 -0.8538
vn -0.1233 0.0462 -0.9913
vn -0.0357 0.4818 -0.8756
vn -0.0704 0.0177 -0.9974
vn -0.0074 0.0239 -0.9997
vn 0.0088 0.0008 -1.0000
vn 0.0193 0.0367 -0.9991
vn 0.0236 0.3364 -0.9414
vn 0.1558 0.4371 -0.8858
vn 0.1013 0.9733 -0.2061
vn 0.1349 0.8304 -0.5406
vn 0.1747 0.9593 -0.2219
vn 0.0910 0.9487 0.3028
vn 0.0918 0.9349 0.3429
vn 0.0474 0.7839 0.6190
vn 0.0621 0.7595 0.6475
vn 0.0465 0.6427 0.7647
vn 0.0736 0.6110 0.7882
vn 0.0597 0.4441 0.8940
vn 0.0640 0.4410 0.8952
vn 0.0505 0.2649 0.9630
vn 0.0505 0.2649 0.9629
vn 0.0459 0.2712 0.9614
vn -0.7162 0.0164 0.6977
vn -0.7210 -0.0115 0.6928
vn -0.7168 0.0252 0.6968
vn -0.2548 0.0568 0.9653
vn -0.2705 0.0338 0.9621
vn -0.2732 0.0690 0.9595
vn -0.7379 -0.0268 0.6744
vn -0.2987 0.0409 0.9535
vn -0.7496 -0.0689 0.6583
vn -0.3144 0.0377 0.9486
vn -0.6947 -0.0553 0.7172
vn -0.2820 0.0672 0.9571
vn -0.3144 0.0377 0.9485
vn -0.6884 -0.0194 0.7251
vn -0.2589 0.1170 0.9588
vn -0.7019 0.0832 0.7074
vn -0.2647 0.2075 0.9417
vn -0.7160 0.2407 0.6553
vn -0.1052 0.2324 0.9669
vn -0.7161 0.4276 0.5517
vn -0.2827 0.3404 0.8968
vn -0.1117 0.3453 0.9318
vn -0.3034 0.4820 0.8219
vn -0.3034 0.4820 0.8220
vn -0.6811 0.6155 0.3967
vn -0.6811 0.6154 0.3967
vn -0.1251 0.4619 0.8781
vn -0.5689 0.8003 0.1895
vn -0.3200 0.6212 0.7153
vn -0.0361 0.3383 0.9403
vn -0.3763 0.9264 -0.0168
vn -0.2977 0.7623 0.5747
vn -0.1386 0.5727 0.8080
vn -0.3763 0.9263 -0.0168
vn -0.1805 0.9686 -0.1711
vn -0.2168 0.8756 0.4317
vn -0.1410 0.6868 0.7131
vn -0.0036 0.9689 -0.2473
vn -0.1177 0.9368 0.3295
vn -0.1243 0.7697 0.6261
vn 0.1856 0.9577 -0.2201
vn -0.0044 0.9575 0.2884
vn 0.4210 0.9020 -0.0956
vn 0.1137 0.9403 0.3208
vn 0.1856 0.9576 -0.2201
vn 0.2279 0.8771 0.4228
vn 0.6491 0.7522 0.1133
vn 0.3258 0.7494 0.5764
vn 0.1197 0.7641 0.6338
vn 0.7609 0.5502 0.3441
vn 0.1415 0.6747 0.7244
vn 0.0709 0.7768 0.6257
vn 0.0531 0.6404 0.7662
vn -0.0050 0.7831 0.6219
vn -0.0043 0.6355 0.7721
vn -0.0787 0.7792 0.6219
vn -0.0787 0.7791 0.6219
vn -0.0597 0.6469 0.7602
vn -0.0025 0.5312 0.8472
vn -0.0502 0.5420 0.8389
vn 0.0473 0.5327 0.8450
vn -0.0000 0.4367 0.8996
vn -0.0426 0.4448 0.8946
vn 0.0024 0.3340 0.9426
vn 0.0449 0.4347 0.8995
vn 0.1419 0.5534 0.8207
vn -0.0325 0.2441 0.9692
vn 0.3480 0.5932 0.7260
vn 0.1304 0.4419 0.8875
vn 0.3221 0.4541 0.8307
vn 0.0437 0.3293 0.9432
vn 0.1195 0.3298 0.9364
vn 0.1195 0.3298 0.9365
vn 0.7687 0.3820 0.5130
vn 0.2938 0.3271 0.8982
vn 0.7445 0.2430 0.6219
vn 0.1135 0.2323 0.9660
vn 0.7244 0.1294 0.6771
vn 0.2768 0.2162 0.9363
vn 0.7445 0.2430 0.6218
vn 0.7095 0.0459 0.7032
vn 0.2733 0.1364 0.9522
vn 0.7108 -0.0114 0.7033
vn 0.7107 -0.0114 0.7034
vn 0.2872 0.0800 0.9545
vn 0.1254 0.1617 0.9788
vn 0.1384 0.1004 0.9853
vn 0.7411 -0.0728 0.6675
vn 0.3092 0.0322 0.9505
vn 0.7281 -0.0935 0.6791
vn 0.1360 0.0621 0.9888
vn 0.2998 0.0141 0.9539
vn 0.7083 -0.0851 0.7007
vn 0.1317 0.0485 0.9901
vn 0.7057 -0.0813 0.7038
vn 0.7054 -0.0821 0.7041
vn 0.2803 0.0245 0.9596
vn 0.2582 0.0209 0.9659
vn 0.2657 0.0091 0.9640
vn 0.1207 0.0571 0.9910
vn 0.0979 0.0501 0.9939
vn 0.1026 0.0374 0.9940
vn 0.0500 0.0564 0.9972
vn 0.0213 0.0604 0.9979
vn 0.0257 0.0495 0.9984
vn 0.0357 0.0646 0.9973
vn 0.0035 0.0598 0.9982
vn 0.0023 0.0519 0.9987
vn 0.0012 0.0558 0.9984
vn -0.0162 0.0639 0.9978
vn 0.0023 0.0518 0.9987
vn -0.0261 0.0494 0.9984
vn -0.1031 0.0460 0.9936
vn 0.0004 0.0447 0.9990
vn -0.0316 0.0708 0.9970
vn -0.0918 0.0634 0.9938
vn -0.1143 0.0770 0.9905
vn -0.0467 0.0578 0.9972
vn -0.1310 0.0575 0.9897
vn -0.1429 0.0622 0.9878
vn -0.0663 0.0716 0.9952
vn -0.1298 0.1031 0.9862
vn -0.1145 0.1546 0.9813
vn -0.0418 0.1153 0.9924
vn -0.0387 0.1753 0.9838
vn -0.0387 0.1753 0.9837
vn 0.0326 0.0786 0.9964
vn 0.0042 0.2453 0.9694
vn 0.0052 0.1872 0.9823
vn 0.0435 0.2391 0.9700
vn 0.0471 0.1804 0.9825
vn 0.0019 0.1327 0.9912
vn 0.0550 0.1149 0.9919
vn 0.0640 -0.0294 0.9975
vn -0.0418 0.1153 0.9925
vn 0.0624 0.0699 0.9956
vn -0.0232 0.0581 0.9980
vn -0.0884 0.1554 0.9839
vn -0.1484 0.1079 0.9830
vn 0.0163 -0.1038 0.9945
vn 0.1954 -0.4221 0.8852
vn 0.1959 -0.1727 0.9653
vn 0.0434 -0.3055 0.9512
vn -0.1343 -0.1124 0.9845
vn 0.2202 -0.2738 0.9362
vn -0.4867 0.3038 0.8191
vn 0.0096 0.0765 0.9970
vn -0.1343 -0.1124 0.9846
vn -0.3262 -0.3182 0.8901
vn -0.3865 0.3131 0.8675
vn 0.0097 0.0765 0.9970
vn -0.2503 0.5608 0.7892
vn -0.2292 0.3077 0.9235
vn -0.4892 0.2899 0.8226
vn 0.0039 0.1400 0.9901
vn -0.1786 0.3646 0.9139
vn 0.0911 0.1770 0.9800
vn 0.4134 0.3147 0.8544
vn -0.1786 0.3647 0.9139
vn 0.2255 0.3219 0.9195
vn 0.2402 0.5422 0.8052
vn 0.2366 0.1603 0.9583
vn 0.2367 0.1603 0.9583
usemtl red_dark_wood_Inst
s 1
f 1264/1/1 1265/2/1 1266/3/1
f 1265/2/1 1264/1/1 1267/4/1
f 1268/5/2 1266/6/2 1265/7/2
f 1266/6/2 1268/5/2 1269/8/2
f 1270/9/3 1271/10/3 1268/11/3
f 1268/11/3 1271/10/3 1269/12/3
f 1267/13/4 1264/14/4 1270/15/4
f 1271/16/4 1270/15/4 1264/14/4
f 1269/17/5 1271/18/5 1264/19/5
f 1269/17/5 1264/19/5 1266/20/5
f 1272/21/6 1273/22/6 1274/23/6
f 1273/22/6 1272/21/6 1275/24/6
f 1275/25/7 1276/26/7 1277/27/7
f 1276/26/7 1275/25/7 1272/28/7
f 1278/29/8 1276/30/8 1279/31/8
f 1276/30/8 1278/29/8 1277/32/8
f 1274/33/9 1273/34/9 1279/35/9
f 1279/35/9 1273/34/9 1278/36/9
f 1278/37/5 1273/38/5 1277/39/5
f 1273/38/5 1275/40/5 1277/39/5
f 1280/41/10 1281/42/10 1282/43/10
f 1281/42/10 1280/41/10 1283/44/10
f 1284/45/11 1283/46/11 1280/47/11
f 1283/46/11 1284/45/11 1285/48/11
f 1286/49/12 1287/50/12 1284/51/12
f 1285/52/12 1284/51/12 1287/50/12
f 1282/53/13 1281/54/13 1286/55/13
f 1287/56/13 1286/55/13 1281/54/13
f 1285/57/5 1281/58/5 1283/59/5
f 1281/58/5 1285/57/5 1287/60/5
f 1288/61/14 1289/62/14 1290/63/14
f 1289/62/14 1288/61/14 1291/64/14
f 1292/65/15 1291/66/15 1288/67/15
f 1291/66/15 1292/65/15 1293/68/15
f 1293/69/16 1292/70/16 1294/71/16
f 1292/70/16 1295/72/16 1294/71/16
f 1289/73/17 1295/74/17 1290/75/17
f 1294/76/17 1295/74/17 1289/73/17
f 1291/77/5 1293/78/5 1289/79/5
f 1289/79/5 1293/78/5 1294/80/5
usemtl green_fabric_Inst
f 1296/81/18 1297/82/19 1298/83/20
f 1297/82/19 1299/84/21 1298/83/20
f 1296/81/18 1300/85/22 1297/82/19
f 1301/86/23 1300/85/22 1296/81/18
f 1299/84/21 1297/82/19 1302/87/24
f 1303/88/25 1300/85/22 1301/86/23
f 1304/89/26 1303/88/25 1301/86/23
f 1300/85/22 1305/90/27 1297/82/19
f 1305/90/28 1302/87/24 1297/82/19
f 1306/91/29 1303/88/25 1304/89/26
f 1307/92/30 1306/91/29 1304/89/26
f 1303/88/25 1308/93/31 1300/85/22
f 1300/85/22 1308/93/31 1305/90/27
f 1306/91/32 1309/94/33 1303/88/25
f 1303/88/25 1309/94/33 1308/93/31
f 1310/95/34 1306/91/29 1307/92/30
f 1311/96/35 1309/94/33 1306/91/29
f 1310/95/34 1311/96/35 1306/91/32
f 1307/92/30 1312/97/36 1310/95/34
f 1312/97/36 1307/92/30 1313/98/37
f 1314/99/38 1311/96/35 1310/95/34
f 1313/98/37 1315/100/39 1312/97/36
f 1315/100/39 1313/98/37 1316/101/40
f 1317/102/41 1310/95/34 1312/97/36
f 1310/95/34 1317/102/41 1314/99/38
f 1318/103/42 1312/97/36 1315/100/39
f 1312/97/36 1318/103/42 1317/102/41
f 1316/101/40 1319/104/43 1315/100/39
f 1319/104/43 1316/101/40 1320/105/44
f 1315/100/39 1321/106/45 1318/103/42
f 1321/106/45 1315/100/39 1319/104/43
f 1320/105/46 1322/107/47 1319/104/43
f 1322/107/47 1320/105/46 1323/108/48
f 1323/108/48 1324/109/49 1322/107/47
f 1325/110/50 1319/104/43 1322/107/47
f 1319/104/43 1325/110/50 1321/106/45
f 1326/111/51 1322/107/47 1324/109/49
f 1325/110/50 1322/107/47 1326/111/51
f 1327/112/52 1326/111/51 1324/109/49
f 1327/112/52 1324/109/49 1328/113/53
f 1329/114/54 1325/110/50 1326/111/51
f 1328/113/53 1330/115/55 1327/112/52
f 1330/115/55 1328/113/53 1331/116/56
f 1332/117/57 1330/115/55 1331/116/58
f 1326/111/51 1327/112/52 1333/118/59
f 1333/118/59 1329/114/54 1326/111/51
f 1330/115/55 1332/117/57 1334/119/60
f 1332/117/57 1335/120/61 1334/119/60
f 1336/121/62 1327/112/52 1330/115/55
f 1327/112/52 1336/121/62 1333/118/59
f 1334/119/60 1336/121/62 1330/115/55
f 1329/114/54 1333/118/59 1337/122/63
f 1336/121/62 1337/122/63 1333/118/59
f 1334/119/60 1335/120/61 1338/123/64
f 1335/120/61 1339/124/65 1338/123/64
f 1336/121/62 1334/119/60 1340/125/66
f 1334/119/60 1338/123/64 1340/125/66
f 1337/122/63 1336/121/62 1341/126/67
f 1340/125/66 1341/126/67 1336/121/62
f 1338/123/64 1339/124/65 1342/127/68
f 1339/124/65 1343/128/69 1342/127/68
f 1340/125/66 1338/123/64 1344/129/70
f 1338/123/64 1342/127/68 1344/129/70
f 1341/126/67 1340/125/66 1345/130/71
f 1346/131/72 1340/125/66 1344/129/70
f 1340/125/66 1346/131/72 1345/130/71
f 1347/132/73 1341/126/67 1345/130/71
f 1341/126/67 1347/132/73 1337/122/63
f 1348/133/74 1345/130/71 1346/131/72
f 1345/130/71 1348/133/74 1347/132/73
f 1349/134/75 1346/131/72 1344/129/70
f 1346/131/72 1350/135/76 1348/133/74
f 1350/135/76 1346/131/72 1349/134/75
f 1351/136/77 1347/132/73 1348/133/74
f 1352/137/78 1348/133/74 1350/135/76
f 1348/133/74 1352/137/78 1351/136/77
f 1349/134/75 1353/138/79 1350/135/76
f 1353/138/79 1352/137/78 1350/135/76
f 1344/129/70 1354/139/80 1349/134/75
f 1344/129/70 1342/127/68 1354/139/80
f 1353/138/79 1349/134/75 1355/140/81
f 1355/140/81 1349/134/75 1354/139/80
f 1342/127/68 1356/141/82 1354/139/80
f 1342/127/68 1343/128/69 1356/141/82
f 1354/139/80 1357/142/83 1355/140/81
f 1354/139/80 1356/141/82 1357/142/83
f 1343/128/69 1358/143/84 1356/141/82
f 1358/143/84 1343/128/85 1359/144/86
f 1356/141/82 1360/145/87 1357/142/83
f 1360/145/87 1356/141/82 1358/143/84
f 1357/142/83 1361/146/88 1355/140/81
f 1361/146/88 1357/142/83 1360/145/87
f 1359/144/86 1362/147/89 1358/143/84
f 1362/147/89 1359/144/86 1363/148/90
f 1358/143/84 1364/149/91 1360/145/87
f 1364/149/91 1358/143/84 1362/147/89
f 1360/145/87 1364/149/91 1361/146/88
f 1363/148/90 1365/150/92 1362/147/89
f 1365/150/92 1363/148/90 1366/151/93
f 1362/147/89 1367/152/94 1364/149/91
f 1367/152/94 1362/147/89 1365/150/92
f 1361/146/88 1364/149/91 1368/153/95
f 1367/152/94 1368/153/95 1364/149/91
f 1369/154/96 1355/140/81 1361/146/88
f 1368/153/95 1369/154/96 1361/146/88
f 1355/140/81 1369/154/96 1353/138/79
f 1368/153/95 1367/152/94 1370/155/97
f 1369/154/96 1368/153/95 1371/156/98
f 1368/153/95 1370/155/97 1371/156/98
f 1372/157/99 1353/138/79 1369/154/96
f 1371/156/98 1372/157/99 1369/154/96
f 1367/152/94 1373/158/100 1370/155/97
f 1371/156/98 1370/155/97 1374/159/101
f 1370/155/97 1373/158/100 1374/159/101
f 1367/152/94 1375/160/102 1373/158/100
f 1365/150/92 1375/160/102 1367/152/94
f 1376/161/103 1374/159/101 1373/158/100
f 1375/160/102 1376/161/103 1373/158/100
f 1377/162/104 1371/156/98 1374/159/101
f 1372/157/99 1371/156/98 1377/162/104
f 1376/161/103 1378/163/105 1374/159/101
f 1377/162/104 1374/159/101 1378/163/105
f 1375/160/102 1365/150/92 1379/164/106
f 1366/151/93 1379/164/106 1365/150/92
f 1379/164/106 1366/151/93 1380/165/107
f 1381/166/108 1379/164/106 1380/165/107
f 1379/164/106 1381/166/108 1382/167/109
f 1382/167/109 1375/160/102 1379/164/106
f 1299/84/21 1382/167/109 1381/166/108
f 1382/167/109 1299/84/21 1302/87/24
f 1375/160/102 1382/167/109 1383/168/110
f 1302/87/24 1383/168/110 1382/167/109
f 1376/161/103 1375/160/102 1383/168/110
f 1383/168/110 1302/87/24 1384/169/111
f 1384/169/111 1376/161/103 1383/168/110
f 1302/87/24 1305/90/28 1384/169/111
f 1376/161/103 1384/169/111 1385/170/112
f 1305/90/28 1385/170/112 1384/169/111
f 1378/163/105 1376/161/103 1385/170/112
f 1385/170/112 1305/90/28 1386/171/113
f 1378/163/105 1385/170/112 1386/171/113
f 1305/90/28 1308/93/31 1386/171/113
f 1387/172/114 1378/163/105 1386/171/113
f 1387/172/114 1386/171/113 1308/93/31
f 1377/162/104 1378/163/105 1387/172/114
f 1308/93/31 1388/173/115 1387/172/114
f 1387/172/114 1388/173/115 1377/162/104
f 1388/173/115 1308/93/31 1309/94/33
f 1388/173/115 1372/157/99 1377/162/104
f 1309/94/33 1389/174/116 1388/173/115
f 1372/157/99 1388/173/115 1389/174/116
f 1389/174/116 1309/94/33 1311/96/35
f 1389/174/116 1390/175/117 1372/157/99
f 1353/138/79 1372/157/99 1390/175/117
f 1311/96/35 1391/176/118 1389/174/116
f 1390/175/117 1389/174/116 1391/176/118
f 1391/176/118 1311/96/35 1314/99/38
f 1352/137/78 1353/138/79 1390/175/117
f 1317/102/41 1391/176/118 1314/99/38
f 1392/177/119 1390/175/117 1391/176/118
f 1392/177/119 1391/176/118 1317/102/41
f 1390/175/117 1392/177/120 1352/137/78
f 1318/103/42 1392/177/119 1317/102/41
f 1393/178/121 1352/137/78 1392/177/119
f 1392/177/120 1318/103/42 1393/178/121
f 1352/137/78 1393/178/121 1351/136/77
f 1321/106/45 1393/178/121 1318/103/42
f 1351/136/77 1393/178/121 1394/179/122
f 1393/178/121 1321/106/45 1394/179/122
f 1395/180/123 1351/136/77 1394/179/122
f 1347/132/73 1351/136/77 1395/180/123
f 1347/132/73 1395/180/123 1337/122/63
f 1321/106/45 1396/181/124 1394/179/122
f 1395/180/123 1394/179/122 1396/181/124
f 1321/106/45 1325/110/50 1396/181/124
f 1397/182/125 1337/122/63 1395/180/123
f 1396/181/124 1397/182/125 1395/180/123
f 1325/110/50 1397/182/125 1396/181/124
f 1329/114/54 1337/122/63 1397/182/125
f 1397/182/125 1325/110/50 1329/114/54
f 1398/183/126 1399/184/127 1400/185/128
f 1398/183/126 1400/185/128 1401/186/129
f 1399/184/127 1398/183/126 1402/187/130
f 1402/187/130 1403/188/131 1399/184/127
f 1398/183/126 1401/186/129 1404/189/132
f 1404/189/132 1401/186/129 1405/190/133
f 1406/191/134 1402/187/130 1398/183/126
f 1404/189/132 1406/191/135 1398/183/126
f 1403/188/131 1402/187/130 1407/192/136
f 1407/192/136 1408/193/137 1403/188/131
f 1402/187/130 1406/191/135 1409/194/138
f 1409/194/138 1407/192/136 1402/187/130
f 1406/191/134 1404/189/132 1410/195/139
f 1407/192/136 1409/194/138 1411/196/140
f 1410/195/139 1404/189/132 1412/197/141
f 1404/189/132 1405/190/133 1412/197/141
f 1408/193/137 1407/192/136 1413/198/142
f 1411/196/140 1413/198/142 1407/192/136
f 1405/190/133 1414/199/143 1412/197/141
f 1414/199/143 1405/190/133 1415/200/144
f 1410/195/139 1412/197/141 1416/201/145
f 1416/201/146 1412/197/141 1414/199/143
f 1415/200/144 1417/202/147 1414/199/143
f 1417/202/147 1415/200/144 1418/203/148
f 1417/202/147 1418/203/148 1419/204/149
f 1414/199/143 1420/205/150 1416/201/145
f 1414/199/143 1417/202/147 1420/205/150
f 1416/201/146 1421/206/151 1410/195/139
f 1420/205/150 1421/206/151 1416/201/145
f 1410/195/139 1421/206/151 1406/191/134
f 1406/191/134 1421/206/151 1409/194/138
f 1409/194/138 1421/206/151 1411/196/140
f 1417/202/147 1422/207/152 1420/205/150
f 1422/207/152 1421/206/151 1420/205/150
f 1417/202/147 1423/208/153 1422/207/152
f 1423/208/153 1421/206/151 1422/207/152
f 1417/202/147 1419/204/149 1424/209/154
f 1423/208/153 1417/202/147 1424/209/154
f 1424/209/154 1419/204/149 1425/210/155
f 1424/209/154 1426/211/156 1423/208/153
f 1426/211/156 1421/206/151 1423/208/153
f 1424/209/154 1425/210/155 1427/212/157
f 1426/211/156 1424/209/154 1427/212/157
f 1425/210/155 1428/213/158 1427/212/157
f 1428/213/158 1425/210/155 1429/214/159
f 1427/212/157 1430/215/160 1426/211/156
f 1430/215/160 1427/212/157 1428/213/158
f 1430/215/160 1421/206/151 1426/211/156
f 1428/213/158 1431/216/161 1430/215/160
f 1431/216/161 1421/206/151 1430/215/160
f 1429/214/159 1432/217/162 1428/213/158
f 1431/216/161 1428/213/158 1432/217/162
f 1432/217/162 1429/214/159 1433/218/163
f 1434/219/164 1432/217/162 1433/218/163
f 1432/217/162 1435/220/165 1431/216/161
f 1435/220/165 1421/206/151 1431/216/161
f 1436/221/166 1432/217/162 1434/219/164
f 1435/220/165 1432/217/162 1436/221/166
f 1437/222/167 1436/221/168 1434/219/164
f 1438/223/169 1435/220/165 1436/221/166
f 1436/221/170 1437/222/167 1438/223/169
f 1435/220/165 1438/223/169 1439/224/171
f 1439/224/171 1421/206/151 1435/220/165
f 1437/222/167 1440/225/172 1438/223/169
f 1440/225/172 1439/224/171 1438/223/169
f 1440/225/172 1437/222/167 1441/226/173
f 1439/224/171 1440/225/172 1442/227/174
f 1442/227/174 1421/206/151 1439/224/171
f 1441/226/173 1443/228/175 1440/225/172
f 1443/228/175 1442/227/174 1440/225/172
f 1443/228/175 1441/226/173 1444/229/176
f 1443/228/175 1444/229/176 1408/193/137
f 1443/228/175 1408/193/137 1413/198/142
f 1445/230/177 1421/206/151 1442/227/174
f 1442/227/174 1443/228/175 1445/230/177
f 1446/231/178 1421/206/151 1445/230/177
f 1443/228/175 1446/231/178 1445/230/177
f 1446/231/178 1443/228/175 1413/198/142
f 1411/196/140 1421/206/151 1446/231/178
f 1413/198/142 1411/196/140 1446/231/178
f 1447/232/179 1448/233/180 1449/234/181
f 1447/232/182 1449/234/181 1450/235/183
f 1448/233/180 1447/232/179 1451/236/184
f 1451/236/184 1452/237/185 1448/233/180
f 1447/232/179 1450/235/183 1453/238/186
f 1453/238/186 1450/235/183 1454/239/187
f 1455/240/188 1451/236/184 1447/232/179
f 1453/238/186 1455/240/188 1447/232/179
f 1452/237/185 1451/236/184 1456/241/189
f 1453/238/186 1454/239/187 1457/242/190
f 1457/242/190 1454/239/187 1458/243/191
f 1455/240/188 1453/238/186 1459/244/192
f 1459/244/192 1453/238/186 1457/242/190
f 1451/236/184 1455/240/188 1460/245/193
f 1460/245/193 1456/241/194 1451/236/184
f 1459/244/192 1461/246/195 1455/240/188
f 1455/240/188 1461/246/195 1460/245/193
f 1457/242/190 1462/247/196 1459/244/192
f 1462/247/196 1461/246/195 1459/244/192
f 1457/242/190 1463/248/197 1462/247/196
f 1457/242/190 1458/243/191 1463/248/197
f 1463/248/197 1464/249/198 1462/247/196
f 1464/249/198 1461/246/195 1462/247/196
f 1458/243/191 1465/250/199 1463/248/197
f 1463/248/197 1465/250/199 1464/249/198
f 1465/250/199 1458/243/191 1466/251/200
f 1465/250/199 1467/252/201 1464/249/198
f 1467/252/201 1461/246/195 1464/249/198
f 1466/251/200 1468/253/202 1465/250/199
f 1468/253/202 1466/251/200 1469/254/203
f 1465/250/199 1470/255/204 1467/252/201
f 1470/255/204 1465/250/199 1468/253/202
f 1470/255/204 1461/246/195 1467/252/201
f 1468/253/202 1469/254/203 1471/256/205
f 1468/253/202 1472/257/206 1470/255/204
f 1472/257/206 1461/246/195 1470/255/204
f 1468/253/202 1471/256/205 1473/258/207
f 1472/257/206 1468/253/202 1473/258/207
f 1471/256/205 1474/259/208 1473/258/207
f 1474/259/208 1471/256/205 1475/260/209
f 1473/258/207 1476/261/210 1472/257/206
f 1476/261/210 1473/258/207 1474/259/208
f 1476/261/210 1461/246/195 1472/257/206
f 1475/260/211 1477/262/212 1474/259/208
f 1477/262/212 1475/260/209 1478/263/213
f 1477/262/212 1478/263/213 1479/264/214
f 1474/259/208 1480/265/215 1476/261/210
f 1480/265/215 1474/259/208 1477/262/212
f 1480/265/215 1461/246/195 1476/261/210
f 1477/262/212 1479/264/214 1481/266/216
f 1477/262/212 1481/266/216 1480/265/215
f 1481/266/216 1479/264/214 1482/267/217
f 1481/266/216 1483/268/218 1480/265/215
f 1483/268/218 1461/246/195 1480/265/215
f 1481/266/216 1482/267/217 1484/269/219
f 1484/269/219 1483/268/218 1481/266/216
f 1484/269/219 1482/267/217 1485/270/220
f 1483/268/218 1484/269/219 1486/271/221
f 1486/271/221 1461/246/195 1483/268/218
f 1484/269/219 1485/270/222 1487/272/223
f 1487/272/223 1486/271/221 1484/269/219
f 1488/273/224 1461/246/195 1486/271/221
f 1486/271/221 1487/272/223 1488/273/224
f 1489/274/225 1461/246/195 1488/273/224
f 1487/272/223 1489/274/225 1488/273/224
f 1485/270/222 1490/275/226 1487/272/223
f 1489/274/225 1487/272/223 1490/275/226
f 1490/275/226 1485/270/222 1491/276/227
f 1492/277/228 1461/246/195 1489/274/225
f 1490/275/226 1492/277/228 1489/274/225
f 1491/276/227 1493/278/229 1490/275/226
f 1492/277/228 1490/275/226 1493/278/229
f 1493/278/229 1491/276/227 1494/279/230
f 1452/237/185 1493/278/229 1494/279/230
f 1456/241/189 1493/278/229 1452/237/185
f 1495/280/231 1461/246/195 1492/277/228
f 1493/278/229 1495/280/231 1492/277/228
f 1495/280/231 1493/278/229 1456/241/189
f 1460/245/193 1461/246/195 1495/280/231
f 1456/241/189 1460/245/193 1495/280/231
usemtl red_fabric_Inst
f 61/281/232 62/282/233 63/283/234
f 62/282/233 61/281/232 64/284/235
f 64/284/235 65/285/236 62/282/233
f 64/284/235 61/281/232 66/286/237
f 65/285/236 64/284/235 67/287/238
f 67/287/238 68/288/239 65/285/236
f 66/286/237 69/289/240 64/284/235
f 69/289/240 67/287/238 64/284/235
f 69/289/240 66/286/237 70/290/241
f 68/288/239 67/287/238 71/291/242
f 71/291/242 72/292/243 68/288/239
f 69/289/240 73/293/244 67/287/238
f 73/293/244 71/291/242 67/287/238
f 72/292/243 71/291/242 74/294/245
f 74/294/245 75/295/246 72/292/243
f 75/295/246 74/294/245 76/296/247
f 74/294/245 77/297/248 76/296/247
f 77/297/248 74/294/245 78/298/249
f 71/291/242 78/298/249 74/294/245
f 78/298/249 79/299/250 77/297/248
f 71/291/242 73/293/244 80/300/251
f 78/298/249 71/291/242 80/300/251
f 81/301/252 80/300/251 73/293/244
f 73/293/244 69/289/240 81/301/252
f 82/302/253 78/298/249 80/300/251
f 80/300/251 81/301/252 82/302/253
f 83/303/254 81/301/252 69/289/240
f 70/290/241 83/303/254 69/289/240
f 83/303/254 84/304/255 81/301/252
f 82/302/253 81/301/252 84/304/255
f 70/290/241 85/305/256 83/303/254
f 84/304/255 83/303/254 85/305/256
f 78/298/249 82/302/253 86/306/257
f 79/299/250 78/298/249 86/306/257
f 82/302/253 84/304/255 87/307/258
f 86/306/257 82/302/253 87/307/258
f 79/299/250 86/306/257 88/308/259
f 87/307/258 88/308/259 86/306/257
f 84/304/255 89/309/260 87/307/258
f 89/309/261 88/308/261 87/307/261
f 89/309/260 84/304/255 90/310/262
f 85/305/256 90/310/262 84/304/255
f 88/308/259 89/309/260 91/311/263
f 88/308/259 92/312/264 79/299/250
f 91/311/263 92/312/264 88/308/259
f 92/312/264 77/313/248 79/299/250
f 93/314/265 91/311/263 89/309/260
f 90/310/262 93/314/265 89/309/260
f 77/313/248 92/312/264 94/315/266
f 94/315/266 76/316/247 77/313/248
f 92/312/264 91/311/263 95/317/267
f 76/316/247 94/315/266 96/318/268
f 75/319/246 76/316/247 96/318/269
f 96/318/269 97/320/270 75/319/246
f 92/312/264 98/321/271 94/315/266
f 98/321/271 92/312/264 95/317/267
f 99/322/272 96/318/269 94/315/266
f 97/320/270 96/318/269 99/322/272
f 94/315/266 98/321/271 99/322/273
f 97/320/270 99/322/272 100/323/274
f 100/323/274 99/322/273 101/324/275
f 100/323/274 101/324/275 102/325/276
f 98/321/271 103/326/277 99/322/273
f 99/322/273 103/326/277 101/324/275
f 95/317/267 104/327/278 98/321/271
f 98/321/271 104/327/278 103/326/277
f 91/311/263 105/328/279 95/317/267
f 105/328/279 104/327/278 95/317/267
f 91/311/263 93/314/265 105/328/279
f 104/327/278 106/329/280 103/326/277
f 107/330/281 104/327/278 105/328/279
f 104/327/278 107/330/281 106/329/280
f 108/331/282 105/328/279 93/314/265
f 105/328/279 108/331/282 107/330/281
f 109/332/283 108/331/282 93/314/265
f 93/314/265 90/310/262 109/332/283
f 107/330/281 108/331/282 110/333/284
f 111/334/285 109/332/283 90/310/262
f 90/310/262 85/305/256 111/334/285
f 108/331/282 109/332/283 112/335/286
f 112/335/286 110/333/284 108/331/282
f 109/332/283 111/334/285 113/336/287
f 109/332/283 113/336/287 112/335/286
f 111/334/285 85/305/256 114/337/288
f 85/305/256 70/290/241 114/337/288
f 114/337/288 115/338/289 111/334/285
f 115/338/289 113/336/287 111/334/285
f 116/339/290 114/337/288 70/290/241
f 116/339/290 115/338/289 114/337/288
f 66/340/237 116/339/290 70/290/241
f 113/336/287 115/338/289 117/341/291
f 66/340/237 118/342/292 116/339/290
f 66/340/237 61/343/232 118/342/292
f 63/344/234 118/342/292 61/343/232
f 118/342/292 63/344/234 119/345/293
f 115/338/289 116/339/290 120/346/294
f 120/346/294 117/341/291 115/338/289
f 121/347/295 116/339/290 118/342/292
f 119/345/293 121/347/295 118/342/292
f 116/339/290 121/347/295 120/346/294
f 121/347/295 119/345/293 122/348/296
f 121/347/295 123/349/297 120/346/294
f 117/341/291 120/346/294 123/349/297
f 122/348/296 124/350/298 121/347/295
f 123/349/297 121/347/295 124/350/298
f 124/350/298 122/348/296 125/351/299
f 123/349/297 126/352/300 117/341/291
f 125/351/299 127/353/301 124/350/298
f 127/353/301 125/351/299 128/354/302
f 124/350/298 129/355/303 123/349/297
f 129/355/303 124/350/298 127/353/301
f 126/352/300 123/349/297 129/355/303
f 128/354/302 130/356/304 127/353/301
f 130/356/304 128/354/302 131/357/305
f 130/356/304 131/357/305 132/358/306
f 127/353/301 133/359/307 129/355/303
f 133/359/308 127/353/301 130/356/304
f 130/356/304 132/358/306 134/360/309
f 134/360/309 132/358/306 135/361/310
f 130/356/304 136/362/311 133/359/308
f 136/362/311 130/356/304 134/360/309
f 134/360/309 135/361/310 137/363/312
f 137/363/312 136/362/311 134/360/309
f 137/363/312 135/361/310 138/364/313
f 139/365/314 133/359/308 136/362/311
f 137/363/312 138/364/313 140/366/315
f 140/366/315 138/364/313 141/367/316
f 136/362/311 137/363/312 142/368/317
f 140/366/315 142/368/317 137/363/312
f 142/368/317 139/365/318 136/362/311
f 140/366/315 141/367/316 143/369/319
f 144/370/320 143/369/319 141/367/316
f 142/368/317 140/366/315 145/371/321
f 140/366/315 143/369/319 145/371/321
f 139/365/314 142/368/317 146/372/322
f 142/368/317 145/371/321 146/372/322
f 133/359/307 139/365/318 147/373/323
f 147/373/323 129/355/303 133/359/308
f 129/355/303 147/373/323 126/352/300
f 147/373/323 139/365/318 148/374/324
f 139/365/314 146/372/322 148/374/324
f 149/375/325 126/352/300 147/373/323
f 148/374/324 149/375/325 147/373/323
f 126/352/300 149/375/325 150/376/326
f 117/341/291 126/352/300 150/376/326
f 150/376/326 113/336/287 117/341/291
f 113/336/287 150/376/326 112/335/286
f 151/377/327 150/376/326 149/375/325
f 150/376/326 151/377/327 112/335/286
f 148/374/324 151/377/327 149/375/325
f 110/333/284 112/335/286 151/377/327
f 151/377/327 148/374/324 152/378/328
f 151/377/327 153/379/329 110/333/284
f 153/379/329 151/377/327 152/378/328
f 152/378/328 148/374/324 154/380/330
f 148/374/324 146/372/322 154/380/330
f 153/379/329 152/378/328 155/381/331
f 152/378/328 154/380/330 155/381/331
f 156/382/332 154/380/330 146/372/322
f 146/372/322 145/371/321 156/382/333
f 157/383/334 155/381/331 154/380/330
f 154/380/330 156/382/333 157/383/334
f 145/371/321 158/384/335 156/382/333
f 145/371/321 143/369/319 158/384/335
f 158/384/335 159/385/336 156/382/337
f 159/385/336 157/383/334 156/382/333
f 143/369/319 160/386/338 158/384/335
f 158/384/339 160/386/339 159/385/339
f 160/386/338 143/369/319 161/387/340
f 143/369/319 144/370/320 161/387/340
f 161/387/340 144/370/320 162/388/341
f 161/387/340 162/388/341 163/389/342
f 161/387/340 163/389/342 164/390/343
f 160/386/338 161/387/340 164/390/343
f 164/390/343 165/391/344 160/386/338
f 159/385/336 160/386/338 165/391/344
f 165/391/344 164/390/343 166/392/345
f 165/391/344 167/393/346 159/385/336
f 157/383/334 159/385/336 167/393/346
f 165/391/344 166/392/345 168/394/347
f 167/393/346 165/391/344 168/394/347
f 169/395/348 157/383/334 167/393/346
f 155/381/331 157/383/334 169/395/348
f 168/394/349 170/396/350 167/393/346
f 169/395/348 167/393/346 170/396/350
f 169/395/348 171/397/351 155/381/331
f 153/379/329 155/381/331 171/397/351
f 172/398/352 169/395/348 170/396/350
f 171/397/351 169/395/348 172/398/352
f 153/379/329 171/397/351 173/399/353
f 174/400/354 171/397/351 172/398/352
f 171/397/351 174/400/354 173/399/353
f 175/401/355 153/379/329 173/399/353
f 175/401/355 110/333/284 153/379/329
f 176/402/356 173/399/353 174/400/354
f 110/333/284 175/401/355 177/403/357
f 107/330/281 110/333/284 177/403/357
f 107/330/281 177/403/357 106/329/280
f 175/401/355 173/399/353 178/404/358
f 173/399/353 176/402/359 178/404/358
f 179/405/360 177/403/357 175/401/355
f 178/404/358 179/405/360 175/401/355
f 106/329/280 177/403/357 180/406/361
f 177/403/357 179/405/360 180/406/361
f 180/406/361 181/407/362 106/329/280
f 103/326/277 106/329/280 181/407/362
f 181/407/362 101/324/275 103/326/277
f 180/406/361 179/405/360 182/408/363
f 181/407/362 180/406/361 182/408/363
f 101/324/275 181/407/362 183/409/364
f 182/408/363 183/409/364 181/407/362
f 102/325/276 101/324/275 183/409/364
f 102/325/276 183/409/364 184/410/365
f 184/410/365 183/409/364 185/411/366
f 183/409/364 182/408/363 185/411/366
f 184/410/365 185/411/366 186/412/367
f 185/411/366 187/413/368 186/412/367
f 182/408/363 179/405/360 188/414/369
f 188/414/369 185/411/366 182/408/363
f 179/405/360 178/404/358 188/414/369
f 187/413/368 185/411/366 189/415/370
f 185/411/366 188/414/369 189/415/370
f 187/413/368 189/415/370 190/416/371
f 189/415/370 191/417/372 190/416/371
f 188/414/369 191/417/372 189/415/370
f 191/417/372 192/418/373 190/416/371
f 188/414/369 178/404/358 193/419/374
f 191/417/372 188/414/369 193/419/374
f 192/418/373 191/417/372 194/420/375
f 194/420/375 191/417/372 193/419/374
f 194/420/375 195/421/376 192/418/373
f 178/404/358 196/422/377 193/419/374
f 193/419/374 196/422/377 194/420/375
f 196/422/377 178/404/358 176/402/359
f 195/421/376 194/420/375 197/423/378
f 196/422/377 197/423/378 194/420/375
f 195/421/376 197/423/378 198/424/379
f 176/402/356 199/425/380 196/422/377
f 197/423/378 196/422/377 199/425/380
f 200/426/381 198/424/379 197/423/378
f 200/426/381 197/423/378 199/425/380
f 200/426/381 201/427/382 198/424/379
f 201/427/382 200/426/381 202/428/383
f 200/426/381 203/429/384 202/428/383
f 199/425/380 204/430/385 200/426/381
f 204/430/385 203/429/384 200/426/381
f 199/425/380 176/402/356 205/431/386
f 205/431/386 204/430/385 199/425/380
f 205/431/386 176/402/356 174/400/354
f 206/432/387 203/429/384 204/430/385
f 204/430/385 205/431/386 206/432/387
f 203/429/384 206/432/387 207/433/388
f 174/400/354 208/434/389 205/431/386
f 208/434/389 206/432/387 205/431/386
f 174/400/354 172/398/352 208/434/389
f 206/432/387 208/434/389 209/435/390
f 206/432/387 209/435/390 207/433/388
f 210/436/391 208/434/389 172/398/352
f 210/436/391 209/435/390 208/434/389
f 172/398/352 170/396/350 210/436/391
f 209/435/390 210/436/391 211/437/392
f 170/396/350 211/437/392 210/436/391
f 209/435/390 212/438/393 207/433/388
f 211/437/392 212/438/393 209/435/390
f 213/439/394 207/433/388 212/438/393
f 213/439/394 203/440/384 207/433/388
f 212/438/393 211/437/392 214/441/395
f 212/438/393 214/441/395 213/439/394
f 211/437/392 170/396/350 215/442/396
f 215/442/396 214/441/395 211/437/392
f 170/396/350 168/394/347 215/442/396
f 216/443/397 213/439/394 214/441/395
f 215/442/396 168/394/347 217/444/398
f 168/394/349 166/392/345 217/444/398
f 214/441/395 215/442/396 218/445/399
f 215/442/396 217/444/398 218/445/399
f 214/441/395 218/445/399 216/443/397
f 217/444/398 166/392/345 219/446/400
f 219/446/400 218/445/399 217/444/398
f 164/447/343 219/446/400 166/392/345
f 220/448/401 216/443/397 218/445/399
f 218/445/399 219/446/400 220/448/401
f 221/449/402 219/446/400 164/447/343
f 163/450/342 221/449/402 164/447/343
f 219/446/400 222/451/403 220/448/401
f 222/451/403 219/446/400 221/449/402
f 163/450/342 223/452/404 221/449/402
f 223/452/404 163/450/342 162/453/341
f 223/452/404 222/451/403 221/449/402
f 222/451/403 223/452/404 224/454/405
f 225/455/406 220/448/401 222/451/403
f 224/454/405 225/455/406 222/451/403
f 220/448/401 225/455/406 216/443/397
f 225/455/406 224/454/405 226/456/407
f 227/457/408 225/455/406 226/456/407
f 228/458/409 216/443/397 225/455/406
f 225/455/406 227/457/408 228/458/409
f 216/443/397 228/458/409 213/439/394
f 201/459/382 228/458/409 227/457/408
f 228/458/409 203/440/384 213/439/394
f 228/458/409 201/459/382 202/460/383
f 228/458/409 202/460/383 203/440/384
f 229/461/410 230/462/411 231/463/412
f 231/463/412 232/464/413 229/461/410
f 232/464/413 233/465/414 229/461/415
f 231/463/412 234/466/416 232/464/413
f 234/466/416 231/463/412 235/467/417
f 233/465/414 232/464/413 236/468/418
f 235/467/417 237/469/419 234/466/416
f 237/469/419 235/467/417 238/470/420
f 239/471/421 232/464/413 234/466/416
f 239/471/421 236/468/418 232/464/413
f 240/472/422 233/465/414 236/468/418
f 239/471/421 240/472/422 236/468/418
f 240/472/422 241/473/423 233/465/414
f 242/474/424 239/471/421 234/466/416
f 242/474/424 234/466/416 237/469/419
f 240/472/422 239/471/425 243/475/426
f 242/474/424 243/475/426 239/471/421
f 244/476/427 241/473/423 240/472/422
f 243/475/426 244/476/427 240/472/422
f 241/473/423 244/476/427 245/477/428
f 243/475/426 242/474/424 246/478/429
f 245/477/428 244/476/427 247/479/430
f 248/480/431 245/477/428 247/479/430
f 244/476/427 243/475/426 249/481/432
f 249/481/432 247/479/430 244/476/427
f 246/478/429 249/481/432 243/475/426
f 250/482/433 248/480/431 247/479/430
f 248/480/431 250/482/433 251/483/434
f 247/479/430 249/481/432 252/484/435
f 252/484/435 250/482/433 247/479/430
f 249/481/432 246/478/429 253/485/436
f 253/485/436 252/484/435 249/481/432
f 254/486/437 251/483/434 250/482/433
f 251/483/434 254/486/437 255/487/438
f 250/482/433 252/484/435 256/488/439
f 256/488/439 254/486/437 250/482/433
f 252/484/435 253/485/436 257/489/440
f 257/489/440 256/488/439 252/484/435
f 255/487/438 254/486/437 258/490/441
f 259/491/442 255/487/438 258/490/443
f 254/486/437 256/488/439 260/492/444
f 260/492/444 258/490/441 254/486/437
f 259/491/442 258/490/443 261/493/445
f 262/494/446 259/491/442 261/493/445
f 258/490/441 260/492/444 263/495/447
f 263/495/447 261/493/445 258/490/443
f 264/496/448 260/492/444 256/488/439
f 256/488/439 257/489/440 264/496/448
f 265/497/449 263/495/447 260/492/444
f 260/492/444 264/496/448 265/497/449
f 266/498/450 262/494/446 261/493/445
f 262/494/446 266/498/450 267/499/451
f 261/493/445 263/495/447 268/500/452
f 268/500/452 266/498/450 261/493/445
f 269/501/453 267/499/451 266/498/450
f 267/499/451 269/501/453 270/502/454
f 266/498/450 268/500/452 271/503/455
f 271/503/455 269/501/453 266/498/450
f 272/504/456 268/500/452 263/495/447
f 263/495/447 265/497/449 272/504/456
f 273/505/457 271/503/455 268/500/452
f 268/500/452 272/504/456 273/505/457
f 269/501/453 271/503/455 274/506/458
f 270/502/454 269/501/453 275/507/459
f 274/506/458 275/507/459 269/501/453
f 276/508/460 270/502/454 275/507/459
f 275/507/459 277/509/461 276/508/460
f 278/510/462 274/506/458 271/503/455
f 271/503/455 273/505/457 278/510/462
f 277/509/461 275/507/459 279/511/463
f 280/512/464 277/509/461 279/511/463
f 275/507/459 274/506/458 281/513/465
f 281/513/465 279/511/463 275/507/459
f 274/506/458 278/510/462 282/514/466
f 282/514/466 281/513/465 274/506/458
f 280/512/464 279/511/463 283/515/467
f 281/513/465 282/514/466 284/516/468
f 279/511/463 281/513/465 285/517/469
f 284/516/468 285/517/469 281/513/465
f 286/518/470 279/511/463 285/517/469
f 279/511/463 286/518/470 283/515/467
f 285/517/469 284/516/468 287/519/471
f 287/519/471 286/518/470 285/517/469
f 288/520/472 280/512/464 283/515/467
f 280/512/464 288/520/472 289/521/473
f 290/522/474 283/515/467 286/518/470
f 283/515/467 290/522/474 288/520/472
f 288/520/472 291/523/475 289/521/473
f 289/521/473 291/523/475 292/524/476
f 293/525/477 292/524/476 291/523/475
f 290/522/474 294/526/478 288/520/472
f 288/520/472 294/526/478 291/523/475
f 291/523/475 295/527/479 293/525/477
f 291/523/475 294/526/478 295/527/479
f 296/528/480 293/525/477 295/527/479
f 293/525/477 296/528/480 297/529/481
f 294/526/478 298/530/482 295/527/479
f 298/530/482 296/528/480 295/527/479
f 299/531/483 294/526/478 290/522/474
f 286/518/470 299/531/483 290/522/474
f 300/532/484 298/530/482 294/526/478
f 294/526/478 299/531/483 300/532/484
f 286/518/470 301/533/485 299/531/483
f 286/518/470 287/519/471 301/533/485
f 302/534/486 300/532/484 299/531/483
f 301/533/485 302/534/486 299/531/483
f 287/519/471 303/535/487 301/533/485
f 301/533/485 304/536/488 302/534/486
f 304/536/488 301/533/485 303/535/487
f 303/535/487 287/519/471 305/537/489
f 284/516/468 305/537/489 287/519/471
f 306/538/490 304/536/488 303/535/487
f 306/538/490 302/534/486 304/536/488
f 307/539/491 303/535/487 305/537/489
f 306/538/490 303/535/487 307/539/491
f 284/516/468 308/540/492 305/537/489
f 308/540/492 284/516/468 282/514/466
f 307/539/491 305/537/489 309/541/493
f 308/540/492 309/541/493 305/537/489
f 310/542/494 306/538/490 307/539/491
f 309/541/493 310/542/494 307/539/491
f 282/514/495 311/543/496 308/540/495
f 311/543/496 282/514/466 278/510/462
f 309/541/497 308/540/492 312/544/498
f 312/544/498 308/540/492 311/543/496
f 310/542/494 309/541/493 313/545/499
f 312/544/498 313/545/499 309/541/493
f 278/510/462 314/546/500 311/543/496
f 314/546/500 278/510/462 273/505/457
f 312/544/498 311/543/496 315/547/501
f 315/547/502 311/543/496 314/546/500
f 313/545/499 312/544/498 316/548/503
f 316/548/503 312/544/498 315/547/501
f 314/546/500 273/505/457 317/549/504
f 272/504/456 317/549/504 273/505/457
f 315/547/502 314/546/500 318/550/505
f 318/550/505 314/546/500 317/549/504
f 272/504/456 319/551/506 317/549/504
f 319/551/506 272/504/456 265/497/449
f 318/550/505 317/549/504 320/552/507
f 319/551/506 320/552/507 317/549/504
f 321/553/508 315/547/502 318/550/505
f 316/548/503 315/547/501 321/553/508
f 320/552/507 322/554/509 318/550/505
f 321/553/508 318/550/505 322/554/509
f 320/552/507 319/551/506 323/555/510
f 265/497/449 324/556/511 319/551/506
f 323/555/510 319/551/506 324/556/511
f 324/556/511 265/497/449 264/496/448
f 323/555/510 325/557/512 320/552/507
f 322/554/509 320/552/507 325/557/512
f 264/496/448 326/558/513 324/556/511
f 326/558/513 264/496/448 257/489/440
f 323/555/510 324/556/511 327/559/514
f 327/559/514 324/556/511 326/558/513
f 257/489/440 328/560/515 326/558/513
f 328/560/515 257/489/440 253/485/436
f 327/559/514 326/558/513 329/561/516
f 329/561/516 326/558/513 328/560/515
f 330/562/517 323/555/510 327/559/514
f 325/557/512 323/555/510 330/562/517
f 331/563/518 327/559/514 329/561/516
f 330/562/517 327/559/514 331/563/518
f 329/561/516 328/560/515 332/564/519
f 328/560/515 253/485/436 333/565/520
f 332/564/519 328/560/515 333/565/520
f 246/478/429 333/565/520 253/485/436
f 333/565/521 246/478/429 242/474/424
f 332/564/519 334/566/522 329/561/516
f 331/563/518 329/561/516 334/566/522
f 333/565/520 242/474/523 335/567/524
f 237/469/419 335/567/525 242/474/424
f 332/564/519 333/565/520 336/568/526
f 336/568/526 333/565/521 335/567/527
f 334/566/522 332/564/519 337/569/528
f 336/568/526 337/569/528 332/564/519
f 335/567/527 237/469/419 338/570/529
f 338/570/529 237/469/419 238/470/420
f 338/570/529 238/470/420 339/571/530
f 340/572/531 338/570/529 339/571/530
f 338/570/529 340/572/531 341/573/532
f 341/573/532 335/567/527 338/570/529
f 342/574/533 341/573/532 340/572/531
f 336/568/526 335/567/527 343/575/534
f 335/567/527 341/573/532 343/575/534
f 341/573/532 342/574/533 344/576/535
f 344/576/535 343/575/534 341/573/532
f 345/577/536 344/576/535 342/574/533
f 346/578/537 336/568/526 343/575/534
f 337/569/528 336/568/526 346/578/537
f 343/575/534 344/576/535 347/579/538
f 346/578/537 343/575/534 347/579/538
f 344/576/535 345/577/536 348/580/539
f 348/580/539 347/579/538 344/576/535
f 349/581/540 345/577/536 350/582/541
f 345/577/536 349/581/540 348/580/539
f 351/583/542 348/580/539 349/581/540
f 347/579/543 348/580/539 352/584/544
f 348/580/539 351/583/545 352/584/546
f 353/585/547 347/579/543 352/584/546
f 351/583/545 353/585/547 352/584/546
f 347/579/538 353/585/547 346/578/537
f 353/585/547 351/583/542 354/586/548
f 355/587/549 346/578/537 353/585/547
f 354/586/548 355/587/549 353/585/547
f 355/587/549 337/569/528 346/578/537
f 355/587/549 354/586/548 356/588/550
f 357/589/551 337/569/528 355/587/549
f 356/588/550 357/589/551 355/587/549
f 337/569/528 357/589/551 334/566/522
f 357/589/551 356/588/550 358/590/552
f 359/591/553 334/566/522 357/589/551
f 358/590/552 359/591/553 357/589/551
f 334/566/522 359/591/553 331/563/518
f 359/591/553 358/590/552 360/592/554
f 361/593/555 331/563/518 359/591/553
f 360/592/554 361/593/555 359/591/553
f 331/563/518 361/593/555 330/562/517
f 361/593/555 360/592/554 362/594/556
f 363/595/557 330/562/517 361/593/555
f 362/594/556 363/595/557 361/593/555
f 363/595/557 325/557/512 330/562/517
f 363/595/557 362/594/556 364/596/558
f 365/597/559 325/557/512 363/595/557
f 364/596/558 365/597/559 363/595/557
f 325/557/512 365/597/559 322/554/509
f 365/597/560 364/596/558 366/598/561
f 367/599/562 322/554/563 365/597/560
f 366/598/561 367/599/562 365/597/560
f 322/554/509 367/599/562 321/553/508
f 367/599/562 366/598/561 368/600/564
f 369/601/565 321/553/508 367/599/562
f 368/600/564 369/601/565 367/599/562
f 321/553/508 369/601/565 316/548/503
f 369/601/565 368/600/564 370/602/566
f 371/603/567 316/548/503 369/601/565
f 370/602/566 371/603/567 369/601/565
f 371/603/567 370/602/566 372/604/568
f 371/603/567 313/545/499 316/548/503
f 373/605/569 371/603/567 372/604/568
f 374/606/570 313/545/499 371/603/567
f 371/603/567 373/605/569 374/606/570
f 374/606/570 310/542/494 313/545/499
f 375/607/571 374/606/570 373/605/569
f 374/606/570 376/608/572 310/542/494
f 377/609/573 374/606/570 375/607/571
f 376/608/572 374/606/570 377/609/573
f 378/610/574 377/609/573 375/607/571
f 306/538/490 310/542/494 376/608/572
f 377/609/573 378/610/574 379/611/575
f 379/611/575 376/608/576 377/609/573
f 376/608/576 380/612/577 306/538/490
f 302/534/486 306/538/490 380/612/577
f 379/611/575 381/613/578 376/608/576
f 380/612/577 376/608/576 381/613/578
f 382/614/579 379/611/575 378/610/574
f 381/613/578 379/611/575 382/614/579
f 378/610/574 383/615/580 382/614/579
f 384/616/581 382/614/579 383/615/582
f 380/612/577 385/617/583 302/534/486
f 300/532/484 302/534/486 385/617/583
f 381/613/578 386/618/584 380/612/577
f 385/617/583 380/612/577 386/618/584
f 381/613/578 382/614/579 387/619/585
f 386/618/584 381/613/578 387/619/585
f 382/614/579 384/616/581 388/620/586
f 382/614/579 388/620/587 387/619/585
f 386/618/584 387/619/585 389/621/588
f 387/619/585 388/620/587 389/621/588
f 384/616/581 390/622/589 388/620/587
f 390/622/589 389/621/588 388/620/587
f 390/622/589 384/616/581 391/623/590
f 386/618/584 389/621/588 392/624/591
f 392/624/591 385/617/583 386/618/584
f 389/621/588 390/622/589 393/625/592
f 393/625/592 392/624/591 389/621/588
f 391/623/590 394/626/593 390/622/589
f 394/626/593 391/623/590 395/627/594
f 396/628/595 394/626/593 395/627/594
f 390/622/589 397/629/596 393/625/592
f 397/629/596 390/622/589 394/626/593
f 398/630/597 394/626/593 396/628/595
f 399/631/598 398/630/597 396/628/595
f 394/626/599 400/632/600 397/629/596
f 400/632/600 394/626/599 398/630/597
f 398/630/597 399/631/598 401/633/601
f 402/634/602 401/633/601 399/631/598
f 398/630/597 403/635/603 400/632/600
f 403/635/603 398/630/597 401/633/601
f 401/633/601 402/634/602 404/636/604
f 405/637/605 404/636/604 402/634/602
f 401/633/601 406/638/606 403/635/603
f 406/638/606 401/633/601 404/636/604
f 404/636/604 405/637/605 407/639/607
f 408/640/608 407/639/607 405/637/605
f 404/636/604 409/641/609 406/638/606
f 409/641/609 404/636/604 407/639/607
f 407/639/607 408/640/608 410/642/610
f 411/643/611 410/642/610 408/640/608
f 407/639/607 412/644/612 409/641/609
f 412/644/612 407/639/607 410/642/610
f 410/642/610 411/643/611 413/645/613
f 350/646/541 413/645/613 411/643/611
f 413/645/613 350/646/541 345/647/536
f 342/648/533 413/645/613 345/647/536
f 414/649/614 410/642/610 413/645/613
f 413/645/613 342/648/533 414/649/614
f 410/642/610 414/649/614 412/644/612
f 340/650/531 414/649/614 342/648/533
f 414/649/614 340/650/531 415/651/615
f 415/651/615 412/644/612 414/649/614
f 339/652/530 415/651/615 340/650/531
f 412/644/612 415/651/615 416/653/616
f 412/644/612 416/653/616 409/641/609
f 415/651/615 339/652/530 417/654/617
f 417/654/617 416/653/616 415/651/615
f 418/655/618 409/641/609 416/653/616
f 418/655/618 406/638/606 409/641/609
f 416/653/616 417/654/617 419/656/619
f 416/653/616 419/656/619 418/655/618
f 339/652/530 420/657/620 417/654/617
f 339/652/530 238/658/420 420/657/620
f 417/654/617 421/659/621 419/656/619
f 417/654/617 420/657/620 421/659/621
f 238/658/420 422/660/622 420/657/620
f 422/660/622 238/658/420 235/661/417
f 420/657/620 423/662/623 421/659/621
f 420/657/620 422/660/622 423/662/623
f 235/661/417 424/663/624 422/660/622
f 424/663/624 235/661/417 231/664/412
f 230/665/411 424/663/624 231/664/412
f 424/663/624 230/665/411 425/666/625
f 426/667/626 422/660/622 424/663/624
f 425/666/625 426/667/626 424/663/624
f 422/660/622 426/667/626 423/662/623
f 426/667/626 425/666/625 427/668/627
f 428/669/628 426/667/626 427/668/627
f 428/669/628 423/662/623 426/667/626
f 427/668/627 429/670/629 428/669/628
f 423/662/623 428/669/628 430/671/630
f 430/671/630 421/659/621 423/662/623
f 431/672/631 428/669/628 429/670/629
f 428/669/628 431/672/631 430/671/630
f 429/670/629 432/673/632 431/672/631
f 421/659/621 430/671/630 433/674/633
f 433/674/633 419/656/619 421/659/621
f 430/671/630 431/672/631 434/675/634
f 430/671/630 434/675/634 433/674/633
f 432/673/632 435/676/635 431/672/631
f 435/676/635 434/675/634 431/672/631
f 435/676/635 432/673/632 436/677/636
f 419/656/619 433/674/633 437/678/637
f 437/678/637 418/655/618 419/656/619
f 433/674/633 434/675/634 438/679/638
f 438/679/638 437/678/637 433/674/633
f 434/675/634 435/676/635 439/680/639
f 438/679/638 434/675/634 439/680/639
f 436/677/640 440/681/641 435/676/635
f 439/680/639 435/676/635 440/681/641
f 440/681/641 436/677/640 441/682/642
f 438/679/638 439/680/639 442/683/643
f 443/684/644 440/681/645 441/682/642
f 441/682/642 444/685/646 443/684/644
f 297/529/481 443/684/644 444/685/646
f 443/684/644 297/529/481 296/528/480
f 439/680/639 440/681/641 445/686/647
f 443/684/644 445/686/647 440/681/641
f 442/683/643 439/680/639 445/686/647
f 443/684/644 296/528/480 446/687/648
f 445/686/647 443/684/644 446/687/648
f 446/687/648 296/528/480 447/688/649
f 296/528/480 298/530/482 447/688/649
f 446/687/648 448/689/650 445/686/647
f 442/683/643 445/686/647 448/689/650
f 446/687/648 447/688/649 449/690/651
f 448/689/650 446/687/648 449/690/651
f 450/691/652 447/688/649 298/530/482
f 449/690/651 447/688/649 450/691/652
f 450/691/652 298/530/482 451/692/653
f 298/530/482 300/532/484 451/692/653
f 385/617/583 451/692/653 300/532/484
f 451/692/653 385/617/583 452/693/654
f 385/617/583 392/624/591 452/693/654
f 453/694/655 451/692/653 452/693/654
f 392/624/591 453/694/655 452/693/654
f 453/694/655 450/691/652 451/692/653
f 453/694/655 392/624/591 454/695/656
f 392/624/591 393/625/592 454/695/657
f 455/696/658 450/691/652 453/694/655
f 454/695/656 455/696/658 453/694/655
f 450/691/652 455/696/658 449/690/651
f 393/625/659 456/697/660 454/695/656
f 455/696/658 454/695/656 456/697/660
f 456/697/660 393/625/592 397/629/596
f 457/698/661 449/690/651 455/696/658
f 456/697/660 457/698/661 455/696/658
f 449/690/651 457/698/661 448/689/650
f 397/629/596 458/699/662 456/697/660
f 457/698/661 456/697/660 458/699/662
f 458/699/662 397/629/596 400/632/600
f 459/700/663 448/689/650 457/698/661
f 458/699/662 459/700/663 457/698/661
f 459/700/663 442/683/643 448/689/650
f 400/632/600 460/701/664 458/699/662
f 459/700/663 458/699/662 460/701/664
f 460/701/664 400/632/600 403/635/603
f 461/702/665 442/683/643 459/700/663
f 460/701/664 461/702/665 459/700/663
f 461/702/665 438/679/638 442/683/643
f 437/678/637 438/679/638 461/702/665
f 403/635/603 462/703/666 460/701/664
f 461/702/665 460/701/664 462/703/666
f 462/703/666 437/678/637 461/702/665
f 462/703/666 403/635/603 406/638/606
f 437/678/637 462/703/666 418/655/618
f 406/638/606 418/655/618 462/703/666
f 463/704/667 464/705/668 465/706/669
f 464/705/668 466/707/670 465/706/669
f 467/708/671 466/707/670 464/705/668
f 466/707/670 468/709/672 465/706/669
f 465/706/669 468/709/672 469/710/673
f 466/707/670 467/708/671 470/711/674
f 468/709/675 471/712/676 469/710/673
f 472/713/677 469/710/678 471/712/676
f 473/714/679 472/713/677 471/712/676
f 466/707/670 474/715/680 468/709/675
f 474/715/680 466/707/670 470/711/681
f 468/709/672 475/716/682 471/712/676
f 475/716/682 468/709/672 474/715/680
f 473/714/679 471/712/676 476/717/683
f 475/716/682 476/717/683 471/712/676
f 477/718/684 473/714/679 476/717/683
f 477/718/684 476/717/683 478/719/685
f 478/719/685 479/720/686 477/718/684
f 476/717/683 475/716/687 480/721/688
f 478/719/685 476/717/683 480/721/689
f 479/720/686 481/722/690 482/723/691
f 481/722/690 479/720/686 483/724/692
f 479/720/686 478/719/685 483/724/692
f 481/722/690 483/724/692 484/725/693
f 483/724/692 478/719/685 485/726/694
f 480/721/689 485/726/694 478/719/685
f 483/724/692 486/727/695 484/725/693
f 483/724/692 485/726/696 486/727/695
f 484/725/693 486/727/697 487/728/698
f 484/725/699 487/728/698 488/729/700
f 489/730/701 486/727/695 485/726/694
f 486/727/695 489/730/701 487/728/698
f 490/731/702 488/729/700 487/728/698
f 489/730/701 490/731/702 487/728/698
f 488/729/700 490/731/702 491/732/703
f 485/726/694 492/733/704 489/730/701
f 485/726/694 480/721/688 492/733/704
f 490/731/702 489/730/701 493/734/705
f 492/733/704 493/734/705 489/730/701
f 494/735/706 491/732/703 490/731/702
f 493/734/705 494/735/706 490/731/702
f 491/732/703 494/735/706 495/736/707
f 493/734/705 492/733/704 496/737/708
f 497/738/709 495/736/707 494/735/706
f 495/736/707 497/738/709 498/739/710
f 494/735/706 493/734/705 499/740/711
f 499/740/711 497/738/709 494/735/706
f 496/737/708 499/740/711 493/734/705
f 500/741/712 498/739/710 497/738/709
f 498/739/710 500/741/712 501/742/713
f 497/738/709 499/740/711 502/743/714
f 502/743/714 500/741/712 497/738/709
f 499/740/711 496/737/708 503/744/715
f 503/744/715 502/743/714 499/740/711
f 500/741/712 504/745/716 501/742/713
f 501/742/713 504/745/716 505/746/717
f 500/741/712 502/743/714 506/747/718
f 507/748/719 505/746/717 504/745/716
f 505/746/717 507/748/719 508/749/720
f 500/741/712 509/750/721 504/745/716
f 509/750/721 500/741/712 506/747/718
f 504/745/716 510/751/722 507/748/719
f 510/751/722 504/745/716 509/750/721
f 511/752/723 508/749/720 507/748/719
f 508/749/720 511/752/723 512/753/724
f 510/751/722 513/754/725 507/748/719
f 513/754/726 511/752/723 507/748/719
f 514/755/727 512/753/724 511/752/723
f 513/754/726 514/755/727 511/752/723
f 512/753/724 514/755/727 515/756/728
f 516/757/729 513/754/726 510/751/722
f 514/755/727 517/758/730 515/756/728
f 515/756/728 517/758/730 518/759/731
f 517/758/730 519/760/732 518/759/731
f 514/755/727 513/754/726 520/761/733
f 514/755/727 520/761/733 517/758/730
f 521/762/734 520/761/733 513/754/726
f 513/754/726 516/757/729 521/762/734
f 519/760/732 517/758/730 522/763/735
f 522/763/735 523/764/736 519/760/732
f 520/761/733 524/765/737 517/758/730
f 523/764/736 522/763/735 525/766/738
f 526/767/739 524/765/737 520/761/733
f 520/761/733 521/762/734 526/767/739
f 527/768/740 517/758/730 524/765/737
f 517/758/730 527/768/740 522/763/735
f 524/765/737 526/767/739 528/769/741
f 528/769/741 527/768/740 524/765/737
f 529/770/742 526/767/739 521/762/734
f 526/767/739 530/771/743 528/769/741
f 526/767/739 529/770/742 530/771/743
f 527/768/740 528/769/741 531/772/744
f 521/762/734 532/773/745 529/770/742
f 532/773/745 521/762/734 516/757/729
f 533/774/746 531/772/744 528/769/741
f 533/774/746 528/769/741 530/771/743
f 534/775/747 527/768/740 531/772/744
f 531/772/744 533/774/746 535/776/748
f 535/776/748 534/775/747 531/772/744
f 536/777/749 522/763/735 527/768/740
f 527/768/740 534/775/747 536/777/749
f 522/763/735 536/777/749 525/766/738
f 534/775/747 535/776/748 537/778/750
f 538/779/751 525/766/738 536/777/749
f 539/780/752 536/777/749 534/775/747
f 536/777/749 539/780/752 538/779/751
f 540/781/753 534/775/747 537/778/750
f 534/775/747 540/781/753 539/780/752
f 535/776/748 541/782/754 537/778/750
f 541/782/754 540/781/753 537/778/750
f 541/782/754 535/776/748 542/783/755
f 533/774/746 542/783/755 535/776/748
f 540/781/753 541/782/754 543/784/756
f 533/774/746 544/785/757 542/783/755
f 530/771/743 544/785/757 533/774/746
f 542/783/755 545/786/758 541/782/754
f 545/786/758 543/784/756 541/782/754
f 544/785/757 546/787/759 542/783/755
f 545/786/758 542/783/755 546/787/759
f 530/771/743 547/788/760 544/785/757
f 529/770/742 547/788/760 530/771/743
f 546/787/759 544/785/757 548/789/761
f 547/788/760 548/789/761 544/785/757
f 546/787/759 549/790/762 545/786/758
f 529/770/742 550/791/763 547/788/760
f 549/790/762 546/787/759 551/792/764
f 548/789/761 551/792/764 546/787/759
f 551/792/764 548/789/761 552/793/765
f 553/794/766 552/793/765 548/789/761
f 532/773/745 550/791/763 529/770/742
f 548/789/761 554/795/767 553/794/766
f 548/789/761 547/788/760 554/795/767
f 550/791/763 554/795/767 547/788/760
f 554/795/767 555/796/768 553/794/766
f 555/796/768 554/795/767 556/797/769
f 550/791/763 556/797/769 554/795/767
f 556/797/769 557/798/770 555/796/768
f 532/773/745 558/799/771 550/791/763
f 558/799/771 556/797/769 550/791/763
f 557/798/770 556/797/769 559/800/772
f 558/799/771 559/800/772 556/797/769
f 560/801/773 557/798/770 559/800/772
f 561/802/774 558/799/771 532/773/745
f 516/757/729 561/802/774 532/773/745
f 562/803/775 559/800/772 558/799/771
f 558/799/771 561/802/774 562/803/775
f 559/800/772 563/804/776 560/801/773
f 559/800/772 562/803/775 563/804/776
f 564/805/777 560/801/773 563/804/776
f 561/802/774 516/757/729 565/806/778
f 510/751/722 565/806/778 516/757/729
f 565/806/778 510/751/722 509/750/721
f 563/804/776 566/807/779 564/805/777
f 566/807/779 567/808/780 564/805/777
f 565/806/778 509/750/721 568/809/781
f 506/747/718 568/809/781 509/750/721
f 561/802/774 565/806/778 569/810/782
f 568/809/781 569/810/782 565/806/778
f 569/810/782 562/803/775 561/802/774
f 506/747/718 570/811/783 568/809/781
f 570/811/783 506/747/718 502/743/714
f 502/743/714 503/744/715 570/811/783
f 568/809/781 571/812/784 569/810/782
f 571/812/785 568/809/781 570/811/783
f 569/810/782 572/813/786 562/803/775
f 571/812/784 572/813/786 569/810/782
f 572/813/786 563/804/776 562/803/775
f 563/804/776 572/813/786 566/807/779
f 570/811/783 573/814/787 571/812/784
f 573/814/787 570/811/783 503/744/715
f 571/812/785 574/815/788 572/813/786
f 573/814/787 574/815/788 571/812/784
f 574/815/788 566/807/779 572/813/786
f 573/814/787 503/744/715 575/816/789
f 496/737/708 575/816/789 503/744/715
f 573/814/787 576/817/790 574/815/788
f 575/816/789 576/817/790 573/814/787
f 566/807/779 574/815/788 577/818/791
f 576/817/790 577/818/791 574/815/788
f 567/808/780 566/807/779 577/818/791
f 577/818/791 578/819/792 567/808/780
f 578/819/792 577/818/791 579/820/793
f 576/817/790 579/820/793 577/818/791
f 580/821/794 578/819/792 579/820/793
f 576/817/790 575/816/789 581/822/795
f 581/822/795 579/820/793 576/817/790
f 579/820/793 582/823/796 580/821/797
f 579/820/793 581/822/795 582/823/796
f 583/824/798 580/821/794 582/823/796
f 584/825/799 581/822/795 575/816/789
f 496/737/708 584/825/799 575/816/789
f 584/825/799 496/737/708 492/733/704
f 480/721/688 584/825/799 492/733/704
f 584/825/799 480/721/688 475/716/687
f 475/716/800 474/715/801 584/825/799
f 584/825/799 585/826/802 581/822/795
f 585/826/802 584/825/799 474/715/801
f 585/826/802 582/823/796 581/822/795
f 470/711/681 585/826/802 474/715/680
f 582/823/796 585/826/802 586/827/803
f 585/826/802 470/711/681 586/827/803
f 586/827/803 583/824/798 582/823/796
f 470/711/681 467/708/671 586/827/803
f 583/824/798 586/827/803 467/708/671
f 587/828/804 588/829/805 589/830/806
f 588/829/805 587/828/804 590/831/807
f 590/831/807 591/832/808 588/829/805
f 587/828/804 592/833/809 590/831/807
f 592/833/809 587/828/804 593/834/810
f 591/832/808 590/831/807 594/835/811
f 592/833/809 593/834/810 595/836/812
f 596/837/813 595/836/812 593/834/810
f 597/838/814 590/831/807 592/833/809
f 590/831/807 597/838/814 594/835/811
f 598/839/815 592/833/809 595/836/812
f 592/833/809 598/839/815 597/838/814
f 596/837/813 599/840/816 595/836/812
f 599/840/817 596/837/817 600/841/818
f 595/836/812 601/842/819 598/839/815
f 601/842/819 595/836/812 599/840/816
f 600/841/818 602/843/820 599/840/816
f 602/843/820 600/841/818 603/844/821
f 599/840/816 604/845/822 601/842/819
f 604/845/822 599/840/816 602/843/820
f 603/844/821 605/846/823 602/843/820
f 605/846/823 603/844/821 606/847/824
f 607/848/825 605/846/823 606/847/824
f 602/843/820 608/849/826 604/845/822
f 608/849/826 602/843/820 605/846/823
f 605/846/823 607/848/825 609/850/827
f 609/850/827 608/849/826 605/846/823
f 610/851/828 609/850/827 607/848/825
f 608/849/826 611/852/829 604/845/822
f 611/852/829 601/842/819 604/845/822
f 610/851/828 612/853/830 609/850/827
f 613/854/831 612/853/830 610/851/828
f 609/850/827 614/855/832 608/849/826
f 612/853/830 614/855/832 609/850/827
f 615/856/833 613/854/831 616/857/834
f 613/854/831 617/858/835 612/853/830
f 613/854/831 615/856/833 617/858/835
f 617/858/835 618/859/836 612/853/830
f 612/853/830 618/859/836 614/855/832
f 615/856/833 619/860/837 617/858/835
f 617/858/835 619/860/837 618/859/836
f 619/860/837 615/856/833 620/861/838
f 618/859/836 621/862/839 614/855/832
f 620/861/838 622/863/840 619/860/837
f 622/863/840 620/861/838 623/864/841
f 619/860/837 624/865/842 618/859/836
f 619/860/837 622/863/843 624/865/844
f 624/865/844 621/862/839 618/859/836
f 623/864/841 625/866/845 622/863/843
f 625/866/845 623/864/841 626/867/846
f 622/863/840 627/868/847 624/865/842
f 622/863/843 625/866/845 627/868/847
f 624/865/842 628/869/848 621/862/839
f 627/868/847 628/869/848 624/865/842
f 626/867/846 629/870/849 625/866/845
f 629/870/849 626/867/846 630/871/850
f 625/866/845 631/872/851 627/868/847
f 631/872/851 625/866/845 629/870/849
f 627/868/847 632/873/852 628/869/848
f 632/873/852 627/868/847 631/872/851
f 630/871/850 633/874/853 629/870/849
f 633/874/853 630/871/850 634/875/854
f 629/870/849 635/876/855 631/872/851
f 635/876/855 629/870/849 633/874/853
f 631/872/851 636/877/856 632/873/852
f 636/877/856 631/872/851 635/876/855
f 634/875/854 637/878/857 633/874/853
f 637/878/857 634/875/854 638/879/858
f 633/874/853 639/880/859 635/876/855
f 633/874/853 637/878/857 639/880/859
f 635/876/855 640/881/860 636/877/856
f 639/880/859 640/881/860 635/876/855
f 638/879/858 641/882/861 637/878/857
f 641/882/861 638/879/858 642/883/862
f 637/878/857 643/884/863 639/880/859
f 637/878/857 641/882/861 643/884/863
f 639/880/859 644/885/864 640/881/860
f 643/884/863 644/885/864 639/880/859
f 642/883/862 645/886/865 641/882/861
f 645/886/865 642/883/862 646/887/866
f 646/887/866 647/888/867 645/886/865
f 641/882/861 648/889/868 643/884/863
f 648/889/868 641/882/861 645/886/865
f 649/890/869 643/884/863 648/889/868
f 643/884/863 649/890/869 644/885/864
f 645/886/865 650/891/870 648/889/868
f 648/889/868 650/891/870 649/890/869
f 651/892/871 645/886/865 647/888/867
f 650/891/870 645/886/865 651/892/871
f 647/888/867 652/893/872 651/892/871
f 653/894/873 651/892/871 652/893/872
f 653/894/873 650/891/870 651/892/871
f 652/893/872 654/895/874 653/894/873
f 653/894/873 654/895/874 655/896/875
f 656/897/876 655/896/875 654/895/874
f 650/891/870 653/894/873 657/898/877
f 655/896/878 657/898/877 653/894/873
f 650/891/870 658/899/879 649/890/869
f 657/898/877 658/899/879 650/891/870
f 655/896/875 656/897/876 659/900/880
f 657/898/877 655/896/875 660/901/881
f 655/896/875 659/900/880 660/901/881
f 658/899/879 657/898/877 661/902/882
f 660/901/881 661/902/882 657/898/877
f 658/899/879 662/903/883 649/890/869
f 644/885/864 649/890/869 662/903/883
f 661/902/882 663/904/884 658/899/879
f 662/903/883 658/899/879 663/904/884
f 644/885/864 662/903/883 664/905/885
f 664/905/885 640/881/860 644/885/864
f 663/904/884 665/906/886 662/903/883
f 662/903/883 665/906/886 664/905/885
f 640/881/860 664/905/885 666/907/887
f 666/907/887 636/877/856 640/881/860
f 664/905/885 665/906/886 667/908/888
f 667/908/888 666/907/887 664/905/885
f 636/877/856 666/907/887 668/909/889
f 632/873/852 636/877/856 668/909/889
f 666/907/887 667/908/888 669/910/890
f 669/910/890 668/909/889 666/907/887
f 632/873/852 668/909/889 670/911/891
f 628/869/848 632/873/852 670/911/891
f 668/909/889 669/910/890 671/912/892
f 670/911/891 668/909/889 671/912/892
f 628/869/848 670/911/891 672/913/893
f 672/913/893 621/862/839 628/869/848
f 670/911/891 671/912/892 673/914/894
f 672/913/893 670/911/891 673/914/894
f 621/862/839 672/913/893 674/915/895
f 674/915/895 614/855/832 621/862/839
f 614/855/832 674/915/895 608/849/826
f 611/852/829 608/849/826 674/915/895
f 675/916/896 674/915/895 672/913/893
f 674/915/895 675/916/896 611/852/829
f 672/913/893 673/914/894 675/916/896
f 675/916/896 676/917/897 611/852/829
f 601/842/819 611/852/829 676/917/897
f 676/917/897 598/839/815 601/842/819
f 677/918/898 675/916/896 673/914/894
f 598/839/815 676/917/897 678/919/899
f 678/919/899 597/838/814 598/839/815
f 676/917/897 675/916/896 679/920/900
f 679/920/900 678/919/899 676/917/897
f 675/916/896 677/918/898 679/920/900
f 597/838/814 678/919/899 680/921/901
f 680/921/901 594/835/811 597/838/814
f 678/919/899 679/920/900 681/922/902
f 681/922/902 680/921/901 678/919/899
f 679/920/900 677/918/898 681/922/902
f 594/835/811 680/921/901 682/923/903
f 594/835/811 682/923/903 591/832/808
f 591/832/808 682/923/903 683/924/904
f 680/921/901 681/922/902 684/925/905
f 684/925/905 682/923/903 680/921/901
f 685/926/906 683/924/904 682/923/903
f 682/923/903 684/925/905 685/926/906
f 683/924/904 685/926/906 686/927/907
f 687/928/908 684/925/905 681/922/902
f 677/918/898 687/928/908 681/922/902
f 688/929/909 685/926/906 684/925/905
f 684/925/905 687/928/908 688/929/909
f 685/926/906 689/930/910 686/927/907
f 685/926/906 688/929/909 689/930/910
f 686/927/907 689/930/910 690/931/911
f 677/918/898 691/932/912 687/928/908
f 673/914/894 691/932/912 677/918/898
f 691/932/912 673/914/894 671/912/892
f 691/932/912 692/933/913 687/928/908
f 692/933/913 688/929/909 687/928/908
f 671/912/892 693/934/914 691/932/912
f 693/934/914 692/933/913 691/932/912
f 669/910/890 693/934/914 671/912/892
f 688/929/909 692/933/913 694/935/915
f 694/935/915 689/930/910 688/929/909
f 692/933/913 693/934/914 695/936/916
f 695/936/916 694/935/915 692/933/913
f 669/910/890 696/937/917 693/934/914
f 667/908/888 696/937/917 669/910/890
f 693/934/914 697/938/918 695/936/916
f 696/937/917 697/938/918 693/934/919
f 694/935/915 695/936/916 698/939/920
f 697/938/918 698/939/921 695/936/916
f 689/930/910 694/935/915 699/940/922
f 698/939/921 699/940/922 694/935/915
f 689/930/910 699/940/922 690/931/911
f 690/931/911 699/940/922 700/941/923
f 701/942/924 700/941/923 699/940/922
f 699/940/922 698/939/921 701/942/924
f 700/941/923 701/942/924 702/943/925
f 698/939/920 697/938/918 703/944/926
f 703/944/926 701/942/924 698/939/920
f 704/945/927 702/943/925 701/942/924
f 701/942/924 703/944/926 704/945/927
f 702/943/925 704/945/927 705/946/928
f 706/947/929 703/944/926 697/938/918
f 696/937/917 706/947/929 697/938/918
f 707/948/930 704/945/927 703/944/926
f 703/944/926 706/947/929 707/948/930
f 708/949/931 705/946/928 704/945/927
f 704/945/927 707/948/930 708/949/931
f 705/946/928 708/949/931 709/950/932
f 710/951/933 709/950/932 708/949/931
f 707/948/930 710/951/933 708/949/931
f 709/950/932 710/951/933 711/952/934
f 710/951/933 707/948/930 712/953/935
f 706/947/929 712/953/935 707/948/930
f 713/954/936 711/952/934 710/951/933
f 712/953/935 713/954/936 710/951/933
f 711/952/934 713/954/936 714/955/937
f 706/947/929 715/956/938 712/953/935
f 716/957/939 714/955/937 713/954/936
f 714/955/937 716/957/939 717/958/940
f 716/957/939 718/959/941 717/958/940
f 713/954/936 712/953/935 719/960/942
f 719/960/942 716/957/939 713/954/936
f 715/956/938 719/960/942 712/953/935
f 718/959/941 716/957/939 720/961/943
f 720/961/943 721/962/944 718/959/941
f 716/957/939 719/960/942 722/963/945
f 720/961/943 716/957/939 722/963/945
f 719/960/942 715/956/946 723/964/947
f 723/964/947 722/963/945 719/960/942
f 721/962/944 720/961/943 724/965/948
f 724/965/948 656/897/876 721/962/944
f 656/897/876 724/965/948 659/900/880
f 722/963/945 725/966/949 720/961/943
f 724/965/948 720/961/943 725/966/949
f 722/963/945 723/964/947 726/967/950
f 725/966/949 722/963/945 726/967/950
f 659/900/880 724/965/948 727/968/951
f 660/901/881 659/900/880 727/968/951
f 725/966/949 728/969/952 724/965/953
f 727/968/951 724/965/948 728/969/952
f 725/966/949 726/967/950 729/970/954
f 728/969/952 725/966/949 729/970/954
f 660/901/881 727/968/951 730/971/955
f 661/902/882 660/901/881 730/971/955
f 727/968/951 728/969/952 731/972/956
f 730/971/955 727/968/951 731/972/956
f 732/973/957 661/902/882 730/971/955
f 732/973/957 730/971/955 731/972/956
f 663/904/884 661/902/882 732/973/957
f 731/972/956 728/969/952 733/974/958
f 729/970/954 733/974/958 728/969/952
f 734/975/959 731/972/956 733/974/958
f 729/970/954 734/975/959 733/974/958
f 731/972/956 734/975/959 732/973/957
f 732/973/957 735/976/960 663/904/884
f 735/976/960 732/973/961 734/975/959
f 665/906/886 663/904/884 735/976/960
f 734/975/959 729/970/954 736/977/962
f 734/975/959 736/977/962 735/976/960
f 729/970/954 726/967/950 736/977/962
f 723/964/947 736/977/962 726/967/950
f 735/976/960 736/977/962 737/978/963
f 736/977/962 723/964/947 737/978/963
f 737/978/963 665/906/886 735/976/960
f 715/956/938 737/978/963 723/964/947
f 665/906/886 737/978/963 738/979/964
f 715/956/946 738/979/964 737/978/963
f 738/979/964 667/908/888 665/906/886
f 738/979/964 715/956/938 706/947/929
f 667/908/888 738/979/964 696/937/917
f 706/947/929 696/937/917 738/979/964
f 549/790/762 739/980/965 545/786/758
f 739/980/965 549/790/762 740/981/966
f 543/784/756 545/786/758 739/980/967
f 740/981/966 741/982/968 739/980/967
f 741/982/968 543/784/756 739/980/965
f 741/982/968 740/981/966 742/983/969
f 743/984/970 741/982/968 742/983/969
f 543/784/756 741/982/968 744/985/971
f 744/985/971 540/781/753 543/784/756
f 741/982/968 743/984/970 745/986/972
f 745/986/972 744/985/971 741/982/968
f 540/781/753 744/985/971 746/987/973
f 746/987/973 539/780/752 540/781/753
f 745/986/972 747/988/974 744/985/971
f 747/988/974 746/987/975 744/985/971
f 743/984/976 748/989/977 745/986/972
f 743/984/970 749/990/978 748/989/977
f 745/986/972 750/991/979 747/988/974
f 750/991/979 745/986/972 748/989/977
f 747/988/974 751/992/980 746/987/975
f 749/990/978 752/993/981 748/989/977
f 752/993/981 749/990/978 753/994/982
f 753/994/982 754/995/983 752/993/981
f 751/992/980 747/988/974 755/996/984
f 750/991/979 755/996/984 747/988/985
f 756/997/986 746/987/975 751/992/980
f 755/996/984 756/997/986 751/992/980
f 746/987/975 757/998/987 539/780/752
f 746/987/975 756/997/986 757/998/987
f 757/998/987 538/779/751 539/780/752
f 756/997/986 755/996/984 758/999/988
f 538/779/751 757/998/987 759/1000/989
f 756/997/986 760/1001/990 757/998/987
f 759/1000/989 757/998/987 760/1001/990
f 761/1002/991 756/997/986 758/999/988
f 756/997/986 761/1002/991 760/1001/990
f 758/999/988 755/996/984 762/1003/992
f 750/991/979 762/1003/992 755/996/984
f 761/1002/991 758/999/988 763/1004/993
f 758/999/988 762/1003/992 763/1004/993
f 762/1003/992 750/991/979 764/1005/994
f 748/989/977 764/1005/994 750/991/979
f 764/1005/994 748/989/977 752/993/981
f 764/1005/994 765/1006/995 762/1003/992
f 763/1004/993 762/1003/992 765/1006/995
f 752/993/981 766/1007/996 764/1005/994
f 765/1006/995 764/1005/994 766/1007/996
f 766/1007/996 752/993/981 767/1008/997
f 754/995/983 767/1008/997 752/993/981
f 768/1009/998 767/1008/997 754/995/983
f 766/1007/996 769/1010/999 765/1006/995
f 767/1008/997 768/1009/998 770/1011/1000
f 771/1012/1001 770/1011/1000 768/1009/998
f 767/1008/997 772/1013/1002 766/1007/996
f 772/1013/1002 767/1008/997 770/1011/1000
f 769/1010/999 766/1007/996 772/1013/1002
f 770/1011/1000 771/1012/1001 773/1014/1003
f 771/1012/1001 774/1015/1004 773/1014/1003
f 770/1011/1000 775/1016/1005 772/1013/1002
f 775/1016/1005 770/1011/1000 773/1014/1003
f 772/1013/1002 776/1017/1006 769/1010/999
f 776/1017/1006 772/1013/1002 775/1016/1005
f 774/1015/1004 777/1018/1007 773/1014/1003
f 774/1015/1004 778/1019/1008 777/1018/1007
f 773/1014/1003 779/1020/1009 775/1016/1005
f 779/1020/1009 773/1014/1003 777/1018/1007
f 776/1017/1006 775/1016/1005 780/1021/1010
f 779/1020/1011 780/1021/1010 775/1016/1005
f 778/1019/1008 781/1022/1012 777/1018/1007
f 782/1023/1013 781/1022/1012 778/1019/1008
f 777/1018/1007 783/1024/1014 779/1020/1009
f 783/1024/1014 777/1018/1007 781/1022/1012
f 781/1022/1012 782/1023/1013 784/1025/1015
f 463/1026/667 784/1025/1015 782/1023/1013
f 784/1025/1015 463/1026/667 465/1027/669
f 469/1028/673 784/1025/1015 465/1027/669
f 785/1029/1016 781/1022/1012 784/1025/1015
f 784/1025/1015 469/1028/673 785/1029/1016
f 781/1022/1012 785/1029/1016 783/1024/1014
f 472/1030/677 785/1029/1016 469/1028/673
f 786/1031/1017 783/1024/1014 785/1029/1016
f 785/1029/1016 472/1030/677 786/1031/1017
f 787/1032/1018 779/1020/1011 783/1024/1014
f 783/1024/1014 786/1031/1017 787/1032/1019
f 779/1020/1011 787/1032/1018 780/1021/1010
f 472/1030/677 788/1033/1020 786/1031/1017
f 788/1033/1020 472/1030/677 473/1034/679
f 786/1031/1017 789/1035/1021 787/1032/1019
f 789/1035/1021 786/1031/1017 788/1033/1020
f 790/1036/1022 780/1021/1010 787/1032/1018
f 790/1036/1022 787/1032/1018 789/1035/1021
f 473/1034/679 791/1037/1023 788/1033/1020
f 791/1037/1023 473/1034/679 477/1038/684
f 788/1033/1020 792/1039/1024 789/1035/1021
f 792/1039/1024 788/1033/1020 791/1037/1023
f 793/1040/1025 789/1035/1021 792/1039/1024
f 793/1040/1025 790/1036/1022 789/1035/1021
f 794/1041/1026 792/1039/1024 791/1037/1023
f 794/1041/1026 793/1040/1025 792/1039/1024
f 795/1042/1027 791/1037/1023 477/1038/684
f 794/1041/1026 791/1037/1023 795/1042/1027
f 795/1042/1027 477/1038/684 479/1043/686
f 482/1044/691 795/1042/1027 479/1043/686
f 795/1042/1027 482/1044/691 796/1045/1028
f 796/1045/1028 794/1041/1026 795/1042/1027
f 794/1041/1026 796/1045/1028 797/1046/1029
f 797/1046/1029 798/1047/1030 794/1041/1026
f 793/1040/1025 794/1041/1026 798/1047/1030
f 798/1047/1030 797/1046/1029 799/1048/1031
f 798/1047/1030 800/1049/1032 793/1040/1025
f 800/1049/1032 790/1036/1022 793/1040/1025
f 799/1048/1031 801/1050/1033 798/1047/1030
f 800/1049/1032 798/1047/1030 801/1050/1033
f 801/1050/1033 799/1048/1031 802/1051/1034
f 802/1051/1034 803/1052/1035 801/1050/1033
f 803/1052/1035 800/1049/1032 801/1050/1033
f 803/1052/1035 802/1051/1034 804/1053/1036
f 790/1036/1022 800/1049/1032 805/1054/1037
f 805/1054/1037 780/1021/1010 790/1036/1022
f 805/1054/1037 776/1017/1006 780/1021/1010
f 806/1055/1038 800/1049/1032 803/1052/1035
f 806/1055/1038 805/1054/1037 800/1049/1032
f 804/1053/1036 807/1056/1039 803/1052/1035
f 807/1056/1039 806/1055/1038 803/1052/1035
f 807/1056/1039 804/1053/1036 808/1057/1040
f 809/1058/1041 776/1017/1006 805/1054/1037
f 805/1054/1037 806/1055/1038 809/1058/1041
f 776/1017/1006 809/1058/1041 769/1010/999
f 810/1059/1042 806/1055/1038 807/1056/1039
f 810/1059/1042 809/1058/1041 806/1055/1038
f 808/1057/1040 811/1060/1043 807/1056/1039
f 811/1060/1043 810/1059/1042 807/1056/1039
f 811/1060/1043 808/1057/1040 812/1061/1044
f 813/1062/1045 811/1060/1043 812/1061/1044
f 814/1063/1046 769/1010/999 809/1058/1041
f 809/1058/1041 810/1059/1042 814/1063/1046
f 769/1010/999 814/1063/1046 765/1006/995
f 763/1004/993 765/1006/995 814/1063/1046
f 815/1064/1047 814/1063/1046 810/1059/1042
f 814/1063/1046 815/1064/1047 763/1004/993
f 810/1059/1042 811/1060/1043 815/1064/1047
f 761/1002/991 763/1004/993 815/1064/1047
f 816/1065/1048 815/1064/1047 811/1060/1043
f 815/1064/1047 816/1065/1048 761/1002/991
f 811/1060/1043 813/1062/1045 816/1065/1048
f 816/1065/1048 760/1001/990 761/1002/991
f 817/1066/1049 816/1065/1048 813/1062/1045
f 760/1001/990 816/1065/1048 818/1067/1050
f 818/1067/1051 816/1065/1048 817/1066/1049
f 818/1067/1050 759/1000/989 760/1001/990
f 817/1066/1049 819/1068/1052 818/1067/1051
f 759/1000/989 818/1067/1050 819/1068/1052
f 819/1068/1052 817/1066/1049 820/1069/1053
f 820/1069/1053 821/1070/1054 819/1068/1052
f 822/1071/1055 759/1000/989 819/1068/1052
f 819/1068/1052 821/1070/1054 822/1071/1055
f 759/1000/989 822/1071/1055 538/779/751
f 523/764/736 822/1071/1055 821/1070/1054
f 538/779/751 822/1071/1055 525/766/738
f 822/1071/1055 523/764/736 525/766/738
f 349/1072/540 823/1073/1056 351/1074/545
f 823/1073/1056 354/1075/548 351/1074/545
f 823/1073/1057 349/1072/540 824/1076/1058
f 350/1077/541 824/1076/1058 349/1072/540
f 354/1075/548 823/1073/1057 825/1078/1059
f 825/1078/1059 356/1079/550 354/1075/548
f 824/1076/1058 826/1080/1060 823/1073/1061
f 826/1080/1060 825/1078/1059 823/1073/1056
f 824/1076/1058 350/1077/541 827/1081/1062
f 350/1077/541 411/1082/611 827/1081/1062
f 826/1080/1060 824/1076/1058 828/1083/1063
f 827/1081/1062 828/1083/1063 824/1076/1058
f 411/1082/611 829/1084/1064 827/1081/1062
f 411/1082/611 408/1085/608 829/1084/1065
f 828/1083/1063 827/1081/1062 830/1086/1066
f 827/1081/1062 829/1084/1064 830/1086/1066
f 408/1085/608 831/1087/1067 829/1084/1064
f 405/1088/605 831/1087/1067 408/1085/608
f 829/1084/1064 832/1089/1068 830/1086/1066
f 829/1084/1064 831/1087/1067 832/1089/1068
f 833/1090/1069 828/1083/1063 830/1086/1066
f 830/1086/1066 832/1089/1068 833/1090/1069
f 831/1087/1067 405/1088/605 834/1091/1070
f 402/1092/602 834/1091/1070 405/1088/605
f 831/1087/1067 835/1093/1071 832/1089/1068
f 834/1091/1070 835/1093/1071 831/1087/1067
f 834/1091/1070 402/1092/602 836/1094/1072
f 402/1092/602 399/1095/598 836/1094/1072
f 835/1093/1071 834/1091/1070 837/1096/1073
f 836/1094/1072 837/1096/1073 834/1091/1070
f 838/1097/1074 832/1089/1068 835/1093/1071
f 837/1096/1073 838/1097/1074 835/1093/1071
f 832/1089/1068 838/1097/1074 833/1090/1069
f 399/1095/598 839/1098/1075 836/1094/1072
f 399/1095/598 396/1099/595 839/1098/1075
f 837/1096/1073 836/1094/1072 840/1100/1076
f 836/1094/1072 839/1098/1075 840/1100/1076
f 838/1097/1074 837/1096/1073 841/1101/1077
f 840/1100/1076 841/1101/1077 837/1096/1073
f 396/1099/595 842/1102/1078 839/1098/1075
f 395/1103/594 842/1102/1078 396/1099/595
f 839/1098/1075 843/1104/1079 840/1100/1076
f 839/1098/1075 842/1102/1078 843/1104/1079
f 841/1101/1077 840/1100/1076 844/1105/1080
f 843/1104/1079 844/1105/1080 840/1100/1076
f 845/1106/1081 838/1097/1074 841/1101/1077
f 841/1101/1077 844/1105/1080 845/1106/1081
f 845/1106/1081 846/1107/1082 838/1097/1074
f 846/1107/1082 833/1090/1069 838/1097/1074
f 844/1105/1080 843/1104/1079 847/1108/1083
f 833/1090/1069 846/1107/1082 848/1109/1084
f 848/1109/1084 828/1083/1063 833/1090/1069
f 828/1083/1063 848/1109/1084 826/1080/1060
f 848/1109/1084 849/1110/1085 826/1080/1060
f 825/1078/1059 826/1080/1060 849/1110/1086
f 846/1107/1082 850/1111/1087 848/1109/1084
f 849/1110/1086 848/1109/1084 850/1111/1087
f 825/1078/1059 849/1110/1085 851/1112/1088
f 356/1079/550 825/1078/1059 851/1112/1088
f 851/1112/1088 358/1113/552 356/1079/550
f 849/1110/1086 852/1114/1089 851/1112/1088
f 849/1110/1086 850/1111/1087 852/1114/1089
f 358/1113/552 851/1112/1088 853/1115/1090
f 852/1114/1089 853/1115/1090 851/1112/1088
f 360/1116/554 358/1113/552 853/1115/1090
f 854/1117/1091 852/1114/1089 850/1111/1087
f 853/1115/1090 855/1118/1092 360/1116/554
f 362/1119/556 360/1116/554 855/1118/1092
f 853/1115/1090 852/1114/1089 856/1120/1093
f 855/1118/1092 853/1115/1090 856/1120/1093
f 852/1114/1089 854/1117/1091 856/1120/1093
f 855/1118/1092 857/1121/1094 362/1119/556
f 857/1121/1094 364/1122/558 362/1119/556
f 856/1120/1093 858/1123/1095 855/1118/1092
f 857/1121/1094 855/1118/1092 858/1123/1095
f 858/1123/1095 856/1120/1093 854/1117/1091
f 364/1122/558 857/1121/1094 859/1124/1096
f 859/1124/1096 366/1125/561 364/1122/558
f 858/1123/1095 860/1126/1097 857/1121/1094
f 860/1126/1097 859/1124/1096 857/1121/1094
f 854/1117/1091 861/1127/1098 858/1123/1095
f 860/1126/1097 858/1123/1095 861/1127/1098
f 366/1125/561 859/1124/1096 862/1128/1099
f 368/1129/564 366/1125/561 862/1128/1099
f 859/1124/1096 860/1126/1097 863/1130/1100
f 863/1130/1100 862/1128/1099 859/1124/1096
f 861/1127/1098 863/1130/1100 860/1126/1097
f 862/1128/1099 864/1131/1101 368/1129/564
f 370/1132/566 368/1129/564 864/1131/1101
f 862/1128/1099 863/1130/1100 865/1133/1102
f 864/1131/1101 862/1128/1099 865/1133/1102
f 864/1131/1101 866/1134/1103 370/1132/566
f 866/1134/1103 372/1135/568 370/1132/566
f 865/1133/1102 867/1136/1104 864/1131/1101
f 866/1134/1103 864/1131/1101 867/1136/1104
f 868/1137/1105 865/1133/1102 863/1130/1100
f 863/1130/1100 861/1127/1098 868/1137/1105
f 865/1133/1102 869/1138/1106 867/1136/1104
f 867/1136/1104 870/1139/1107 866/1134/1103
f 869/1138/1108 870/1139/1107 867/1136/1109
f 372/1135/568 866/1134/1103 871/1140/1110
f 870/1139/1107 871/1140/1110 866/1134/1103
f 872/1141/1111 869/1138/1108 865/1133/1102
f 865/1133/1102 868/1137/1105 872/1141/1111
f 870/1139/1107 869/1138/1106 873/1142/1112
f 872/1141/1111 874/1143/1113 869/1138/1106
f 874/1143/1113 873/1142/1112 869/1138/1108
f 868/1137/1105 875/1144/1114 872/1141/1111
f 874/1143/1113 872/1141/1111 875/1144/1114
f 876/1145/1115 870/1139/1107 873/1142/1112
f 871/1140/1110 870/1139/1107 876/1145/1115
f 873/1142/1112 874/1143/1113 877/1146/1116
f 878/1147/1117 871/1140/1110 876/1145/1115
f 873/1142/1112 879/1148/1118 876/1145/1115
f 878/1147/1117 876/1145/1115 879/1148/1118
f 879/1148/1118 873/1142/1112 877/1146/1116
f 880/1149/1119 871/1140/1110 878/1147/1117
f 880/1149/1119 372/1135/568 871/1140/1110
f 373/1150/569 372/1135/568 880/1149/1119
f 879/1148/1118 881/1151/1120 878/1147/1117
f 881/1151/1120 880/1149/1119 878/1147/1117
f 882/1152/1121 373/1150/569 880/1149/1119
f 880/1149/1119 881/1151/1120 882/1152/1121
f 373/1150/569 882/1152/1121 375/1153/571
f 883/1154/1122 881/1151/1120 879/1148/1118
f 877/1146/1116 883/1154/1122 879/1148/1118
f 884/1155/1123 882/1152/1121 881/1151/1120
f 881/1151/1120 883/1154/1122 884/1155/1123
f 885/1156/1124 375/1153/571 882/1152/1121
f 882/1152/1121 884/1155/1123 885/1156/1124
f 375/1153/571 885/1156/1124 378/1157/574
f 885/1156/1124 383/1158/580 378/1157/574
f 884/1155/1123 886/1159/1125 885/1156/1124
f 383/1158/582 885/1156/1124 886/1159/1125
f 883/1154/1122 887/1160/1126 884/1155/1123
f 886/1159/1125 884/1155/1123 887/1160/1126
f 888/1161/1127 383/1158/580 886/1159/1125
f 888/1161/1127 886/1159/1125 887/1160/1126
f 383/1158/580 888/1161/1127 384/1162/581
f 888/1161/1127 391/1163/590 384/1162/581
f 883/1154/1122 889/1164/1128 887/1160/1126
f 883/1154/1122 877/1146/1116 889/1164/1128
f 887/1160/1126 890/1165/1129 888/1161/1127
f 887/1160/1126 889/1164/1128 890/1165/1129
f 391/1163/590 888/1161/1127 891/1166/1130
f 890/1165/1129 891/1166/1130 888/1161/1127
f 395/1103/594 391/1163/590 891/1166/1130
f 892/1167/1131 889/1164/1128 877/1146/1116
f 874/1143/1113 892/1167/1131 877/1146/1116
f 889/1164/1128 893/1168/1132 890/1165/1129
f 892/1167/1131 893/1168/1132 889/1164/1128
f 891/1166/1130 890/1165/1129 894/1169/1133
f 890/1165/1129 893/1168/1132 894/1169/1133
f 891/1166/1130 895/1170/1134 395/1103/594
f 895/1170/1134 891/1166/1130 894/1169/1133
f 842/1102/1078 395/1103/594 895/1170/1134
f 896/1171/1135 894/1169/1133 893/1168/1132
f 894/1169/1133 896/1171/1135 895/1170/1134
f 895/1170/1134 897/1172/1136 842/1102/1078
f 897/1172/1136 895/1170/1134 896/1171/1135
f 842/1102/1078 897/1172/1136 843/1104/1079
f 897/1172/1136 847/1108/1083 843/1104/1079
f 893/1168/1132 898/1173/1137 896/1171/1135
f 897/1172/1136 896/1171/1135 898/1173/1137
f 893/1168/1132 892/1167/1131 898/1173/1137
f 847/1108/1083 897/1172/1136 898/1173/1137
f 899/1174/1138 898/1173/1137 892/1167/1131
f 898/1173/1137 899/1174/1138 847/1108/1083
f 892/1167/1131 874/1143/1113 899/1174/1138
f 875/1144/1114 899/1174/1138 874/1143/1113
f 900/1175/1139 847/1108/1083 899/1174/1138
f 899/1174/1138 875/1144/1114 900/1175/1139
f 847/1108/1083 900/1175/1139 844/1105/1080
f 900/1175/1139 845/1106/1081 844/1105/1080
f 875/1144/1114 901/1176/1140 900/1175/1139
f 845/1106/1081 900/1175/1139 901/1176/1140
f 901/1176/1141 875/1144/1114 868/1137/1105
f 861/1127/1098 901/1176/1141 868/1137/1105
f 901/1176/1140 902/1177/1142 845/1106/1081
f 901/1176/1140 861/1127/1098 902/1177/1142
f 846/1107/1082 845/1106/1081 902/1177/1142
f 854/1117/1091 902/1177/1142 861/1127/1098
f 850/1111/1087 846/1107/1082 902/1177/1142
f 902/1177/1142 854/1117/1091 850/1111/1087
f 549/1178/762 903/1179/1143 740/1180/966
f 903/1179/1143 742/1181/969 740/1180/966
f 903/1179/1143 549/1178/762 904/1182/1144
f 551/1183/764 904/1182/1144 549/1178/762
f 742/1181/969 903/1179/1143 905/1184/1145
f 904/1182/1144 551/1183/764 906/1185/1146
f 551/1183/764 552/1186/765 906/1185/1146
f 904/1182/1144 907/1187/1147 903/1179/1143
f 907/1187/1147 905/1184/1145 903/1179/1143
f 906/1185/1146 908/1188/1148 904/1182/1144
f 907/1187/1147 904/1182/1144 908/1188/1148
f 909/1189/1149 742/1181/969 905/1184/1145
f 742/1181/969 909/1189/1149 743/1190/970
f 909/1189/1149 749/1191/978 743/1190/970
f 905/1184/1145 907/1187/1147 910/1192/1150
f 910/1192/1150 909/1189/1149 905/1184/1145
f 749/1191/978 909/1189/1149 911/1193/1151
f 911/1193/1151 753/1194/982 749/1191/978
f 909/1189/1149 910/1192/1150 912/1195/1152
f 912/1195/1152 911/1193/1151 909/1189/1149
f 913/1196/1153 910/1192/1150 907/1187/1147
f 908/1188/1148 913/1196/1153 907/1187/1147
f 912/1195/1152 910/1192/1150 914/1197/1154
f 910/1192/1150 913/1196/1153 914/1197/1154
f 911/1193/1151 912/1195/1152 915/1198/1155
f 753/1194/982 911/1193/1151 916/1199/1156
f 916/1199/1156 911/1193/1151 915/1198/1155
f 916/1199/1156 754/1200/983 753/1194/982
f 917/1201/1157 915/1198/1155 912/1195/1152
f 917/1201/1157 912/1195/1152 914/1197/1154
f 916/1199/1156 915/1198/1155 918/1202/1158
f 918/1202/1158 915/1198/1155 917/1201/1157
f 754/1200/983 916/1199/1156 919/1203/1159
f 920/1204/1160 916/1199/1156 918/1202/1158
f 916/1199/1156 920/1204/1160 919/1203/1159
f 921/1205/1161 918/1202/1158 917/1201/1157
f 918/1202/1158 921/1205/1161 920/1204/1160
f 922/1206/1162 754/1200/983 919/1203/1159
f 754/1200/983 922/1206/1162 768/1207/998
f 920/1204/1160 923/1208/1163 919/1203/1159
f 919/1203/1159 923/1208/1163 922/1206/1162
f 924/1209/1164 768/1207/998 922/1206/1162
f 768/1207/998 924/1209/1164 771/1210/1001
f 923/1208/1163 925/1211/1165 922/1206/1162
f 922/1206/1162 925/1211/1166 924/1209/1164
f 920/1204/1160 926/1212/1167 923/1208/1163
f 926/1212/1167 920/1204/1160 921/1205/1161
f 923/1208/1163 927/1213/1168 925/1211/1169
f 927/1213/1168 923/1208/1163 926/1212/1167
f 928/1214/1170 924/1209/1164 925/1211/1169
f 927/1213/1168 928/1214/1170 925/1211/1169
f 929/1215/1171 771/1210/1001 924/1209/1164
f 924/1209/1164 928/1214/1170 929/1215/1171
f 771/1210/1001 929/1215/1171 774/1216/1004
f 928/1214/1170 927/1213/1168 930/1217/1172
f 931/1218/1173 774/1216/1004 929/1215/1171
f 774/1216/1004 931/1218/1173 778/1219/1008
f 932/1220/1174 929/1215/1171 928/1214/1170
f 929/1215/1171 932/1220/1174 931/1218/1173
f 932/1220/1174 928/1214/1170 933/1221/1175
f 930/1217/1172 933/1221/1175 928/1214/1170
f 934/1222/1176 931/1218/1173 932/1220/1177
f 933/1221/1175 934/1222/1176 932/1220/1177
f 935/1223/1178 778/1219/1008 931/1218/1173
f 931/1218/1173 934/1222/1176 935/1223/1178
f 778/1219/1008 935/1223/1178 782/1224/1013
f 934/1222/1176 936/1225/1179 935/1223/1178
f 935/1223/1178 937/1226/1180 782/1224/1013
f 937/1226/1180 935/1223/1178 936/1225/1179
f 782/1224/1013 937/1226/1181 463/1227/667
f 938/1228/1182 936/1225/1179 934/1222/1176
f 933/1221/1175 938/1228/1182 934/1222/1176
f 939/1229/1183 937/1226/1180 936/1225/1179
f 938/1228/1182 939/1229/1183 936/1225/1179
f 940/1230/1184 463/1227/667 937/1226/1181
f 937/1226/1180 939/1229/1183 940/1230/1184
f 463/1227/667 940/1230/1184 464/1231/668
f 941/1232/1185 939/1229/1183 938/1228/1182
f 942/1233/1186 464/1231/668 940/1230/1184
f 464/1231/668 942/1233/1186 467/1234/671
f 940/1230/1184 939/1229/1183 943/1235/1187
f 940/1230/1184 943/1235/1187 942/1233/1186
f 939/1229/1183 941/1232/1185 943/1235/1187
f 467/1234/671 942/1233/1186 944/1236/1188
f 943/1235/1187 944/1236/1188 942/1233/1186
f 467/1234/671 944/1236/1188 583/1237/798
f 583/1237/798 944/1236/1188 580/1238/794
f 944/1236/1188 943/1235/1187 945/1239/1189
f 943/1235/1187 941/1232/1185 945/1239/1190
f 944/1236/1188 946/1240/1191 580/1238/797
f 945/1239/1192 946/1240/1191 944/1236/1188
f 946/1240/1191 578/1241/792 580/1238/794
f 947/1242/1193 945/1239/1190 941/1232/1185
f 578/1241/792 946/1240/1191 948/1243/1194
f 948/1243/1194 567/1244/780 578/1241/792
f 946/1240/1191 945/1239/1190 949/1245/1195
f 949/1245/1195 948/1243/1194 946/1240/1191
f 945/1239/1190 947/1242/1193 949/1245/1195
f 567/1244/780 948/1243/1194 950/1246/1196
f 950/1246/1196 564/1247/777 567/1244/780
f 948/1243/1194 949/1245/1195 951/1248/1197
f 950/1246/1196 948/1243/1194 951/1248/1197
f 949/1245/1195 952/1249/1198 951/1248/1197
f 952/1249/1198 949/1245/1195 947/1242/1193
f 950/1246/1196 951/1248/1197 953/1250/1199
f 951/1248/1197 952/1249/1198 953/1250/1199
f 564/1247/777 950/1246/1196 954/1251/1200
f 953/1250/1199 954/1251/1200 950/1246/1196
f 954/1251/1200 560/1252/773 564/1247/777
f 954/1251/1200 953/1250/1199 955/1253/1201
f 560/1252/773 954/1251/1200 956/1254/1202
f 955/1253/1201 956/1254/1202 954/1251/1200
f 956/1254/1202 557/1255/770 560/1252/773
f 953/1250/1199 957/1256/1203 955/1253/1201
f 957/1256/1203 953/1250/1199 952/1249/1198
f 956/1254/1202 955/1253/1201 958/1257/1204
f 958/1257/1204 955/1253/1201 957/1256/1203
f 557/1255/770 956/1254/1202 959/1258/1205
f 958/1257/1204 959/1258/1205 956/1254/1202
f 959/1258/1205 555/1259/768 557/1255/770
f 555/1259/768 959/1258/1205 960/1260/1206
f 960/1260/1206 553/1261/766 555/1259/768
f 959/1258/1205 958/1257/1204 961/1262/1207
f 961/1262/1207 960/1260/1206 959/1258/1205
f 553/1261/766 960/1260/1206 962/1263/1208
f 962/1263/1208 552/1186/765 553/1261/766
f 960/1260/1206 961/1262/1207 963/1264/1209
f 963/1264/1209 962/1263/1208 960/1260/1206
f 552/1186/765 962/1263/1208 964/1265/1210
f 964/1265/1210 906/1185/1146 552/1186/765
f 962/1263/1208 963/1264/1209 965/1266/1211
f 965/1266/1211 964/1265/1210 962/1263/1208
f 906/1185/1146 964/1265/1210 966/1267/1212
f 908/1188/1148 906/1185/1146 966/1267/1212
f 964/1265/1210 965/1266/1211 967/1268/1213
f 966/1267/1212 964/1265/1210 967/1268/1213
f 968/1269/1214 908/1188/1148 966/1267/1212
f 968/1269/1214 966/1267/1212 967/1268/1213
f 913/1196/1153 908/1188/1148 968/1269/1214
f 969/1270/1215 967/1268/1213 965/1266/1211
f 967/1268/1213 969/1270/1215 968/1269/1214
f 968/1269/1214 970/1271/1216 913/1196/1153
f 970/1271/1216 968/1269/1214 969/1270/1215
f 970/1271/1216 914/1197/1154 913/1196/1153
f 965/1266/1211 971/1272/1217 969/1270/1215
f 971/1272/1217 970/1271/1216 969/1270/1215
f 971/1272/1217 965/1266/1211 963/1264/1209
f 963/1264/1209 961/1262/1207 971/1272/1217
f 914/1197/1154 970/1271/1216 972/1273/1218
f 914/1197/1154 972/1273/1218 917/1201/1157
f 921/1205/1161 917/1201/1157 972/1273/1218
f 970/1271/1216 971/1272/1217 973/1274/1219
f 970/1271/1216 973/1274/1219 972/1273/1218
f 974/1275/1220 921/1205/1161 972/1273/1218
f 974/1275/1220 972/1273/1218 973/1274/1219
f 921/1205/1161 974/1275/1220 926/1212/1167
f 975/1276/1221 973/1274/1219 971/1272/1217
f 975/1276/1221 971/1272/1217 961/1262/1207
f 973/1274/1219 976/1277/1222 974/1275/1220
f 973/1274/1219 975/1276/1221 976/1277/1222
f 977/1278/1223 926/1212/1167 974/1275/1220
f 977/1278/1223 974/1275/1220 976/1277/1222
f 926/1212/1167 977/1278/1223 927/1213/1168
f 930/1217/1172 927/1213/1168 977/1278/1223
f 978/1279/1224 975/1276/1221 961/1262/1207
f 978/1279/1224 976/1277/1222 975/1276/1221
f 961/1262/1207 958/1257/1204 978/1279/1224
f 957/1256/1203 978/1279/1224 958/1257/1204
f 976/1277/1222 978/1279/1224 979/1280/1225
f 978/1279/1224 957/1256/1203 979/1280/1225
f 979/1280/1225 977/1278/1223 976/1277/1222
f 930/1217/1172 977/1278/1223 980/1281/1226
f 977/1278/1223 979/1280/1225 980/1281/1226
f 980/1281/1226 933/1221/1175 930/1217/1172
f 981/1282/1227 979/1280/1225 957/1256/1203
f 981/1282/1227 980/1281/1226 979/1280/1225
f 952/1249/1198 981/1282/1227 957/1256/1203
f 947/1242/1193 981/1282/1227 952/1249/1198
f 933/1221/1175 980/1281/1226 982/1283/1228
f 980/1281/1226 981/1282/1227 982/1283/1228
f 981/1282/1227 947/1242/1193 982/1283/1228
f 982/1283/1228 938/1228/1182 933/1221/1175
f 941/1232/1185 982/1283/1228 947/1242/1193
f 938/1228/1182 982/1283/1228 941/1232/1185
f 983/1284/1229 223/1285/404 162/1286/341
f 144/1287/320 983/1284/1229 162/1286/341
f 223/1285/404 983/1284/1229 984/1288/1230
f 984/1288/1230 224/1289/405 223/1285/404
f 985/1290/1231 983/1284/1229 144/1287/320
f 141/1291/316 985/1290/1231 144/1287/320
f 986/1292/1232 984/1288/1230 983/1284/1229
f 985/1290/1233 986/1292/1232 983/1284/1229
f 224/1289/405 984/1288/1230 987/1293/1234
f 987/1293/1234 226/1294/407 224/1289/405
f 985/1290/1231 141/1291/316 988/1295/1235
f 138/1296/313 988/1295/1235 141/1291/316
f 984/1288/1230 989/1297/1236 987/1293/1234
f 989/1297/1236 984/1288/1230 986/1292/1232
f 987/1293/1234 990/1298/1237 226/1294/407
f 989/1297/1236 990/1298/1237 987/1293/1234
f 991/1299/1238 226/1294/407 990/1298/1237
f 226/1294/407 991/1299/1238 227/1300/408
f 990/1298/1237 989/1297/1236 992/1301/1239
f 992/1301/1239 991/1299/1238 990/1298/1237
f 993/1302/1240 227/1300/408 991/1299/1238
f 227/1300/408 993/1302/1240 201/1303/382
f 993/1302/1240 198/1304/379 201/1303/382
f 991/1299/1238 992/1301/1239 994/1305/1241
f 991/1299/1238 994/1305/1241 993/1302/1240
f 198/1304/379 993/1302/1240 995/1306/1242
f 995/1306/1242 993/1302/1240 994/1305/1241
f 995/1306/1242 195/1307/376 198/1304/379
f 996/1308/1243 994/1305/1241 992/1301/1239
f 989/1297/1236 996/1308/1243 992/1301/1239
f 995/1306/1242 994/1305/1241 997/1309/1244
f 996/1308/1243 997/1309/1244 994/1305/1241
f 195/1307/376 995/1306/1242 998/1310/1245
f 998/1310/1245 995/1306/1242 997/1309/1244
f 998/1310/1245 192/1311/373 195/1307/376
f 996/1308/1243 989/1297/1236 999/1312/1246
f 986/1292/1232 999/1312/1246 989/1297/1236
f 192/1311/373 998/1310/1245 1000/1313/1247
f 1000/1313/1247 190/1314/371 192/1311/373
f 999/1312/1246 986/1292/1232 1001/1315/1248
f 1001/1315/1248 986/1292/1232 985/1290/1231
f 985/1290/1231 988/1295/1235 1001/1315/1248
f 999/1312/1246 1002/1316/1249 996/1308/1243
f 1002/1316/1249 997/1309/1244 996/1308/1243
f 999/1312/1246 1001/1315/1248 1003/1317/1250
f 1002/1316/1249 999/1312/1246 1003/1317/1250
f 1004/1318/1251 1001/1315/1248 988/1295/1235
f 1004/1318/1251 1003/1317/1250 1001/1315/1248
f 997/1309/1244 1002/1316/1249 1005/1319/1252
f 1005/1319/1252 998/1310/1245 997/1309/1244
f 1000/1313/1247 998/1310/1245 1005/1319/1252
f 1003/1317/1250 1006/1320/1253 1002/1316/1249
f 1006/1320/1253 1005/1319/1252 1002/1316/1249
f 1007/1321/1254 1000/1313/1247 1005/1319/1252
f 1007/1321/1254 1005/1319/1252 1006/1320/1253
f 190/1314/371 1000/1313/1247 1008/1322/1255
f 1000/1313/1247 1007/1321/1254 1008/1322/1255
f 187/1323/368 190/1314/371 1008/1322/1255
f 1006/1320/1253 1003/1317/1250 1009/1324/1256
f 1004/1318/1251 1009/1324/1256 1003/1317/1250
f 1008/1322/1255 1010/1325/1257 187/1323/368
f 1010/1325/1257 186/1326/367 187/1323/368
f 1011/1327/1258 1008/1322/1255 1007/1321/1259
f 1010/1325/1257 1008/1322/1255 1011/1327/1258
f 1012/1328/1260 1007/1321/1259 1006/1320/1253
f 1007/1321/1254 1012/1328/1260 1011/1327/1258
f 1009/1324/1256 1012/1328/1260 1006/1320/1253
f 186/1326/367 1010/1325/1257 1013/1329/1261
f 1012/1328/1260 1009/1324/1256 1014/1330/1262
f 1015/1331/1263 186/1326/367 1013/1329/1261
f 184/1332/365 186/1326/367 1015/1331/1263
f 1010/1325/1257 1016/1333/1264 1013/1329/1261
f 1016/1333/1264 1015/1331/1263 1013/1329/1261
f 1016/1333/1264 1010/1325/1257 1011/1327/1258
f 1017/1334/1265 184/1332/365 1015/1331/1263
f 184/1332/365 1017/1334/1265 102/1335/276
f 1015/1331/1263 1016/1333/1264 1018/1336/1266
f 1018/1336/1266 1017/1334/1265 1015/1331/1263
f 1016/1333/1264 1011/1327/1258 1019/1337/1267
f 1019/1337/1267 1018/1336/1266 1016/1333/1264
f 1019/1337/1267 1011/1327/1258 1012/1328/1260
f 102/1335/276 1017/1334/1268 1020/1338/1269
f 100/1339/274 102/1335/276 1020/1338/1269
f 1017/1334/1265 1018/1336/1266 1021/1340/1270
f 1021/1340/1270 1020/1338/1269 1017/1334/1265
f 1022/1341/1271 100/1339/274 1020/1338/1269
f 100/1339/274 1022/1341/1271 97/1342/270
f 1020/1338/1269 1021/1340/1270 1023/1343/1272
f 1023/1343/1272 1022/1341/1271 1020/1338/1269
f 1024/1344/1273 1021/1340/1270 1018/1336/1266
f 1018/1336/1266 1019/1337/1267 1024/1344/1273
f 1025/1345/1274 1023/1343/1272 1021/1340/1270
f 1021/1340/1270 1024/1344/1273 1025/1345/1274
f 1022/1341/1271 1023/1343/1272 1026/1346/1275
f 1022/1341/1271 1027/1347/1276 97/1342/270
f 1026/1346/1275 1027/1347/1276 1022/1341/1271
f 97/1342/270 1027/1347/1276 75/1348/246
f 1027/1347/1276 72/1349/243 75/1348/246
f 72/1349/243 1027/1347/1276 1028/1350/1277
f 1027/1347/1276 1026/1346/1275 1028/1350/1277
f 1028/1350/1277 68/1351/239 72/1349/243
f 1029/1352/1278 1026/1346/1275 1023/1343/1272
f 1023/1343/1272 1025/1345/1274 1029/1352/1278
f 1026/1346/1275 1030/1353/1279 1028/1350/1280
f 1026/1346/1275 1029/1352/1278 1030/1353/1279
f 68/1351/239 1028/1350/1277 1031/1354/1281
f 1031/1354/1281 1028/1350/1277 1030/1353/1279
f 1032/1355/1282 68/1351/239 1031/1354/1281
f 68/1351/239 1032/1355/1282 65/1356/236
f 1030/1353/1283 1033/1357/1284 1031/1354/1281
f 1032/1355/1282 1031/1354/1281 1033/1357/1284
f 1033/1357/1284 1030/1353/1279 1029/1352/1278
f 1034/1358/1285 65/1356/236 1032/1355/1282
f 1033/1357/1284 1034/1358/1285 1032/1355/1282
f 65/1356/236 1034/1358/1286 62/1359/233
f 1033/1357/1284 1029/1352/1278 1035/1360/1287
f 1025/1345/1274 1035/1360/1287 1029/1352/1278
f 1034/1358/1286 1033/1357/1284 1036/1361/1288
f 1036/1361/1288 1033/1357/1284 1035/1360/1287
f 62/1359/233 1034/1358/1285 1037/1362/1289
f 1037/1362/1289 1034/1358/1286 1036/1361/1288
f 63/1363/234 62/1359/233 1037/1362/1289
f 1037/1362/1289 119/1364/1290 63/1363/234
f 119/1364/293 1037/1362/1289 1038/1365/1291
f 1036/1361/1288 1038/1365/1291 1037/1362/1289
f 122/1366/296 119/1364/293 1038/1365/1291
f 1039/1367/1292 1038/1365/1291 1036/1361/1288
f 1035/1360/1287 1039/1367/1292 1036/1361/1288
f 1038/1365/1291 1040/1368/1293 122/1366/296
f 1038/1365/1291 1039/1367/1292 1040/1368/1293
f 1040/1368/1293 125/1369/299 122/1366/296
f 1041/1370/1294 1039/1367/1292 1035/1360/1287
f 1035/1360/1287 1025/1345/1274 1041/1370/1294
f 1024/1344/1273 1041/1370/1294 1025/1345/1274
f 1039/1367/1292 1042/1371/1295 1040/1368/1293
f 1039/1367/1292 1041/1370/1294 1042/1371/1295
f 125/1369/299 1040/1368/1293 1043/1372/1296
f 1042/1371/1295 1043/1372/1296 1040/1368/1293
f 128/1373/302 125/1369/299 1043/1372/1296
f 1041/1370/1294 1024/1344/1273 1044/1374/1297
f 1044/1374/1297 1042/1371/1295 1041/1370/1294
f 1019/1337/1267 1044/1374/1297 1024/1344/1273
f 1045/1375/1298 1043/1372/1296 1042/1371/1295
f 1042/1371/1295 1044/1374/1297 1045/1375/1298
f 1043/1372/1296 1046/1376/1299 128/1373/302
f 1043/1372/1296 1045/1375/1298 1046/1376/1299
f 1046/1376/1299 131/1377/305 128/1373/302
f 1044/1374/1297 1019/1337/1267 1047/1378/1300
f 1045/1375/1298 1044/1374/1297 1047/1378/1300
f 1012/1328/1260 1047/1378/1300 1019/1337/1267
f 1047/1378/1300 1012/1328/1260 1014/1330/1262
f 1045/1375/1298 1048/1379/1301 1046/1376/1299
f 1045/1375/1298 1047/1378/1300 1048/1379/1301
f 131/1377/305 1046/1376/1299 1049/1380/1302
f 1048/1379/1301 1049/1380/1302 1046/1376/1299
f 1050/1381/1303 131/1377/305 1049/1380/1302
f 1048/1379/1301 1050/1381/1303 1049/1380/1302
f 131/1377/305 1050/1381/1303 132/1382/306
f 1047/1378/1300 1051/1383/1304 1048/1379/1301
f 1050/1381/1303 1048/1379/1301 1051/1383/1304
f 1051/1383/1304 1047/1378/1300 1014/1330/1262
f 1050/1381/1303 1052/1384/1305 132/1382/306
f 1052/1384/1305 1050/1381/1303 1051/1383/1304
f 132/1382/306 1052/1384/1305 135/1385/310
f 1051/1383/1304 1014/1330/1262 1053/1386/1306
f 1051/1383/1304 1053/1386/1306 1052/1384/1305
f 1014/1330/1262 1009/1324/1256 1053/1386/1306
f 1009/1324/1256 1004/1318/1251 1053/1386/1306
f 1054/1387/1307 135/1385/310 1052/1384/1305
f 1053/1386/1306 1054/1387/1307 1052/1384/1305
f 1054/1387/1307 1053/1386/1306 1004/1318/1251
f 135/1385/310 1054/1387/1307 138/1296/313
f 988/1295/1235 1054/1387/1307 1004/1318/1251
f 1054/1387/1307 988/1295/1235 138/1296/313
f 280/1388/464 289/1389/473 1055/1390/1308
f 292/1391/476 1055/1390/1308 289/1389/473
f 1055/1390/1308 1056/1392/1309 280/1388/464
f 1056/1392/1309 277/1393/461 280/1388/464
f 1055/1390/1308 292/1391/476 1057/1394/1310
f 277/1393/461 1056/1392/1309 1058/1395/1311
f 1058/1395/1311 276/1396/460 277/1393/461
f 1056/1392/1309 1055/1390/1308 1059/1397/1312
f 1057/1394/1310 1059/1397/1312 1055/1390/1308
f 1060/1398/1313 1058/1395/1314 1056/1392/1309
f 1059/1397/1312 1060/1398/1313 1056/1392/1309
f 1061/1399/1315 1057/1394/1310 292/1391/476
f 292/1391/476 293/1400/477 1061/1399/1315
f 297/1401/481 1061/1399/1315 293/1400/477
f 1059/1397/1312 1057/1394/1316 1062/1402/1317
f 1061/1399/1315 1062/1402/1317 1057/1394/1318
f 1061/1399/1315 297/1401/481 1063/1403/1319
f 297/1401/481 444/1404/646 1063/1403/1319
f 1062/1402/1317 1061/1399/1315 1064/1405/1320
f 1063/1403/1319 1064/1405/1320 1061/1399/1315
f 1062/1402/1317 1065/1406/1321 1059/1397/1312
f 1065/1406/1321 1060/1398/1313 1059/1397/1312
f 1064/1405/1320 1066/1407/1322 1062/1402/1317
f 1065/1406/1321 1062/1402/1317 1066/1407/1322
f 1064/1405/1320 1063/1403/1319 1067/1408/1323
f 1068/1409/1324 1063/1403/1319 444/1404/646
f 1063/1403/1319 1068/1409/1324 1067/1408/1323
f 441/1410/642 1068/1409/1324 444/1404/646
f 1069/1411/1325 1064/1405/1320 1067/1408/1323
f 1066/1407/1322 1064/1405/1320 1069/1411/1325
f 1070/1412/1326 1067/1408/1323 1068/1409/1324
f 1069/1411/1325 1067/1408/1323 1070/1412/1326
f 1071/1413/1327 1068/1409/1324 441/1410/642
f 1068/1409/1324 1072/1414/1328 1070/1412/1326
f 1072/1414/1328 1068/1409/1324 1071/1413/1327
f 1073/1415/1329 1069/1411/1325 1070/1412/1326
f 1070/1412/1326 1072/1414/1328 1073/1415/1329
f 1074/1416/1330 1066/1407/1322 1069/1411/1325
f 1074/1416/1330 1069/1411/1325 1073/1415/1329
f 441/1410/642 1075/1417/1331 1071/1413/1327
f 1075/1417/1331 441/1410/642 436/1418/640
f 1071/1413/1327 1076/1419/1332 1072/1414/1328
f 1076/1419/1332 1071/1413/1327 1075/1417/1331
f 1072/1414/1328 1077/1420/1333 1073/1415/1329
f 1077/1420/1333 1072/1414/1328 1076/1419/1332
f 436/1418/640 1078/1421/1334 1075/1417/1331
f 1078/1421/1334 436/1418/640 432/1422/632
f 1075/1417/1331 1079/1423/1335 1076/1419/1332
f 1079/1423/1335 1075/1417/1331 1078/1421/1334
f 1080/1424/1336 1076/1419/1332 1079/1423/1337
f 1076/1419/1332 1080/1424/1336 1077/1420/1333
f 1078/1421/1334 1081/1425/1338 1079/1423/1335
f 1081/1425/1338 1080/1424/1336 1079/1423/1335
f 432/1422/632 1082/1426/1339 1078/1421/1334
f 1081/1425/1338 1078/1421/1334 1082/1426/1339
f 1082/1426/1339 432/1422/632 429/1427/629
f 1080/1424/1336 1081/1425/1338 1083/1428/1340
f 429/1427/629 1084/1429/1341 1082/1426/1339
f 1084/1429/1341 429/1427/629 427/1430/627
f 1082/1426/1339 1085/1431/1342 1081/1425/1338
f 1085/1431/1342 1082/1426/1339 1084/1429/1341
f 1085/1431/1342 1083/1428/1340 1081/1425/1338
f 427/1430/627 1086/1432/1343 1084/1429/1341
f 1086/1432/1343 427/1430/627 425/1433/625
f 1084/1429/1341 1087/1434/1344 1085/1431/1342
f 1087/1434/1344 1084/1429/1341 1086/1432/1343
f 1083/1428/1340 1085/1431/1342 1088/1435/1345
f 1087/1434/1344 1088/1435/1345 1085/1431/1342
f 425/1433/625 1089/1436/1346 1086/1432/1343
f 1089/1436/1346 425/1433/625 230/1437/411
f 1086/1432/1343 1090/1438/1347 1087/1434/1344
f 1086/1432/1348 1089/1436/1348 1090/1438/1348
f 1090/1438/1347 1091/1439/1349 1087/1434/1344
f 1091/1439/1349 1088/1435/1345 1087/1434/1344
f 1089/1436/1346 1092/1440/1350 1090/1438/1347
f 1092/1440/1351 1091/1439/1349 1090/1438/1347
f 230/1437/411 1093/1441/1352 1089/1436/1346
f 1092/1440/1351 1089/1436/1346 1093/1441/1352
f 1093/1441/1352 230/1437/411 229/1442/410
f 1091/1439/1349 1092/1440/1351 1094/1443/1353
f 1095/1444/1354 1093/1441/1352 229/1442/415
f 1095/1444/1354 229/1442/410 233/1445/414
f 1092/1440/1350 1093/1441/1352 1096/1446/1355
f 1093/1441/1352 1095/1444/1354 1096/1446/1356
f 1096/1446/1356 1094/1443/1353 1092/1440/1350
f 233/1445/1357 1097/1447/1358 1095/1444/1354
f 1097/1447/1358 1096/1446/1356 1095/1444/1354
f 1097/1447/1358 233/1445/414 241/1448/423
f 245/1449/428 1097/1447/1358 241/1448/423
f 1096/1446/1356 1097/1447/1358 1098/1450/1359
f 1094/1443/1353 1096/1446/1356 1098/1450/1359
f 1097/1447/1358 245/1449/428 1099/1451/1360
f 1099/1451/1360 1098/1450/1359 1097/1447/1358
f 248/1452/431 1099/1451/1360 245/1449/428
f 1098/1450/1359 1100/1453/1361 1094/1443/1353
f 1099/1451/1360 248/1452/431 1101/1454/1362
f 251/1455/434 1101/1454/1362 248/1452/431
f 1098/1450/1359 1099/1451/1360 1102/1456/1363
f 1101/1454/1362 1102/1456/1363 1099/1451/1360
f 1102/1456/1363 1100/1453/1361 1098/1450/1359
f 1103/1457/1364 1101/1454/1362 251/1455/434
f 255/1458/438 1103/1457/1364 251/1455/434
f 1102/1456/1363 1101/1454/1362 1104/1459/1365
f 1101/1454/1362 1103/1457/1364 1104/1459/1365
f 1105/1460/1366 1102/1456/1363 1104/1459/1365
f 1100/1453/1361 1102/1456/1363 1105/1460/1367
f 1106/1461/1368 1104/1459/1365 1103/1457/1364
f 1105/1460/1366 1104/1459/1365 1106/1461/1368
f 1103/1457/1364 255/1458/438 1107/1462/1369
f 1107/1462/1369 1106/1461/1368 1103/1457/1364
f 259/1463/442 1107/1462/1369 255/1458/438
f 1108/1464/1370 1105/1460/1366 1106/1461/1368
f 1107/1462/1369 259/1463/442 1109/1465/1371
f 262/1466/446 1109/1465/1371 259/1463/442
f 1106/1461/1368 1107/1462/1369 1110/1467/1372
f 1109/1465/1371 1110/1467/1372 1107/1462/1369
f 1106/1461/1368 1110/1467/1372 1108/1464/1370
f 1109/1465/1371 262/1466/446 1111/1468/1373
f 267/1469/451 1111/1468/1373 262/1466/446
f 1110/1467/1372 1109/1465/1371 1112/1470/1374
f 1111/1468/1373 1112/1470/1374 1109/1465/1371
f 1110/1467/1372 1112/1470/1374 1108/1464/1370
f 1113/1471/1375 1111/1468/1373 267/1469/451
f 270/1472/454 1113/1471/1375 267/1469/451
f 1112/1470/1374 1111/1468/1373 1114/1473/1376
f 1113/1471/1375 1114/1473/1376 1111/1468/1373
f 1115/1474/1377 1113/1471/1375 270/1472/454
f 276/1396/460 1115/1474/1377 270/1472/454
f 1116/1475/1378 1114/1473/1376 1113/1471/1375
f 1115/1474/1377 1116/1475/1378 1113/1471/1375
f 1115/1474/1377 276/1396/460 1117/1476/1379
f 276/1396/460 1058/1395/1314 1117/1476/1379
f 1118/1477/1380 1116/1475/1378 1115/1474/1377
f 1117/1476/1379 1118/1477/1380 1115/1474/1377
f 1117/1476/1379 1058/1395/1314 1119/1478/1381
f 1058/1395/1314 1060/1398/1313 1119/1478/1381
f 1118/1477/1380 1117/1476/1379 1120/1479/1382
f 1117/1476/1379 1119/1478/1381 1120/1479/1382
f 1060/1398/1313 1121/1480/1383 1119/1478/1381
f 1120/1479/1382 1119/1478/1381 1121/1480/1383
f 1121/1480/1383 1060/1398/1313 1065/1406/1321
f 1118/1477/1380 1120/1479/1382 1122/1481/1384
f 1121/1480/1383 1122/1481/1384 1120/1479/1382
f 1118/1477/1380 1123/1482/1385 1116/1475/1378
f 1123/1482/1385 1118/1477/1380 1122/1481/1384
f 1123/1482/1385 1114/1473/1376 1116/1475/1378
f 1121/1480/1383 1124/1483/1386 1122/1481/1384
f 1124/1483/1386 1121/1480/1383 1065/1406/1321
f 1124/1483/1386 1123/1482/1385 1122/1481/1384
f 1066/1407/1322 1124/1483/1386 1065/1406/1321
f 1124/1483/1386 1066/1407/1322 1074/1416/1330
f 1123/1482/1385 1124/1483/1386 1125/1484/1387
f 1125/1484/1387 1124/1483/1386 1074/1416/1330
f 1114/1473/1376 1123/1482/1385 1126/1485/1388
f 1125/1484/1387 1126/1485/1388 1123/1482/1385
f 1126/1485/1388 1127/1486/1389 1114/1473/1376
f 1112/1470/1374 1114/1473/1390 1127/1486/1389
f 1127/1486/1389 1108/1464/1370 1112/1470/1374
f 1126/1485/1388 1125/1484/1387 1128/1487/1391
f 1128/1487/1391 1127/1486/1389 1126/1485/1388
f 1125/1484/1387 1074/1416/1330 1129/1488/1392
f 1128/1487/1391 1125/1484/1387 1129/1488/1392
f 1073/1415/1329 1129/1488/1392 1074/1416/1330
f 1129/1488/1392 1073/1415/1329 1077/1420/1333
f 1127/1486/1389 1128/1487/1391 1130/1489/1393
f 1108/1464/1370 1127/1486/1389 1130/1489/1393
f 1128/1487/1391 1129/1488/1392 1131/1490/1394
f 1077/1420/1333 1131/1490/1394 1129/1488/1392
f 1131/1490/1394 1130/1489/1393 1128/1487/1391
f 1131/1490/1394 1077/1420/1333 1080/1424/1336
f 1108/1464/1370 1130/1489/1393 1132/1491/1395
f 1132/1491/1395 1105/1460/1396 1108/1464/1370
f 1105/1460/1367 1132/1491/1395 1100/1453/1361
f 1130/1489/1393 1131/1490/1394 1133/1492/1397
f 1080/1424/1336 1133/1492/1397 1131/1490/1394
f 1133/1492/1397 1132/1491/1395 1130/1489/1393
f 1133/1492/1397 1080/1424/1336 1083/1428/1340
f 1088/1435/1345 1133/1492/1397 1083/1428/1340
f 1100/1453/1361 1132/1491/1395 1134/1493/1398
f 1132/1491/1395 1133/1492/1397 1134/1493/1398
f 1133/1492/1397 1088/1435/1345 1134/1493/1398
f 1100/1453/1361 1134/1493/1398 1094/1443/1353
f 1088/1435/1345 1091/1439/1349 1134/1493/1398
f 1094/1443/1353 1134/1493/1398 1091/1439/1349
f 523/1494/736 821/1495/1054 1135/1496/1399
f 820/1497/1053 1135/1496/1399 821/1495/1054
f 523/1494/736 1135/1496/1399 1136/1498/1400
f 1136/1498/1400 519/1499/732 523/1494/736
f 1135/1496/1399 820/1497/1053 1137/1500/1401
f 519/1499/732 1136/1498/1400 1138/1501/1402
f 518/1502/731 519/1499/732 1138/1501/1402
f 1136/1498/1400 1135/1496/1399 1139/1503/1403
f 1137/1500/1401 1139/1503/1403 1135/1496/1399
f 1140/1504/1404 1138/1501/1402 1136/1498/1400
f 1136/1498/1400 1139/1503/1403 1140/1504/1404
f 820/1497/1053 1141/1505/1405 1137/1500/1401
f 1141/1505/1405 820/1497/1053 817/1506/1049
f 813/1507/1045 1141/1505/1405 817/1506/1049
f 1139/1503/1403 1137/1500/1401 1142/1508/1406
f 1141/1505/1405 1142/1508/1406 1137/1500/1401
f 1141/1505/1405 813/1507/1045 1143/1509/1407
f 813/1507/1045 812/1510/1044 1143/1509/1407
f 1142/1508/1406 1141/1505/1405 1144/1511/1408
f 1143/1509/1407 1144/1511/1408 1141/1505/1405
f 1142/1508/1406 1145/1512/1409 1139/1503/1403
f 1139/1503/1403 1145/1512/1409 1140/1504/1404
f 1144/1511/1408 1146/1513/1410 1142/1508/1406
f 1142/1508/1406 1146/1513/1410 1145/1512/1409
f 1144/1511/1408 1143/1509/1407 1147/1514/1411
f 1143/1509/1407 812/1510/1044 1148/1515/1412
f 1143/1509/1407 1148/1515/1412 1147/1514/1411
f 812/1510/1044 808/1516/1040 1148/1515/1412
f 1149/1517/1413 1144/1511/1408 1147/1514/1411
f 1146/1513/1410 1144/1511/1408 1149/1517/1413
f 1147/1514/1411 1148/1515/1412 1150/1518/1414
f 1147/1514/1411 1150/1518/1414 1149/1517/1413
f 1148/1515/1412 808/1516/1040 1151/1519/1415
f 1148/1515/1412 1152/1520/1416 1150/1518/1414
f 1152/1520/1417 1148/1515/1412 1151/1519/1415
f 1153/1521/1418 1149/1517/1413 1150/1518/1414
f 1150/1518/1414 1152/1520/1417 1153/1521/1418
f 1149/1517/1413 1154/1522/1419 1146/1513/1410
f 1154/1522/1419 1149/1517/1413 1153/1521/1418
f 1155/1523/1420 1151/1519/1415 808/1516/1040
f 808/1516/1040 804/1524/1036 1155/1523/1420
f 1156/1525/1421 1152/1520/1417 1151/1519/1415
f 1151/1519/1415 1155/1523/1420 1156/1525/1421
f 1152/1520/1422 1157/1526/1423 1153/1521/1418
f 1157/1526/1423 1152/1520/1417 1156/1525/1421
f 1158/1527/1424 1155/1523/1420 804/1524/1036
f 804/1524/1036 802/1528/1034 1158/1527/1424
f 1159/1529/1425 1156/1525/1421 1155/1523/1420
f 1155/1523/1420 1158/1527/1424 1159/1529/1425
f 1156/1525/1421 1160/1530/1426 1157/1526/1423
f 1160/1530/1426 1156/1525/1421 1159/1529/1425
f 1161/1531/1427 1153/1521/1418 1157/1526/1423
f 1153/1521/1418 1161/1531/1427 1154/1522/1419
f 1162/1532/1428 1157/1526/1423 1160/1530/1426
f 1157/1526/1423 1162/1532/1428 1161/1531/1427
f 1159/1529/1425 1163/1533/1429 1160/1530/1426
f 1163/1533/1429 1162/1532/1428 1160/1530/1426
f 1158/1527/1424 1164/1534/1430 1159/1529/1425
f 1163/1533/1429 1159/1529/1425 1164/1534/1430
f 802/1528/1034 1165/1535/1431 1158/1527/1424
f 1164/1534/1430 1158/1527/1424 1165/1535/1431
f 1165/1535/1431 802/1528/1034 799/1536/1031
f 1164/1534/1430 1166/1537/1432 1163/1533/1429
f 799/1536/1031 1167/1538/1433 1165/1535/1431
f 1167/1538/1433 799/1536/1031 797/1539/1029
f 1165/1535/1431 1168/1540/1434 1164/1534/1430
f 1168/1540/1434 1165/1535/1431 1167/1538/1433
f 1166/1537/1432 1164/1534/1430 1168/1540/1435
f 1169/1541/1436 1167/1538/1433 797/1539/1029
f 797/1539/1029 796/1542/1028 1169/1541/1436
f 1170/1543/1437 1168/1540/1435 1167/1538/1433
f 1167/1538/1433 1169/1541/1436 1170/1543/1437
f 1168/1540/1434 1170/1543/1437 1166/1537/1432
f 1171/1544/1438 1169/1541/1436 796/1542/1028
f 796/1542/1028 482/1545/691 1171/1544/1438
f 1172/1546/1439 1170/1543/1437 1169/1541/1436
f 1169/1541/1436 1171/1544/1438 1172/1546/1439
f 1170/1543/1437 1172/1546/1439 1173/1547/1440
f 1173/1547/1440 1166/1537/1432 1170/1543/1437
f 1171/1544/1438 1174/1548/1441 1172/1546/1439
f 1174/1548/1441 1173/1547/1440 1172/1546/1439
f 482/1545/691 1175/1549/1442 1171/1544/1438
f 1174/1548/1441 1171/1544/1438 1175/1549/1442
f 1175/1549/1442 482/1545/691 481/1550/690
f 1174/1548/1441 1176/1551/1443 1173/1547/1440
f 1175/1549/1442 481/1550/690 1177/1552/1444
f 484/1553/1445 1177/1552/1444 481/1550/690
f 1175/1549/1442 1178/1554/1446 1174/1548/1441
f 1177/1552/1447 1178/1554/1446 1175/1549/1442
f 1178/1554/1446 1176/1551/1443 1174/1548/1441
f 1177/1552/1444 484/1553/693 1179/1555/1448
f 1179/1555/1448 1178/1554/1446 1177/1552/1444
f 488/1556/700 1179/1555/1448 484/1553/699
f 491/1557/703 1179/1555/1448 488/1556/700
f 1178/1554/1446 1179/1555/1448 1180/1558/1449
f 1180/1558/1449 1176/1551/1443 1178/1554/1446
f 1179/1555/1448 491/1557/703 1181/1559/1450
f 1181/1559/1450 1180/1558/1449 1179/1555/1448
f 495/1560/707 1181/1559/1450 491/1557/703
f 1176/1551/1443 1180/1558/1449 1182/1561/1451
f 1181/1559/1450 495/1560/707 1183/1562/1452
f 495/1560/707 498/1563/710 1183/1562/1452
f 1180/1558/1449 1181/1559/1450 1184/1564/1453
f 1183/1562/1452 1184/1564/1453 1181/1559/1450
f 1184/1564/1453 1182/1561/1451 1180/1558/1449
f 498/1563/710 1185/1565/1454 1183/1562/1452
f 498/1563/710 501/1566/713 1185/1565/1454
f 1184/1564/1453 1183/1562/1452 1186/1567/1455
f 1183/1562/1452 1185/1565/1454 1186/1567/1455
f 1187/1568/1456 1184/1564/1453 1186/1567/1455
f 1182/1561/1451 1184/1564/1453 1187/1568/1456
f 1185/1565/1454 1188/1569/1457 1186/1567/1455
f 1186/1567/1455 1188/1569/1457 1187/1568/1456
f 501/1566/713 1189/1570/1458 1185/1565/1454
f 1185/1565/1454 1189/1570/1458 1188/1569/1457
f 505/1571/717 1189/1570/1458 501/1566/713
f 1189/1570/1458 1190/1572/1459 1188/1569/1457
f 1189/1570/1458 505/1571/717 1191/1573/1460
f 1191/1573/1460 1190/1572/1459 1189/1570/1458
f 508/1574/720 1191/1573/1460 505/1571/717
f 1192/1575/1461 1188/1569/1457 1190/1572/1459
f 1188/1569/1457 1192/1575/1461 1187/1568/1456
f 1190/1572/1459 1191/1573/1460 1193/1576/1462
f 1193/1576/1462 1192/1575/1461 1190/1572/1459
f 1191/1573/1460 508/1574/720 1194/1577/1463
f 1194/1577/1463 1193/1576/1462 1191/1573/1460
f 508/1574/720 512/1578/724 1194/1577/1463
f 512/1578/724 1195/1579/1464 1194/1577/1463
f 512/1578/724 515/1580/728 1195/1579/1464
f 1193/1576/1462 1194/1577/1463 1196/1581/1465
f 1194/1577/1463 1195/1579/1464 1196/1581/1465
f 515/1580/728 1197/1582/1466 1195/1579/1464
f 518/1502/731 1197/1582/1466 515/1580/728
f 1195/1579/1464 1198/1583/1467 1196/1581/1465
f 1195/1579/1464 1197/1582/1466 1198/1583/1467
f 1196/1581/1465 1199/1584/1468 1193/1576/1462
f 1192/1575/1461 1193/1576/1462 1199/1584/1468
f 1197/1582/1466 518/1502/731 1200/1585/1469
f 518/1502/731 1138/1501/1402 1200/1585/1470
f 1200/1585/1469 1201/1586/1471 1197/1582/1466
f 1197/1582/1466 1201/1586/1471 1198/1583/1467
f 1200/1585/1469 1138/1501/1402 1202/1587/1472
f 1138/1501/1402 1140/1504/1404 1202/1587/1473
f 1202/1587/1472 1203/1588/1474 1200/1585/1469
f 1201/1586/1471 1200/1585/1469 1203/1588/1474
f 1140/1504/1404 1204/1589/1475 1202/1587/1473
f 1204/1589/1475 1203/1588/1474 1202/1587/1473
f 1140/1504/1404 1145/1512/1409 1204/1589/1475
f 1205/1590/1476 1201/1586/1471 1203/1588/1474
f 1204/1589/1475 1205/1590/1476 1203/1588/1474
f 1145/1512/1409 1206/1591/1477 1204/1589/1475
f 1204/1589/1475 1206/1591/1477 1205/1590/1476
f 1146/1513/1410 1206/1591/1477 1145/1512/1409
f 1146/1513/1410 1154/1522/1419 1206/1591/1477
f 1207/1592/1478 1201/1586/1471 1205/1590/1476
f 1206/1591/1477 1207/1592/1478 1205/1590/1476
f 1201/1586/1471 1207/1592/1478 1198/1583/1467
f 1154/1522/1419 1208/1593/1479 1206/1591/1477
f 1207/1592/1478 1206/1591/1477 1208/1593/1479
f 1208/1593/1479 1154/1522/1419 1161/1531/1427
f 1209/1594/1480 1198/1583/1467 1207/1592/1478
f 1208/1593/1479 1209/1594/1480 1207/1592/1478
f 1198/1583/1467 1209/1594/1480 1196/1581/1465
f 1199/1584/1468 1196/1581/1465 1209/1594/1480
f 1161/1531/1427 1210/1595/1481 1208/1593/1479
f 1209/1594/1480 1208/1593/1479 1210/1595/1481
f 1210/1595/1481 1199/1584/1468 1209/1594/1480
f 1210/1595/1481 1161/1531/1427 1162/1532/1428
f 1210/1595/1481 1211/1596/1482 1199/1584/1468
f 1162/1532/1428 1211/1596/1482 1210/1595/1481
f 1211/1596/1482 1192/1575/1461 1199/1584/1468
f 1162/1532/1428 1212/1597/1483 1211/1596/1482
f 1162/1532/1428 1163/1533/1429 1212/1597/1483
f 1166/1537/1484 1212/1597/1483 1163/1533/1429
f 1192/1575/1461 1211/1596/1482 1213/1598/1485
f 1212/1597/1483 1213/1598/1485 1211/1596/1482
f 1213/1598/1485 1187/1568/1456 1192/1575/1461
f 1187/1568/1456 1213/1598/1485 1182/1561/1451
f 1212/1597/1483 1166/1537/1432 1214/1599/1486
f 1212/1597/1483 1214/1599/1486 1213/1598/1485
f 1214/1599/1486 1182/1561/1451 1213/1598/1485
f 1166/1537/1432 1173/1547/1440 1214/1599/1486
f 1182/1561/1451 1214/1599/1486 1176/1551/1443
f 1176/1551/1443 1214/1599/1486 1173/1547/1440
f 1215/1600/1487 1216/1601/1488 1217/1602/1489
f 1215/1600/1487 1218/1603/1490 1216/1601/1488
f 1215/1600/1487 1217/1602/1489 1219/1604/1491
f 1219/1604/1491 1217/1602/1489 1220/1605/1492
f 1218/1603/1490 1215/1600/1487 1221/1606/1493
f 1221/1606/1493 1222/1607/1494 1218/1603/1490
f 1223/1608/1495 1215/1600/1487 1219/1604/1491
f 1222/1607/1494 1221/1606/1493 1224/1609/1496
f 1225/1610/1497 1215/1600/1487 1223/1608/1495
f 1215/1600/1487 1225/1610/1497 1221/1606/1493
f 1226/1611/1498 1222/1607/1494 1224/1609/1496
f 1222/1607/1494 1226/1611/1498 1227/1612/1499
f 1221/1606/1493 1228/1613/1500 1224/1609/1496
f 1228/1613/1500 1221/1606/1493 1225/1610/1497
f 1228/1613/1500 1226/1611/1498 1224/1609/1496
f 1226/1611/1498 1229/1614/1501 1227/1612/1499
f 1227/1612/1499 1229/1614/1501 1230/1615/1502
f 1229/1614/1501 1231/1616/1503 1230/1615/1502
f 1226/1611/1498 1228/1613/1500 1232/1617/1504
f 1232/1617/1504 1229/1614/1501 1226/1611/1498
f 1231/1616/1503 1229/1614/1501 1233/1618/1505
f 1233/1618/1505 1234/1619/1506 1231/1616/1503
f 1229/1614/1501 1232/1617/1504 1235/1620/1507
f 1235/1620/1507 1233/1618/1505 1229/1614/1501
f 1228/1613/1500 1236/1621/1508 1232/1617/1504
f 1232/1617/1504 1236/1621/1508 1235/1620/1507
f 1225/1610/1497 1236/1621/1508 1228/1613/1500
f 1223/1608/1495 1236/1621/1508 1225/1610/1497
f 1233/1618/1505 1235/1620/1507 1237/1622/1509
f 1235/1620/1507 1236/1621/1508 1237/1622/1509
f 1237/1622/1509 1238/1623/1510 1233/1618/1505
f 1234/1619/1506 1233/1618/1505 1238/1623/1510
f 1238/1623/1510 1237/1622/1509 1239/1624/1511
f 1237/1622/1509 1236/1621/1508 1239/1624/1511
f 1240/1625/1512 1234/1619/1506 1238/1623/1510
f 1240/1625/1513 1241/1626/1514 1234/1619/1506
f 1242/1627/1515 1238/1623/1510 1239/1624/1511
f 1238/1623/1510 1242/1627/1515 1240/1625/1512
f 1239/1624/1511 1236/1621/1508 1242/1627/1515
f 1243/1628/1516 1241/1626/1514 1240/1625/1512
f 1243/1628/1516 1244/1629/1517 1241/1626/1514
f 1245/1630/1518 1240/1625/1513 1242/1627/1515
f 1240/1625/1512 1245/1630/1518 1243/1628/1516
f 1242/1627/1515 1236/1621/1508 1245/1630/1518
f 1243/1628/1516 1246/1631/1519 1244/1629/1517
f 1243/1628/1516 1245/1630/1518 1247/1632/1520
f 1245/1630/1518 1236/1621/1508 1247/1632/1520
f 1246/1631/1519 1243/1628/1516 1248/1633/1521
f 1248/1633/1521 1243/1628/1516 1247/1632/1520
f 1248/1633/1521 1249/1634/1522 1246/1631/1519
f 1248/1633/1521 1247/1632/1520 1250/1635/1523
f 1247/1632/1520 1236/1621/1508 1250/1635/1523
f 1249/1634/1522 1248/1633/1521 1251/1636/1524
f 1250/1635/1523 1251/1636/1524 1248/1633/1521
f 1252/1637/1525 1249/1634/1522 1251/1636/1524
f 1250/1635/1523 1252/1637/1525 1251/1636/1524
f 1252/1637/1525 1253/1638/1526 1249/1634/1522
f 1252/1637/1525 1250/1635/1523 1254/1639/1527
f 1250/1635/1523 1236/1621/1508 1254/1639/1527
f 1255/1640/1528 1253/1638/1526 1252/1637/1525
f 1254/1639/1527 1255/1640/1528 1252/1637/1525
f 1255/1640/1528 1256/1641/1529 1253/1638/1526
f 1255/1640/1530 1257/1642/1531 1256/1641/1529
f 1255/1640/1528 1254/1639/1527 1258/1643/1532
f 1254/1639/1527 1236/1621/1508 1258/1643/1532
f 1257/1642/1531 1255/1640/1533 1259/1644/1534
f 1258/1643/1532 1259/1644/1534 1255/1640/1528
f 1259/1644/1535 1220/1605/1492 1257/1642/1531
f 1259/1644/1535 1258/1643/1532 1260/1645/1536
f 1258/1643/1532 1236/1621/1508 1260/1645/1536
f 1220/1605/1492 1259/1644/1534 1261/1646/1537
f 1260/1645/1536 1261/1646/1537 1259/1644/1534
f 1219/1604/1491 1220/1605/1492 1261/1646/1537
f 1260/1645/1536 1236/1621/1508 1262/1647/1538
f 1261/1646/1537 1260/1645/1536 1262/1647/1538
f 1262/1647/1538 1236/1621/1508 1263/1648/1539
f 1261/1646/1537 1262/1647/1538 1263/1648/1539
f 1219/1604/1491 1261/1646/1537 1263/1648/1539
f 1263/1648/1539 1236/1621/1508 1223/1608/1495
f 1223/1608/1495 1219/1604/1491 1263/1648/1539
usemtl mat_Inst
f 1/1649/1540 2/1650/1541 3/1651/1542
f 2/1650/1543 1/1649/1540 4/1652/1544
f 5/1653/1545 4/1652/1544 1/1649/1540
f 5/1653/1546 6/1654/1547 4/1652/1548
f 7/1655/1549 6/1654/1547 5/1653/1546
f 8/1656/1550 6/1654/1547 7/1655/1549
f 9/1657/1551 8/1656/1550 7/1655/1549
f 8/1656/1552 9/1657/1551 10/1658/1552
f 11/1659/1553 12/1660/1554 13/1661/1554
f 13/1661/1554 14/1662/1555 11/1659/1553
f 11/1659/1553 14/1662/1555 15/1663/1556
f 14/1662/1555 16/1664/1557 15/1663/1556
f 17/1665/1558 15/1663/1556 16/1664/1557
f 15/1663/1556 17/1665/1558 18/1666/1559
f 18/1666/1559 17/1665/1558 19/1667/1560
f 17/1665/1558 20/1668/1560 19/1667/1560
f 7/1669/1549 21/1670/1561 9/1671/1551
f 21/1670/1561 7/1669/1549 22/1672/1562
f 7/1669/1549 5/1673/1546 22/1672/1562
f 23/1674/1563 21/1670/1561 22/1672/1562
f 21/1670/1561 23/1674/1563 24/1675/1564
f 22/1672/1562 5/1673/1545 25/1676/1565
f 25/1676/1565 5/1673/1546 1/1677/1540
f 22/1672/1562 26/1678/1566 23/1674/1563
f 26/1678/1566 22/1672/1562 25/1676/1565
f 24/1675/1564 23/1674/1563 27/1679/1567
f 28/1680/1568 24/1675/1564 27/1679/1567
f 29/1681/1569 23/1674/1563 26/1678/1566
f 23/1674/1563 29/1681/1569 27/1679/1567
f 30/1682/1570 28/1680/1568 27/1679/1567
f 28/1680/1568 30/1682/1570 31/1683/1571
f 32/1684/1572 27/1679/1573 29/1681/1573
f 27/1679/1567 32/1684/1572 30/1682/1570
f 31/1683/1571 30/1682/1570 33/1685/1574
f 31/1683/1571 33/1685/1574 34/1686/1575
f 35/1687/1576 30/1682/1570 32/1684/1572
f 30/1682/1570 35/1687/1576 33/1685/1574
f 36/1688/1577 34/1686/1575 33/1685/1574
f 34/1686/1575 36/1688/1577 37/1689/1578
f 37/1689/1578 36/1688/1577 38/1690/1579
f 39/1691/1580 33/1685/1574 35/1687/1576
f 33/1685/1574 39/1691/1580 36/1688/1577
f 36/1688/1577 40/1692/1581 38/1690/1579
f 40/1692/1581 41/1693/1582 38/1690/1579
f 36/1688/1577 42/1694/1583 40/1692/1581
f 42/1694/1583 36/1688/1577 39/1691/1580
f 41/1693/1582 40/1692/1581 43/1695/1584
f 40/1692/1581 42/1694/1583 43/1695/1584
f 14/1696/1555 13/1697/1554 41/1693/1582
f 41/1693/1582 43/1695/1584 14/1696/1555
f 14/1696/1555 43/1695/1584 16/1698/1557
f 43/1695/1584 44/1699/1585 16/1698/1557
f 43/1695/1584 42/1694/1583 44/1699/1585
f 45/1700/1586 16/1698/1557 44/1699/1585
f 42/1694/1583 45/1700/1586 44/1699/1585
f 16/1698/1557 45/1700/1586 17/1701/1558
f 17/1701/1558 45/1700/1586 20/1702/1560
f 45/1700/1586 46/1703/1587 20/1702/1560
f 45/1700/1586 42/1694/1583 47/1704/1588
f 47/1704/1588 46/1703/1587 45/1700/1586
f 39/1691/1580 47/1704/1588 42/1694/1583
f 46/1703/1587 47/1704/1588 48/1705/1589
f 47/1704/1588 39/1691/1580 49/1706/1590
f 49/1706/1591 48/1705/1591 47/1704/1591
f 35/1687/1576 49/1706/1590 39/1691/1580
f 48/1705/1589 49/1706/1590 50/1707/1592
f 49/1706/1590 35/1687/1576 51/1708/1593
f 51/1708/1593 50/1707/1592 49/1706/1590
f 32/1684/1572 51/1708/1593 35/1687/1576
f 50/1707/1592 51/1708/1593 52/1709/1594
f 51/1708/1593 32/1684/1572 53/1710/1595
f 53/1710/1595 52/1709/1594 51/1708/1593
f 53/1710/1595 32/1684/1572 29/1681/1569
f 52/1709/1594 53/1710/1595 54/1711/1596
f 29/1681/1569 55/1712/1597 53/1710/1595
f 54/1711/1596 53/1710/1595 55/1712/1597
f 26/1678/1566 55/1712/1597 29/1681/1569
f 55/1712/1597 56/1713/1598 54/1711/1596
f 55/1712/1597 26/1678/1566 57/1714/1599
f 57/1714/1599 56/1713/1598 55/1712/1597
f 25/1676/1565 57/1714/1599 26/1678/1566
f 56/1713/1598 57/1714/1599 58/1715/1600
f 57/1714/1599 25/1676/1565 59/1716/1601
f 59/1716/1601 58/1715/1600 57/1714/1599
f 25/1676/1565 1/1677/1540 59/1716/1601
f 58/1715/1600 59/1716/1602 60/1717/1603
f 3/1718/1542 59/1716/1602 1/1677/1540
f 59/1716/1602 3/1718/1542 60/1717/1603
usemtl red_strip_fabric_Inst
f 615/1719/833 616/1720/834 1496/1721/1604
f 1496/1721/1604 620/1722/838 615/1719/833
f 616/1720/834 1497/1723/1605 1496/1721/1604
f 620/1722/838 1496/1721/1604 1498/1724/1606
f 1498/1724/1606 623/1725/841 620/1722/838
f 1497/1723/1605 1499/1726/1607 1496/1721/1604
f 1499/1726/1607 1497/1723/1605 1500/1727/1608
f 1496/1721/1604 1501/1728/1609 1498/1724/1606
f 1501/1728/1609 1496/1721/1604 1499/1726/1607
f 623/1725/841 1498/1724/1606 1502/1729/1610
f 626/1730/846 623/1725/841 1502/1729/1610
f 1501/1728/1609 1503/1731/1611 1498/1724/1606
f 1502/1729/1610 1498/1724/1606 1503/1731/1611
f 1502/1729/1610 1504/1732/1612 626/1730/846
f 1504/1732/1612 630/1733/850 626/1730/846
f 1503/1731/1611 1505/1734/1613 1502/1729/1610
f 1504/1732/1612 1502/1729/1610 1505/1734/1613
f 630/1733/850 1504/1732/1612 1506/1735/1614
f 1506/1735/1614 634/1736/854 630/1733/850
f 1507/1737/1615 1504/1732/1612 1505/1734/1616
f 1504/1732/1612 1507/1737/1615 1506/1735/1614
f 634/1736/854 1506/1735/1614 1508/1738/1617
f 1508/1738/1617 638/1739/858 634/1736/854
f 1509/1740/1618 1506/1735/1614 1507/1737/1615
f 1506/1735/1614 1509/1740/1618 1508/1738/1617
f 638/1739/858 1508/1738/1617 1510/1741/1619
f 642/1742/862 638/1739/858 1510/1741/1619
f 1510/1741/1619 1508/1738/1617 1511/1743/1620
f 1509/1740/1618 1511/1743/1620 1508/1738/1617
f 642/1742/862 1510/1741/1619 1512/1744/1621
f 1511/1743/1620 1512/1744/1621 1510/1741/1619
f 1512/1744/1621 646/1745/866 642/1742/862
f 1511/1743/1620 1509/1740/1618 1513/1746/1622
f 646/1745/866 1512/1744/1621 1514/1747/1623
f 1512/1744/1621 1511/1743/1620 1515/1748/1624
f 1514/1747/1623 1512/1744/1621 1515/1748/1624
f 1515/1748/1624 1511/1743/1620 1516/1749/1625
f 1511/1743/1620 1513/1746/1622 1516/1749/1625
f 1514/1747/1623 1515/1748/1624 1517/1750/1626
f 1515/1748/1624 1516/1749/1625 1517/1750/1627
f 1518/1751/1628 646/1745/866 1514/1747/1623
f 1518/1751/1629 1514/1747/1623 1517/1750/1627
f 646/1745/866 1518/1751/1628 647/1752/867
f 1517/1750/1626 1516/1749/1625 1519/1753/1630
f 1520/1754/1631 647/1752/867 1518/1751/1628
f 647/1752/867 1520/1754/1631 652/1755/872
f 1518/1751/1629 1517/1750/1626 1521/1756/1632
f 1521/1756/1632 1520/1754/1631 1518/1751/1629
f 1517/1750/1626 1519/1753/1630 1521/1756/1632
f 1520/1754/1631 654/1757/874 652/1755/872
f 1522/1758/1633 1519/1753/1630 1516/1749/1625
f 1513/1746/1622 1522/1758/1633 1516/1749/1625
f 654/1757/874 1520/1754/1631 1523/1759/1634
f 1523/1759/1634 656/1760/876 654/1757/874
f 1520/1754/1631 1521/1756/1632 1524/1761/1635
f 1524/1761/1635 1523/1759/1634 1520/1754/1631
f 1521/1756/1632 1519/1753/1630 1525/1762/1636
f 1525/1762/1636 1524/1761/1635 1521/1756/1632
f 656/1760/876 1523/1759/1637 1526/1763/1638
f 1526/1763/1638 721/1764/944 656/1760/876
f 1523/1759/1637 1524/1761/1635 1527/1765/1639
f 1526/1763/1638 1523/1759/1634 1527/1765/1639
f 1524/1761/1635 1525/1762/1636 1528/1766/1640
f 1528/1766/1640 1527/1765/1639 1524/1761/1635
f 721/1764/944 1526/1763/1638 1529/1767/1641
f 1529/1767/1641 718/1768/941 721/1764/944
f 1527/1765/1639 1530/1769/1642 1526/1763/1638
f 1530/1769/1642 1529/1767/1641 1526/1763/1638
f 1527/1765/1639 1528/1766/1640 1531/1770/1643
f 1530/1769/1642 1527/1765/1639 1531/1770/1643
f 718/1768/941 1529/1767/1641 1532/1771/1644
f 1532/1771/1644 717/1772/940 718/1768/941
f 1529/1767/1641 1530/1769/1642 1533/1773/1645
f 717/1772/940 1532/1771/1644 1534/1774/1646
f 1534/1774/1646 714/1775/937 717/1772/940
f 1532/1771/1644 1529/1767/1641 1535/1776/1647
f 1535/1776/1647 1529/1767/1641 1533/1773/1645
f 1534/1774/1646 1532/1771/1648 1536/1777/1649
f 1535/1776/1647 1536/1777/1649 1532/1771/1644
f 714/1775/937 1534/1774/1646 1537/1778/1650
f 1537/1778/1650 711/1779/934 714/1775/937
f 1538/1780/1651 1534/1774/1646 1536/1777/1649
f 1534/1774/1646 1538/1780/1651 1537/1778/1650
f 1536/1777/1649 1535/1776/1647 1539/1781/1652
f 711/1779/934 1537/1778/1650 1540/1782/1653
f 1541/1783/1654 1536/1777/1649 1539/1781/1652
f 1536/1777/1649 1541/1783/1654 1538/1780/1651
f 1542/1784/1655 1539/1781/1652 1535/1776/1647
f 1533/1773/1645 1542/1784/1655 1535/1776/1647
f 1543/1785/1656 1541/1783/1654 1539/1781/1652
f 1539/1781/1652 1542/1784/1655 1543/1785/1656
f 1542/1784/1655 1533/1773/1645 1544/1786/1657
f 1545/1787/1658 1543/1785/1656 1542/1784/1655
f 1542/1784/1655 1544/1786/1657 1545/1787/1658
f 1533/1773/1645 1546/1788/1659 1544/1786/1657
f 1545/1787/1658 1544/1786/1657 1546/1788/1660
f 1546/1788/1659 1533/1773/1645 1530/1769/1642
f 1530/1769/1642 1531/1770/1643 1546/1788/1659
f 1547/1789/1661 1546/1788/1659 1531/1770/1643
f 1547/1789/1661 1545/1787/1658 1546/1788/1659
f 1528/1766/1640 1547/1789/1661 1531/1770/1643
f 1547/1789/1661 1548/1790/1662 1545/1787/1658
f 1543/1785/1656 1545/1787/1658 1548/1790/1662
f 1549/1791/1663 1547/1789/1661 1528/1766/1640
f 1549/1791/1663 1548/1790/1662 1547/1789/1661
f 1525/1762/1636 1549/1791/1663 1528/1766/1640
f 1548/1790/1662 1550/1792/1664 1543/1785/1656
f 1543/1785/1656 1550/1792/1664 1541/1783/1654
f 1549/1791/1663 1551/1793/1665 1548/1790/1662
f 1551/1793/1665 1550/1792/1664 1548/1790/1662
f 1525/1762/1636 1552/1794/1666 1549/1791/1663
f 1551/1793/1665 1549/1791/1663 1552/1794/1666
f 1552/1794/1666 1525/1762/1636 1519/1753/1630
f 1519/1753/1630 1522/1758/1633 1552/1794/1666
f 1552/1794/1666 1553/1795/1667 1551/1793/1665
f 1553/1795/1667 1552/1794/1666 1522/1758/1633
f 1550/1792/1664 1551/1793/1665 1554/1796/1668
f 1553/1795/1667 1554/1796/1668 1551/1793/1665
f 1550/1792/1664 1555/1797/1669 1541/1783/1654
f 1554/1796/1668 1555/1797/1669 1550/1792/1664
f 1555/1797/1669 1538/1780/1651 1541/1783/1654
f 1556/1798/1670 1553/1795/1667 1522/1758/1633
f 1522/1758/1633 1513/1746/1622 1556/1798/1670
f 1538/1780/1651 1555/1797/1669 1557/1799/1671
f 1557/1799/1671 1537/1778/1650 1538/1780/1651
f 1537/1778/1650 1557/1799/1671 1540/1782/1653
f 1558/1800/1672 1557/1799/1671 1555/1797/1669
f 1555/1797/1669 1554/1796/1668 1558/1800/1672
f 1559/1801/1673 1540/1782/1653 1557/1799/1671
f 1557/1799/1671 1558/1800/1672 1559/1801/1673
f 1560/1802/1674 1558/1800/1672 1554/1796/1668
f 1554/1796/1668 1553/1795/1667 1560/1802/1674
f 1561/1803/1675 1559/1801/1673 1558/1800/1672
f 1558/1800/1672 1560/1802/1674 1561/1803/1676
f 1540/1782/1653 1559/1801/1673 1562/1804/1677
f 1540/1782/1653 1562/1804/1677 711/1779/934
f 709/1805/932 711/1779/934 1562/1804/1677
f 1563/1806/1678 1562/1804/1677 1559/1801/1673
f 1559/1801/1673 1561/1803/1676 1563/1806/1678
f 1562/1804/1677 1564/1807/1679 709/1805/932
f 1562/1804/1677 1563/1806/1678 1564/1807/1679
f 705/1808/928 709/1805/932 1564/1807/1679
f 1565/1809/1680 1563/1806/1678 1561/1803/1676
f 1564/1807/1679 1566/1810/1681 705/1808/928
f 702/1811/925 705/1808/928 1566/1810/1681
f 1567/1812/1682 1564/1807/1679 1563/1806/1678
f 1564/1807/1683 1567/1812/1682 1566/1810/1681
f 1563/1806/1678 1565/1809/1680 1567/1812/1682
f 1566/1810/1681 1568/1813/1684 702/1811/925
f 700/1814/923 702/1811/925 1568/1813/1684
f 1569/1815/1685 1566/1810/1681 1567/1812/1682
f 1566/1810/1681 1569/1815/1685 1568/1813/1684
f 1568/1813/1684 1570/1816/1686 700/1814/923
f 690/1817/911 700/1814/923 1570/1816/1687
f 1571/1818/1688 1568/1813/1684 1569/1815/1685
f 1568/1813/1684 1571/1818/1688 1570/1816/1686
f 1567/1812/1682 1572/1819/1689 1569/1815/1685
f 1572/1819/1689 1567/1812/1682 1565/1809/1680
f 1569/1815/1685 1573/1820/1690 1571/1818/1688
f 1573/1820/1690 1569/1815/1685 1572/1819/1689
f 1574/1821/1691 690/1817/911 1570/1816/1686
f 686/1822/907 690/1817/911 1574/1821/1691
f 1575/1823/1692 1570/1816/1687 1571/1818/1688
f 1570/1816/1686 1575/1823/1692 1574/1821/1691
f 1576/1824/1693 686/1822/907 1574/1821/1691
f 1575/1823/1692 1576/1824/1693 1574/1821/1691
f 683/1825/904 686/1822/907 1576/1824/1693
f 1571/1818/1688 1577/1826/1694 1575/1823/1692
f 1577/1826/1694 1571/1818/1688 1573/1820/1690
f 1575/1823/1692 1578/1827/1695 1576/1824/1693
f 1577/1826/1694 1578/1827/1695 1575/1823/1692
f 1579/1828/1696 683/1825/904 1576/1824/1693
f 1578/1827/1695 1579/1828/1696 1576/1824/1693
f 591/1829/808 683/1825/904 1579/1828/1696
f 1577/1826/1694 1580/1830/1697 1578/1827/1695
f 1581/1831/1698 591/1829/808 1579/1828/1696
f 588/1832/805 591/1829/808 1581/1831/1698
f 589/1833/806 588/1832/805 1581/1831/1698
f 1581/1831/1698 1582/1834/1699 589/1833/806
f 1578/1827/1695 1583/1835/1700 1579/1828/1696
f 1581/1831/1698 1579/1828/1696 1583/1835/1700
f 1580/1830/1697 1583/1835/1700 1578/1827/1695
f 1582/1834/1699 1581/1831/1698 1584/1836/1701
f 1583/1835/1700 1584/1836/1701 1581/1831/1698
f 1584/1836/1701 1585/1837/1702 1582/1834/1699
f 1586/1838/1703 1584/1836/1701 1583/1835/1700
f 1580/1830/1697 1586/1838/1703 1583/1835/1700
f 1585/1837/1702 1584/1836/1701 1587/1839/1704
f 1586/1838/1703 1587/1839/1704 1584/1836/1701
f 1587/1839/1704 1588/1840/1705 1585/1837/1702
f 1589/1841/1706 1586/1838/1703 1580/1830/1697
f 1590/1842/1707 1588/1840/1705 1587/1839/1704
f 1588/1840/1705 1590/1842/1707 1591/1843/1708
f 1592/1844/1709 1587/1839/1704 1586/1838/1703
f 1592/1844/1709 1590/1842/1707 1587/1839/1704
f 1586/1838/1703 1589/1841/1706 1592/1844/1709
f 1593/1845/1710 1591/1843/1708 1590/1842/1707
f 1593/1845/1710 1594/1846/1711 1591/1843/1708
f 1595/1847/1712 1590/1842/1707 1592/1844/1709
f 1593/1845/1710 1590/1842/1707 1595/1847/1712
f 1596/1848/1713 1594/1846/1714 1593/1845/1710
f 1595/1847/1712 1596/1848/1713 1593/1845/1710
f 1596/1848/1713 1597/1849/1715 1594/1846/1714
f 1597/1849/1715 1596/1848/1713 1598/1850/1716
f 1592/1844/1709 1599/1851/1717 1595/1847/1712
f 1599/1851/1717 1592/1844/1709 1589/1841/1706
f 1596/1848/1713 1595/1847/1712 1600/1852/1718
f 1599/1851/1717 1600/1852/1718 1595/1847/1712
f 1601/1853/1719 1598/1850/1716 1596/1848/1713
f 1596/1848/1713 1600/1852/1718 1601/1853/1719
f 1601/1853/1719 1500/1727/1608 1598/1850/1716
f 1500/1727/1608 1601/1853/1719 1499/1726/1607
f 1602/1854/1720 1499/1726/1607 1601/1853/1719
f 1602/1854/1720 1601/1853/1719 1600/1852/1718
f 1499/1726/1607 1602/1854/1720 1501/1728/1609
f 1603/1855/1721 1602/1854/1720 1600/1852/1718
f 1600/1852/1718 1599/1851/1717 1603/1855/1721
f 1602/1854/1720 1604/1856/1722 1501/1728/1609
f 1602/1854/1720 1603/1855/1721 1604/1856/1722
f 1503/1731/1611 1501/1728/1609 1604/1856/1722
f 1604/1856/1722 1605/1857/1723 1503/1731/1611
f 1505/1734/1616 1503/1731/1611 1605/1857/1723
f 1604/1856/1722 1606/1858/1724 1605/1857/1723
f 1606/1858/1724 1604/1856/1722 1603/1855/1721
f 1607/1859/1725 1505/1734/1616 1605/1857/1723
f 1606/1858/1724 1607/1859/1725 1605/1857/1723
f 1505/1734/1613 1607/1859/1725 1507/1737/1615
f 1608/1860/1726 1507/1737/1615 1607/1859/1725
f 1507/1737/1615 1608/1860/1726 1509/1740/1618
f 1509/1740/1618 1608/1860/1726 1513/1746/1622
f 1607/1859/1725 1606/1858/1724 1609/1861/1727
f 1609/1861/1727 1608/1860/1726 1607/1859/1725
f 1513/1746/1622 1608/1860/1726 1610/1862/1728
f 1608/1860/1726 1609/1861/1727 1610/1862/1728
f 1513/1746/1622 1610/1862/1729 1556/1798/1670
f 1609/1861/1727 1606/1858/1724 1611/1863/1730
f 1603/1855/1721 1611/1863/1730 1606/1858/1724
f 1610/1862/1728 1612/1864/1731 1556/1798/1670
f 1553/1795/1667 1556/1798/1670 1612/1864/1731
f 1553/1795/1667 1612/1864/1731 1560/1802/1674
f 1612/1864/1731 1610/1862/1728 1613/1865/1732
f 1612/1864/1731 1614/1866/1733 1560/1802/1674
f 1614/1866/1733 1612/1864/1731 1613/1865/1732
f 1560/1802/1674 1614/1866/1733 1561/1803/1676
f 1614/1866/1733 1565/1809/1680 1561/1803/1676
f 1614/1866/1733 1615/1867/1734 1565/1809/1680
f 1613/1865/1732 1615/1867/1734 1614/1866/1733
f 1615/1867/1734 1572/1819/1689 1565/1809/1680
f 1610/1862/1728 1616/1868/1735 1613/1865/1732
f 1616/1868/1735 1615/1867/1734 1613/1865/1732
f 1616/1868/1735 1610/1862/1728 1609/1861/1727
f 1617/1869/1736 1572/1819/1689 1615/1867/1734
f 1615/1867/1734 1616/1868/1735 1617/1869/1736
f 1572/1819/1689 1617/1869/1736 1573/1820/1690
f 1618/1870/1737 1616/1868/1735 1609/1861/1727
f 1609/1861/1738 1611/1863/1730 1618/1870/1737
f 1619/1871/1739 1573/1820/1690 1617/1869/1736
f 1573/1820/1690 1619/1871/1739 1577/1826/1694
f 1619/1871/1739 1580/1830/1697 1577/1826/1694
f 1580/1830/1697 1619/1871/1739 1589/1841/1706
f 1616/1868/1735 1620/1872/1740 1617/1869/1736
f 1620/1872/1740 1619/1871/1739 1617/1869/1736
f 1619/1871/1739 1621/1873/1741 1589/1841/1706
f 1599/1851/1717 1589/1841/1706 1621/1873/1741
f 1622/1874/1742 1619/1871/1739 1620/1872/1740
f 1621/1873/1741 1619/1871/1739 1622/1874/1742
f 1620/1872/1740 1616/1868/1735 1623/1875/1743
f 1618/1870/1737 1623/1875/1743 1616/1868/1735
f 1623/1875/1743 1624/1876/1744 1620/1872/1740
f 1623/1875/1743 1618/1870/1737 1625/1877/1745
f 1624/1876/1744 1623/1875/1743 1626/1878/1746
f 1623/1875/1743 1625/1877/1745 1626/1878/1746
f 1620/1872/1740 1624/1876/1744 1627/1879/1747
f 1625/1877/1745 1618/1870/1737 1628/1880/1748
f 1618/1870/1737 1611/1863/1730 1628/1880/1748
f 1629/1881/1749 1620/1872/1740 1627/1879/1747
f 1622/1874/1742 1620/1872/1740 1629/1881/1749
f 1624/1876/1744 1630/1882/1750 1627/1879/1747
f 1630/1882/1750 1629/1881/1749 1627/1879/1751
f 1624/1876/1744 1626/1878/1746 1630/1882/1750
f 1626/1878/1746 1625/1877/1745 1630/1882/1750
f 1625/1877/1745 1628/1880/1748 1630/1882/1750
f 1631/1883/1752 1622/1874/1742 1629/1881/1749
f 1631/1883/1752 1629/1881/1749 1630/1882/1750
f 1622/1874/1742 1631/1883/1752 1632/1884/1753
f 1631/1883/1752 1630/1882/1754 1632/1884/1753
f 1633/1885/1755 1622/1874/1742 1632/1884/1753
f 1630/1882/1754 1633/1885/1755 1632/1884/1753
f 1621/1873/1741 1622/1874/1742 1633/1885/1755
f 1621/1873/1741 1633/1885/1755 1634/1886/1756
f 1634/1886/1756 1633/1885/1755 1630/1882/1750
f 1635/1887/1757 1621/1873/1741 1634/1886/1756
f 1635/1887/1757 1634/1886/1756 1630/1882/1750
f 1621/1873/1741 1635/1887/1757 1636/1888/1758
f 1599/1851/1717 1621/1873/1741 1636/1888/1758
f 1636/1888/1758 1635/1887/1757 1637/1889/1759
f 1635/1887/1757 1630/1882/1750 1637/1889/1759
f 1638/1890/1760 1599/1851/1717 1636/1888/1758
f 1599/1851/1717 1638/1890/1760 1603/1855/1721
f 1611/1863/1730 1603/1855/1721 1638/1890/1760
f 1639/1891/1761 1636/1888/1758 1637/1889/1759
f 1638/1890/1760 1636/1888/1758 1639/1891/1761
f 1630/1882/1750 1639/1891/1761 1637/1889/1762
f 1638/1890/1760 1639/1891/1761 1640/1892/1763
f 1640/1892/1763 1639/1891/1761 1630/1882/1750
f 1641/1893/1764 1638/1890/1760 1640/1892/1763
f 1641/1893/1764 1640/1892/1763 1630/1882/1750
f 1638/1890/1760 1641/1893/1764 1611/1863/1730
f 1641/1893/1764 1630/1882/1750 1642/1894/1765
f 1611/1863/1730 1641/1893/1764 1642/1894/1766
f 1630/1882/1750 1628/1880/1748 1642/1894/1766
f 1628/1880/1748 1611/1863/1730 1642/1894/1766
